1 3.4500 0.0000 0.0000
2 3.5057 0.0000 0.0791
3 3.5322 0.0000 0.1635
4 3.5162 0.0000 0.2440
5 3.4594 0.0000 0.3117
6 3.3777 0.0000 0.3635
7 3.2941 0.0000 0.4046
8 3.2289 0.0000 0.4467
9 3.1916 0.0000 0.5025
10 3.1777 0.0000 0.5788
11 3.1718 0.0000 0.6718
12 3.1551 0.0000 0.7671
13 3.1143 0.0000 0.8455
14 3.0461 0.0000 0.8911
15 2.9580 0.0000 0.8988
16 2.8635 0.0000 0.8777
17 2.7754 0.0000 0.8476
18 2.6996 0.0000 0.8313
19 2.6337 0.0000 0.8444
20 2.5699 0.0000 0.8885
21 2.5000 0.0000 0.9500
22 2.4209 0.0000 1.0057
23 2.3365 0.0000 1.0322
24 2.2560 0.0000 1.0162
25 2.1883 0.0000 0.9594
26 2.1365 0.0000 0.8777
27 2.0954 0.0000 0.7941
28 2.0533 0.0000 0.7289
29 1.9975 0.0000 0.6916
30 1.9212 0.0000 0.6777
31 1.8282 0.0000 0.6718
32 1.7329 0.0000 0.6551
33 1.6545 0.0000 0.6143
34 1.6089 0.0000 0.5461
35 1.6012 0.0000 0.4580
36 1.6223 0.0000 0.3635
37 1.6524 0.0000 0.2754
38 1.6687 0.0000 0.1996
39 1.6556 0.0000 0.1337
40 1.6115 0.0000 0.0699
41 1.5500 0.0000 0.0000
42 1.4943 0.0000 -0.0791
43 1.4678 0.0000 -0.1635
44 1.4838 0.0000 -0.2440
45 1.5406 0.0000 -0.3117
46 1.6223 0.0000 -0.3635
47 1.7059 0.0000 -0.4046
48 1.7711 0.0000 -0.4467
49 1.8084 0.0000 -0.5025
50 1.8223 0.0000 -0.5788
51 1.8282 0.0000 -0.6718
52 1.8449 0.0000 -0.7671
53 1.8857 0.0000 -0.8455
54 1.9539 0.0000 -0.8911
55 2.0420 0.0000 -0.8988
56 2.1365 0.0000 -0.8777
57 2.2246 0.0000 -0.8476
58 2.3004 0.0000 -0.8313
59 2.3663 0.0000 -0.8444
60 2.4301 0.0000 -0.8885
61 2.5000 0.0000 -0.9500
62 2.5791 0.0000 -1.0057
63 2.6635 0.0000 -1.0322
64 2.7440 0.0000 -1.0162
65 2.8117 0.0000 -0.9594
66 2.8635 0.0000 -0.8777
67 2.9046 0.0000 -0.7941
68 2.9467 0.0000 -0.7289
69 3.0025 0.0000 -0.6916
70 3.0788 0.0000 -0.6777
71 3.1718 0.0000 -0.6718
72 3.2671 0.0000 -0.6551
73 3.3455 0.0000 -0.6143
74 3.3911 0.0000 -0.5461
75 3.3988 0.0000 -0.4580
76 3.3777 0.0000 -0.3635
77 3.3476 0.0000 -0.2754
78 3.3313 0.0000 -0.1996
79 3.3444 0.0000 -0.1337
80 3.3885 0.0000 -0.0699
81 3.4491 0.1084 0.0598
82 3.4808 0.1094 0.1398
83 3.4837 0.1095 0.2203
84 3.4816 0.1094 0.3025
85 3.4387 0.1081 0.3723
86 3.3368 0.1049 0.4107
87 3.2351 0.1017 0.4357
88 3.1845 0.1001 0.4822
89 3.1592 0.0993 0.5466
90 3.1267 0.0983 0.6088
91 3.1033 0.0975 0.6861
92 3.0943 0.0972 0.7936
93 3.0599 0.0962 0.8847
94 2.9799 0.0936 0.9092
95 2.8852 0.0907 0.8934
96 2.8010 0.0880 0.8833
97 2.7210 0.0855 0.8658
98 2.6429 0.0831 0.8261
99 2.5759 0.0809 0.8159
100 2.5125 0.0790 0.8748
101 2.4390 0.0766 0.9508
102 2.3590 0.0741 0.9825
103 2.2786 0.0716 0.9854
104 2.1964 0.0690 0.9833
105 2.1266 0.0668 0.9404
106 2.0882 0.0656 0.8384
107 2.0633 0.0648 0.7367
108 2.0168 0.0634 0.6861
109 1.9524 0.0614 0.6608
110 1.8902 0.0594 0.6283
111 1.8130 0.0570 0.6049
112 1.7055 0.0536 0.5959
113 1.6145 0.0507 0.5614
114 1.5900 0.0500 0.4814
115 1.6059 0.0505 0.3866
116 1.6159 0.0508 0.3024
117 1.6334 0.0513 0.2223
118 1.6731 0.0526 0.1442
119 1.6833 0.0529 0.0771
120 1.6244 0.0510 0.0137
121 1.5484 0.0487 -0.0598
122 1.5167 0.0477 -0.1398
123 1.5138 0.0476 -0.2203
124 1.5160 0.0476 -0.3025
125 1.5588 0.0490 -0.3723
126 1.6607 0.0522 -0.4107
127 1.7625 0.0554 -0.4357
128 1.8130 0.0570 -0.4822
129 1.8383 0.0578 -0.5466
130 1.8708 0.0588 -0.6088
131 1.8942 0.0595 -0.6861
132 1.9032 0.0598 -0.7936
133 1.9376 0.0609 -0.8847
134 2.0176 0.0634 -0.9092
135 2.1124 0.0664 -0.8934
136 2.1965 0.0690 -0.8833
137 2.2766 0.0715 -0.8658
138 2.3547 0.0740 -0.8261
139 2.4217 0.0761 -0.8159
140 2.4850 0.0781 -0.8748
141 2.5586 0.0804 -0.9508
142 2.6385 0.0829 -0.9825
143 2.7189 0.0854 -0.9854
144 2.8011 0.0880 -0.9833
145 2.8709 0.0902 -0.9404
146 2.9093 0.0914 -0.8384
147 2.9342 0.0922 -0.7367
148 2.9807 0.0937 -0.6861
149 3.0451 0.0957 -0.6608
150 3.1073 0.0977 -0.6283
151 3.1845 0.1001 -0.6049
152 3.2920 0.1035 -0.5959
153 3.3830 0.1063 -0.5614
154 3.4075 0.1071 -0.4814
155 3.3917 0.1066 -0.3866
156 3.3816 0.1063 -0.3024
157 3.3641 0.1057 -0.2223
158 3.3244 0.1045 -0.1442
159 3.3143 0.1042 -0.0771
160 3.3731 0.1060 -0.0137
161 3.3861 0.2130 0.1128
162 3.4205 0.2152 0.1920
163 3.4262 0.2156 0.2710
164 3.4130 0.2147 0.3476
165 3.3608 0.2114 0.4082
166 3.2650 0.2054 0.4401
167 3.1700 0.1994 0.4596
168 3.1128 0.1958 0.4959
169 3.0806 0.1938 0.5509
170 3.0522 0.1920 0.6134
171 3.0312 0.1907 0.6925
172 3.0139 0.1896 0.7915
173 2.9735 0.1871 0.8720
174 2.8989 0.1824 0.8962
175 2.8112 0.1769 0.8799
176 2.7290 0.1717 0.8567
177 2.6524 0.1669 0.8262
178 2.5819 0.1624 0.7883
179 2.5196 0.1585 0.7809
180 2.4561 0.1545 0.8285
181 2.3825 0.1499 0.8928
182 2.3034 0.1449 0.9273
183 2.2246 0.1400 0.9329
184 2.1482 0.1352 0.9198
185 2.0877 0.1313 0.8675
186 2.0559 0.1293 0.7715
187 2.0364 0.1281 0.6762
188 2.0002 0.1258 0.6189
189 1.9452 0.1224 0.5867
190 1.8828 0.1185 0.5582
191 1.8039 0.1135 0.5372
192 1.7052 0.1073 0.5199
193 1.6248 0.1022 0.4794
194 1.6007 0.1007 0.4046
195 1.6169 0.1017 0.3168
196 1.6401 0.1032 0.2344
197 1.6705 0.1051 0.1576
198 1.7083 0.1075 0.0870
199 1.7157 0.1079 0.0245
200 1.6682 0.1050 -0.0391
201 1.6040 0.1009 -0.1128
202 1.5696 0.0988 -0.1920
203 1.5640 0.0984 -0.2710
204 1.5771 0.0992 -0.3476
205 1.6293 0.1025 -0.4082
206 1.7251 0.1085 -0.4401
207 1.8202 0.1145 -0.4596
208 1.8774 0.1181 -0.4959
209 1.9095 0.1201 -0.5509
210 1.9380 0.1219 -0.6134
211 1.9590 0.1232 -0.6925
212 1.9762 0.1243 -0.7915
213 2.0167 0.1269 -0.8720
214 2.0912 0.1316 -0.8962
215 2.1789 0.1371 -0.8799
216 2.2612 0.1423 -0.8567
217 2.3378 0.1471 -0.8262
218 2.4082 0.1515 -0.7883
219 2.4706 0.1554 -0.7809
220 2.5341 0.1594 -0.8285
221 2.6076 0.1641 -0.8928
222 2.6867 0.1690 -0.9273
223 2.7656 0.1740 -0.9329
224 2.8419 0.1788 -0.9198
225 2.9025 0.1826 -0.8675
226 2.9342 0.1846 -0.7715
227 2.9537 0.1858 -0.6762
228 2.9899 0.1881 -0.6189
229 3.0449 0.1916 -0.5867
230 3.1073 0.1955 -0.5582
231 3.1862 0.2005 -0.5372
232 3.2850 0.2067 -0.5199
233 3.3653 0.2117 -0.4794
234 3.3895 0.2132 -0.4046
235 3.3732 0.2122 -0.3168
236 3.3501 0.2108 -0.2344
237 3.3197 0.2089 -0.1576
238 3.2818 0.2065 -0.0870
239 3.2744 0.2060 -0.0245
240 3.3219 0.2090 0.0391
241 3.2827 0.3103 0.1521
242 3.3361 0.3154 0.2328
243 3.3603 0.3176 0.3151
244 3.3224 0.3141 0.3780
245 3.2483 0.3071 0.4194
246 3.1741 0.3000 0.4521
247 3.0997 0.2930 0.4759
248 3.0252 0.2860 0.4902
249 2.9773 0.2814 0.5224
250 2.9649 0.2803 0.5968
251 2.9563 0.2795 0.6908
252 2.9241 0.2764 0.7663
253 2.8733 0.2716 0.8205
254 2.8122 0.2658 0.8593
255 2.7372 0.2587 0.8585
256 2.6552 0.2510 0.8064
257 2.5829 0.2442 0.7470
258 2.5231 0.2385 0.7276
259 2.4658 0.2331 0.7398
260 2.4054 0.2274 0.7601
261 2.3375 0.2210 0.7973
262 2.2571 0.2134 0.8510
263 2.1752 0.2056 0.8753
264 2.1126 0.1997 0.8372
265 2.0714 0.1958 0.7628
266 2.0388 0.1927 0.6883
267 2.0151 0.1905 0.6135
268 2.0009 0.1891 0.5387
269 1.9688 0.1861 0.4905
270 1.8948 0.1791 0.4781
271 1.8012 0.1703 0.4695
272 1.7260 0.1632 0.4371
273 1.6720 0.1581 0.3861
274 1.6334 0.1544 0.3247
275 1.6342 0.1545 0.2494
276 1.6861 0.1594 0.1670
277 1.7452 0.1650 0.0944
278 1.7646 0.1668 0.0343
279 1.7524 0.1657 -0.0232
280 1.7322 0.1637 -0.0839
281 1.6951 0.1602 -0.1521
282 1.6417 0.1552 -0.2328
283 1.6175 0.1529 -0.3151
284 1.6554 0.1565 -0.3780
285 1.7295 0.1635 -0.4194
286 1.8037 0.1705 -0.4521
287 1.8781 0.1775 -0.4759
288 1.9526 0.1846 -0.4902
289 2.0005 0.1891 -0.5224
290 2.0129 0.1903 -0.5968
291 2.0215 0.1911 -0.6908
292 2.0537 0.1941 -0.7663
293 2.1045 0.1989 -0.8205
294 2.1657 0.2047 -0.8593
295 2.2406 0.2118 -0.8585
296 2.3227 0.2196 -0.8064
297 2.3950 0.2264 -0.7470
298 2.4547 0.2320 -0.7276
299 2.5120 0.2375 -0.7398
300 2.5724 0.2432 -0.7601
301 2.6403 0.2496 -0.7973
302 2.7207 0.2572 -0.8510
303 2.8026 0.2649 -0.8753
304 2.8652 0.2708 -0.8372
305 2.9064 0.2747 -0.7628
306 2.9390 0.2778 -0.6883
307 2.9627 0.2801 -0.6135
308 2.9769 0.2814 -0.5387
309 3.0090 0.2844 -0.4905
310 3.0830 0.2914 -0.4781
311 3.1766 0.3003 -0.4695
312 3.2518 0.3074 -0.4371
313 3.3058 0.3125 -0.3861
314 3.3444 0.3161 -0.3247
315 3.3436 0.3161 -0.2494
316 3.2917 0.3112 -0.1670
317 3.2326 0.3056 -0.0944
318 3.2132 0.3037 -0.0343
319 3.2254 0.3049 0.0232
320 3.2456 0.3068 0.0839
321 3.1862 0.4025 0.1827
322 3.2429 0.4097 0.2632
323 3.2704 0.4131 0.3446
324 3.2245 0.4073 0.3972
325 3.1449 0.3973 0.4251
326 3.0782 0.3889 0.4525
327 3.0116 0.3804 0.4721
328 2.9350 0.3708 0.4729
329 2.8847 0.3644 0.4928
330 2.8767 0.3634 0.5685
331 2.8705 0.3626 0.6651
332 2.8349 0.3581 0.7296
333 2.7833 0.3516 0.7715
334 2.7279 0.3446 0.8112
335 2.6602 0.3361 0.8114
336 2.5856 0.3266 0.7461
337 2.5224 0.3187 0.6745
338 2.4700 0.3120 0.6585
339 2.4170 0.3053 0.6746
340 2.3618 0.2984 0.6845
341 2.2990 0.2904 0.7115
342 2.2192 0.2804 0.7686
343 2.1384 0.2701 0.7964
344 2.0863 0.2636 0.7501
345 2.0585 0.2601 0.6699
346 2.0313 0.2566 0.6027
347 2.0119 0.2542 0.5355
348 2.0111 0.2541 0.4583
349 1.9914 0.2516 0.4076
350 1.9163 0.2421 0.3996
351 1.8205 0.2300 0.3933
352 1.7565 0.2219 0.3574
353 1.7149 0.2166 0.3054
354 1.6755 0.2117 0.2496
355 1.6753 0.2116 0.1814
356 1.7400 0.2198 0.1062
357 1.8111 0.2288 0.0424
358 1.8270 0.2308 -0.0103
359 1.8110 0.2288 -0.0638
360 1.8012 0.2275 -0.1195
361 1.7744 0.2242 -0.1827
362 1.7177 0.2170 -0.2632
363 1.6902 0.2135 -0.3446
364 1.7361 0.2193 -0.3972
365 1.8157 0.2294 -0.4251
366 1.8824 0.2378 -0.4525
367 1.9490 0.2462 -0.4721
368 2.0256 0.2559 -0.4729
369 2.0759 0.2622 -0.4928
370 2.0839 0.2633 -0.5685
371 2.0901 0.2640 -0.6651
372 2.1257 0.2685 -0.7296
373 2.1773 0.2751 -0.7715
374 2.2327 0.2821 -0.8112
375 2.3003 0.2906 -0.8114
376 2.3749 0.3000 -0.7461
377 2.4382 0.3080 -0.6745
378 2.4905 0.3146 -0.6585
379 2.5435 0.3213 -0.6746
380 2.5988 0.3283 -0.6845
381 2.6615 0.3362 -0.7115
382 2.7414 0.3463 -0.7686
383 2.8222 0.3565 -0.7964
384 2.8743 0.3631 -0.7501
385 2.9021 0.3666 -0.6699
386 2.9292 0.3700 -0.6027
387 2.9487 0.3725 -0.5355
388 2.9495 0.3726 -0.4583
389 2.9692 0.3751 -0.4076
390 3.0443 0.3846 -0.3996
391 3.1401 0.3967 -0.3933
392 3.2041 0.4048 -0.3574
393 3.2457 0.4100 -0.3054
394 3.2851 0.4150 -0.2496
395 3.2853 0.4150 -0.1814
396 3.2205 0.4068 -0.1062
397 3.1495 0.3979 -0.0424
398 3.1336 0.3959 0.0103
399 3.1495 0.3979 0.0638
400 3.1594 0.3991 0.1195
401 3.1211 0.4943 0.2144
402 3.1561 0.4999 0.2881
403 3.1636 0.5011 0.3582
404 3.1337 0.4963 0.4123
405 3.0707 0.4863 0.4424
406 2.9904 0.4736 0.4507
407 2.9128 0.4613 0.4491
408 2.8533 0.4519 0.4554
409 2.8169 0.4461 0.4845
410 2.7970 0.4430 0.5416
411 2.7804 0.4404 0.6183
412 2.7537 0.4361 0.6954
413 2.7100 0.4292 0.7504
414 2.6512 0.4199 0.7672
415 2.5855 0.4095 0.7434
416 2.5230 0.3996 0.6918
417 2.4692 0.3911 0.6352
418 2.4228 0.3837 0.5970
419 2.3767 0.3764 0.5915
420 2.3228 0.3679 0.6176
421 2.2574 0.3575 0.6600
422 2.1847 0.3460 0.6954
423 2.1154 0.3350 0.7030
424 2.0620 0.3266 0.6728
425 2.0322 0.3219 0.6090
426 2.0241 0.3206 0.5277
427 2.0256 0.3208 0.4491
428 2.0195 0.3199 0.3889
429 1.9907 0.3153 0.3520
430 1.9343 0.3064 0.3319
431 1.8585 0.2944 0.3150
432 1.7824 0.2823 0.2881
433 1.7280 0.2737 0.2438
434 1.7114 0.2711 0.1842
435 1.7349 0.2748 0.1178
436 1.7859 0.2829 0.0544
437 1.8419 0.2917 0.0000
438 1.8796 0.2977 -0.0470
439 1.8850 0.2986 -0.0937
440 1.8592 0.2945 -0.1483
441 1.8174 0.2878 -0.2144
442 1.7824 0.2823 -0.2881
443 1.7748 0.2811 -0.3582
444 1.8047 0.2858 -0.4123
445 1.8678 0.2958 -0.4424
446 1.9480 0.3085 -0.4507
447 2.0256 0.3208 -0.4491
448 2.0851 0.3302 -0.4554
449 2.1216 0.3360 -0.4845
450 2.1414 0.3392 -0.5416
451 2.1581 0.3418 -0.6183
452 2.1847 0.3460 -0.6954
453 2.2284 0.3529 -0.7504
454 2.2873 0.3623 -0.7672
455 2.3529 0.3727 -0.7434
456 2.4154 0.3826 -0.6918
457 2.4692 0.3911 -0.6352
458 2.5156 0.3984 -0.5970
459 2.5617 0.4057 -0.5915
460 2.6157 0.4143 -0.6176
461 2.6810 0.4246 -0.6600
462 2.7537 0.4361 -0.6954
463 2.8230 0.4471 -0.7030
464 2.8764 0.4556 -0.6728
465 2.9062 0.4603 -0.6090
466 2.9143 0.4616 -0.5277
467 2.9128 0.4613 -0.4491
468 2.9190 0.4623 -0.3889
469 2.9477 0.4669 -0.3520
470 3.0041 0.4758 -0.3319
471 3.0799 0.4878 -0.3150
472 3.1561 0.4999 -0.2881
473 3.2104 0.5085 -0.2438
474 3.2270 0.5111 -0.1842
475 3.2035 0.5074 -0.1178
476 3.1525 0.4993 -0.0544
477 3.0966 0.4904 -0.0000
478 3.0589 0.4845 0.0470
479 3.0534 0.4836 0.0937
480 3.0792 0.4877 0.1483
481 3.0734 0.5863 0.2490
482 3.0874 0.5890 0.3150
483 3.0758 0.5867 0.3733
484 3.0604 0.5838 0.4327
485 3.0121 0.5746 0.4686
486 2.9194 0.5569 0.4575
487 2.8322 0.5403 0.4347
488 2.7873 0.5317 0.4496
489 2.7617 0.5268 0.4908
490 2.7308 0.5209 0.5290
491 2.7047 0.5160 0.5858
492 2.6836 0.5119 0.6775
493 2.6442 0.5044 0.7472
494 2.5828 0.4927 0.7412
495 2.5202 0.4807 0.6940
496 2.4659 0.4704 0.6573
497 2.4176 0.4612 0.6164
498 2.3779 0.4536 0.5566
499 2.3393 0.4462 0.5301
500 2.2828 0.4355 0.5721
501 2.2111 0.4218 0.6289
502 2.1462 0.4094 0.6431
503 2.0890 0.3985 0.6313
504 2.0307 0.3874 0.6156
505 1.9954 0.3806 0.5664
506 2.0064 0.3827 0.4721
507 2.0287 0.3870 0.3833
508 2.0141 0.3842 0.3376
509 1.9736 0.3765 0.3115
510 1.9361 0.3693 0.2801
511 1.8803 0.3587 0.2535
512 1.7902 0.3415 0.2320
513 1.7217 0.3284 0.1919
514 1.7276 0.3296 0.1294
515 1.7740 0.3384 0.0656
516 1.8101 0.3453 0.0103
517 1.8503 0.3530 -0.0388
518 1.9090 0.3642 -0.0792
519 1.9350 0.3691 -0.1185
520 1.8937 0.3613 -0.1760
521 1.8380 0.3506 -0.2490
522 1.8240 0.3479 -0.3150
523 1.8356 0.3502 -0.3733
524 1.8510 0.3531 -0.4327
525 1.8993 0.3623 -0.4686
526 1.9920 0.3800 -0.4575
527 2.0792 0.3966 -0.4347
528 2.1241 0.4052 -0.4496
529 2.1498 0.4101 -0.4908
530 2.1806 0.4160 -0.5290
531 2.2067 0.4210 -0.5858
532 2.2279 0.4250 -0.6775
533 2.2673 0.4325 -0.7472
534 2.3286 0.4442 -0.7412
535 2.3913 0.4562 -0.6940
536 2.4456 0.4665 -0.6573
537 2.4938 0.4757 -0.6164
538 2.5335 0.4833 -0.5566
539 2.5721 0.4907 -0.5301
540 2.6286 0.5014 -0.5721
541 2.7003 0.5151 -0.6289
542 2.7652 0.5275 -0.6431
543 2.8224 0.5384 -0.6313
544 2.8807 0.5495 -0.6156
545 2.9160 0.5563 -0.5664
546 2.9051 0.5542 -0.4721
547 2.8827 0.5499 -0.3833
548 2.8974 0.5527 -0.3376
549 2.9378 0.5604 -0.3115
550 2.9753 0.5676 -0.2801
551 3.0312 0.5782 -0.2535
552 3.1212 0.5954 -0.2320
553 3.1897 0.6085 -0.1919
554 3.1838 0.6073 -0.1294
555 3.1374 0.5985 -0.0656
556 3.1013 0.5916 -0.0103
557 3.0612 0.5839 0.0388
558 3.0025 0.5728 0.0792
559 2.9765 0.5678 0.1185
560 3.0177 0.5757 0.1760
561 3.0258 0.6763 0.2825
562 3.0422 0.6800 0.3521
563 3.0332 0.6780 0.4132
564 3.0087 0.6725 0.4670
565 2.9537 0.6602 0.4945
566 2.8679 0.6411 0.4821
567 2.7875 0.6231 0.4593
568 2.7381 0.6120 0.4653
569 2.7071 0.6051 0.4982
570 2.6780 0.5986 0.5405
571 2.6514 0.5927 0.6022
572 2.6228 0.5863 0.6854
573 2.5785 0.5764 0.7453
574 2.5198 0.5632 0.7424
575 2.4612 0.5501 0.6985
576 2.4098 0.5387 0.6511
577 2.3658 0.5288 0.6001
578 2.3296 0.5207 0.5452
579 2.2914 0.5122 0.5233
580 2.2352 0.4996 0.5548
581 2.1640 0.4837 0.6004
582 2.0962 0.4686 0.6173
583 2.0365 0.4552 0.6081
584 1.9840 0.4435 0.5829
585 1.9572 0.4375 0.5266
586 1.9693 0.4402 0.4387
587 1.9915 0.4452 0.3563
588 1.9857 0.4438 0.3057
589 1.9536 0.4367 0.2739
590 1.9123 0.4274 0.2441
591 1.8520 0.4140 0.2168
592 1.7709 0.3958 0.1875
593 1.7125 0.3828 0.1422
594 1.7152 0.3834 0.0820
595 1.7581 0.3930 0.0220
596 1.8043 0.4033 -0.0307
597 1.8542 0.4145 -0.0758
598 1.9077 0.4264 -0.1129
599 1.9290 0.4312 -0.1520
600 1.8984 0.4243 -0.2096
601 1.8538 0.4144 -0.2825
602 1.8374 0.4107 -0.3521
603 1.8464 0.4127 -0.4132
604 1.8709 0.4182 -0.4670
605 1.9259 0.4305 -0.4945
606 2.0117 0.4497 -0.4821
607 2.0921 0.4676 -0.4593
608 2.1415 0.4787 -0.4653
609 2.1725 0.4856 -0.4982
610 2.2016 0.4921 -0.5405
611 2.2282 0.4981 -0.6022
612 2.2568 0.5045 -0.6854
613 2.3010 0.5143 -0.7453
614 2.3598 0.5275 -0.7424
615 2.4184 0.5406 -0.6985
616 2.4698 0.5521 -0.6511
617 2.5138 0.5619 -0.6001
618 2.5500 0.5700 -0.5452
619 2.5882 0.5785 -0.5233
620 2.6444 0.5911 -0.5548
621 2.7155 0.6070 -0.6004
622 2.7834 0.6222 -0.6173
623 2.8431 0.6355 -0.6081
624 2.8956 0.6472 -0.5829
625 2.9224 0.6532 -0.5266
626 2.9103 0.6505 -0.4387
627 2.8881 0.6456 -0.3563
628 2.8939 0.6469 -0.3057
629 2.9260 0.6540 -0.2739
630 2.9673 0.6633 -0.2441
631 3.0275 0.6767 -0.2168
632 3.1087 0.6949 -0.1875
633 3.1671 0.7079 -0.1422
634 3.1644 0.7073 -0.0820
635 3.1215 0.6977 -0.0220
636 3.0752 0.6874 0.0307
637 3.0254 0.6763 0.0758
638 2.9718 0.6643 0.1129
639 2.9505 0.6595 0.1520
640 2.9812 0.6664 0.2096
641 2.9875 0.7671 0.3213
642 3.0184 0.7750 0.4049
643 3.0226 0.7761 0.4814
644 2.9758 0.7640 0.5207
645 2.9026 0.7453 0.5290
646 2.8324 0.7272 0.5296
647 2.7653 0.7100 0.5224
648 2.7015 0.6936 0.5069
649 2.6573 0.6823 0.5174
650 2.6337 0.6762 0.5799
651 2.6080 0.6696 0.6630
652 2.5663 0.6589 0.7221
653 2.5140 0.6455 0.7560
654 2.4568 0.6308 0.7729
655 2.3987 0.6159 0.7488
656 2.3493 0.6032 0.6745
657 2.3111 0.5934 0.5973
658 2.2723 0.5834 0.5629
659 2.2261 0.5716 0.5601
660 2.1744 0.5583 0.5650
661 2.1103 0.5418 0.5844
662 2.0293 0.5210 0.6163
663 1.9551 0.5020 0.6207
664 1.9171 0.4922 0.5723
665 1.9091 0.4902 0.4968
666 1.9085 0.4900 0.4243
667 1.9155 0.4918 0.3550
668 1.9305 0.4957 0.2891
669 1.9203 0.4931 0.2435
670 1.8598 0.4775 0.2191
671 1.7793 0.4568 0.1926
672 1.7220 0.4421 0.1495
673 1.6892 0.4337 0.0955
674 1.6728 0.4295 0.0364
675 1.6962 0.4355 -0.0235
676 1.7681 0.4540 -0.0745
677 1.8429 0.4732 -0.1139
678 1.8763 0.4817 -0.1540
679 1.8790 0.4824 -0.2016
680 1.8743 0.4812 -0.2551
681 1.8554 0.4764 -0.3213
682 1.8245 0.4684 -0.4049
683 1.8203 0.4674 -0.4814
684 1.8671 0.4794 -0.5207
685 1.9403 0.4982 -0.5290
686 2.0105 0.5162 -0.5296
687 2.0776 0.5334 -0.5224
688 2.1414 0.5498 -0.5069
689 2.1857 0.5612 -0.5174
690 2.2092 0.5672 -0.5799
691 2.2349 0.5738 -0.6630
692 2.2766 0.5845 -0.7221
693 2.3290 0.5980 -0.7560
694 2.3862 0.6127 -0.7729
695 2.4443 0.6276 -0.7488
696 2.4936 0.6402 -0.6745
697 2.5318 0.6501 -0.5973
698 2.5706 0.6600 -0.5629
699 2.6168 0.6719 -0.5601
700 2.6685 0.6852 -0.5650
701 2.7326 0.7016 -0.5844
702 2.8136 0.7224 -0.6163
703 2.8878 0.7415 -0.6207
704 2.9258 0.7512 -0.5723
705 2.9338 0.7533 -0.4968
706 2.9345 0.7534 -0.4243
707 2.9275 0.7516 -0.3550
708 2.9124 0.7478 -0.2891
709 2.9226 0.7504 -0.2435
710 2.9831 0.7659 -0.2191
711 3.0636 0.7866 -0.1926
712 3.1209 0.8013 -0.1495
713 3.1537 0.8097 -0.0955
714 3.1701 0.8139 -0.0364
715 3.1467 0.8079 0.0235
716 3.0748 0.7895 0.0745
717 3.0000 0.7703 0.1139
718 2.9666 0.7617 0.1540
719 2.9640 0.7610 0.2016
720 2.9687 0.7622 0.2551
721 2.9787 0.8654 0.3820
722 3.0079 0.8739 0.4747
723 3.0102 0.8745 0.5595
724 2.9534 0.8580 0.5939
725 2.8731 0.8347 0.5946
726 2.8049 0.8149 0.5988
727 2.7391 0.7958 0.5958
728 2.6698 0.7756 0.5719
729 2.6191 0.7609 0.5744
730 2.5908 0.7527 0.6434
731 2.5580 0.7432 0.7328
732 2.5077 0.7286 0.7828
733 2.4495 0.7116 0.8064
734 2.3883 0.6939 0.8269
735 2.3276 0.6762 0.8061
736 2.2799 0.6624 0.7210
737 2.2445 0.6521 0.6336
738 2.2027 0.6399 0.6025
739 2.1506 0.6248 0.6019
740 2.0983 0.6096 0.5949
741 2.0339 0.5909 0.6019
742 1.9448 0.5650 0.6323
743 1.8635 0.5414 0.6346
744 1.8304 0.5318 0.5755
745 1.8298 0.5316 0.4919
746 1.8257 0.5304 0.4208
747 1.8286 0.5313 0.3523
748 1.8516 0.5379 0.2802
749 1.8491 0.5372 0.2274
750 1.7829 0.5180 0.1979
751 1.6970 0.4930 0.1638
752 1.6490 0.4791 0.1114
753 1.6264 0.4725 0.0507
754 1.6067 0.4668 -0.0130
755 1.6266 0.4726 -0.0762
756 1.7084 0.4963 -0.1258
757 1.7923 0.5207 -0.1627
758 1.8222 0.5294 -0.2063
759 1.8228 0.5296 -0.2605
760 1.8295 0.5315 -0.3150
761 1.8227 0.5296 -0.3820
762 1.7935 0.5211 -0.4747
763 1.7913 0.5204 -0.5595
764 1.8481 0.5369 -0.5939
765 1.9284 0.5602 -0.5946
766 1.9966 0.5801 -0.5988
767 2.0624 0.5992 -0.5958
768 2.1317 0.6193 -0.5719
769 2.1823 0.6340 -0.5744
770 2.2107 0.6423 -0.6434
771 2.2434 0.6518 -0.7328
772 2.2938 0.6664 -0.7828
773 2.3520 0.6833 -0.8064
774 2.4132 0.7011 -0.8269
775 2.4739 0.7187 -0.8061
776 2.5216 0.7326 -0.7210
777 2.5569 0.7429 -0.6336
778 2.5988 0.7550 -0.6025
779 2.6508 0.7701 -0.6019
780 2.7032 0.7854 -0.5949
781 2.7675 0.8040 -0.6019
782 2.8566 0.8299 -0.6323
783 2.9380 0.8536 -0.6346
784 2.9710 0.8632 -0.5755
785 2.9717 0.8634 -0.4919
786 2.9758 0.8645 -0.4208
787 2.9728 0.8637 -0.3523
788 2.9499 0.8570 -0.2802
789 2.9523 0.8577 -0.2274
790 3.0186 0.8770 -0.1979
791 3.1045 0.9019 -0.1638
792 3.1524 0.9159 -0.1114
793 3.1751 0.9225 -0.0507
794 3.1948 0.9282 0.0130
795 3.1748 0.9224 0.0762
796 3.0931 0.8986 0.1258
797 3.0091 0.8742 0.1627
798 2.9793 0.8656 0.2063
799 2.9787 0.8654 0.2605
800 2.9720 0.8634 0.3150
801 2.9932 0.9725 0.4702
802 2.9987 0.9743 0.5577
803 2.9796 0.9681 0.6329
804 2.9305 0.9522 0.6806
805 2.8577 0.9285 0.6948
806 2.7752 0.9017 0.6821
807 2.6977 0.8765 0.6604
808 2.6342 0.8559 0.6512
809 2.5848 0.8399 0.6704
810 2.5422 0.8260 0.7207
811 2.4967 0.8112 0.7902
812 2.4417 0.7934 0.8561
813 2.3776 0.7725 0.8951
814 2.3108 0.7508 0.8923
815 2.2499 0.7310 0.8482
816 2.2000 0.7148 0.7779
817 2.1598 0.7018 0.7049
818 2.1211 0.6892 0.6512
819 2.0733 0.6737 0.6281
820 2.0093 0.6529 0.6320
821 1.9304 0.6272 0.6472
822 1.8472 0.6002 0.6530
823 1.7757 0.5770 0.6329
824 1.7303 0.5622 0.5813
825 1.7169 0.5578 0.5048
826 1.7289 0.5618 0.4180
827 1.7495 0.5685 0.3365
828 1.7583 0.5713 0.2698
829 1.7401 0.5654 0.2178
830 1.6922 0.5498 0.1730
831 1.6262 0.5284 0.1251
832 1.5634 0.5080 0.0674
833 1.5263 0.4959 0.0000
834 1.5290 0.4968 -0.0702
835 1.5709 0.5104 -0.1343
836 1.6378 0.5322 -0.1868
837 1.7072 0.5547 -0.2291
838 1.7583 0.5713 -0.2698
839 1.7803 0.5785 -0.3200
840 1.7766 0.5772 -0.3873
841 1.7621 0.5725 -0.4702
842 1.7566 0.5707 -0.5577
843 1.7757 0.5770 -0.6329
844 1.8248 0.5929 -0.6806
845 1.8976 0.6166 -0.6948
846 1.9801 0.6434 -0.6821
847 2.0576 0.6686 -0.6604
848 2.1211 0.6892 -0.6512
849 2.1705 0.7052 -0.6704
850 2.2131 0.7191 -0.7207
851 2.2586 0.7339 -0.7902
852 2.3136 0.7517 -0.8561
853 2.3776 0.7725 -0.8951
854 2.4444 0.7942 -0.8923
855 2.5054 0.8141 -0.8482
856 2.5553 0.8303 -0.7779
857 2.5955 0.8433 -0.7049
858 2.6342 0.8559 -0.6512
859 2.6820 0.8714 -0.6281
860 2.7460 0.8922 -0.6320
861 2.8249 0.9179 -0.6472
862 2.9081 0.9449 -0.6530
863 2.9796 0.9681 -0.6329
864 3.0250 0.9829 -0.5813
865 3.0384 0.9872 -0.5048
866 3.0264 0.9833 -0.4180
867 3.0058 0.9766 -0.3365
868 2.9970 0.9738 -0.2698
869 3.0152 0.9797 -0.2178
870 3.0631 0.9953 -0.1730
871 3.1291 1.0167 -0.1251
872 3.1919 1.0371 -0.0674
873 3.2289 1.0491 -0.0000
874 3.2263 1.0483 0.0702
875 3.1843 1.0347 0.1343
876 3.1175 1.0129 0.1868
877 3.0481 0.9904 0.2291
878 2.9970 0.9738 0.2698
879 2.9750 0.9666 0.3200
880 2.9787 0.9678 0.3873
881 2.9953 1.0784 0.5655
882 2.9785 1.0723 0.6450
883 2.9397 1.0584 0.7082
884 2.8963 1.0427 0.7703
885 2.8291 1.0185 0.7986
886 2.7344 0.9844 0.7672
887 2.6475 0.9532 0.7253
888 2.5878 0.9317 0.7313
889 2.5375 0.9136 0.7671
890 2.4831 0.8940 0.7973
891 2.4274 0.8739 0.8453
892 2.3659 0.8518 0.9268
893 2.2942 0.8260 0.9803
894 2.2245 0.8009 0.9536
895 2.1659 0.7798 0.8860
896 2.1120 0.7604 0.8297
897 2.0653 0.7436 0.7702
898 2.0322 0.7317 0.6942
899 1.9911 0.7168 0.6490
900 1.9144 0.6892 0.6621
901 1.8202 0.6553 0.6835
902 1.7453 0.6284 0.6656
903 1.6858 0.6069 0.6244
904 1.6275 0.5859 0.5783
905 1.6008 0.5763 0.5068
906 1.6304 0.5870 0.4062
907 1.6698 0.6012 0.3139
908 1.6641 0.5991 0.2504
909 1.6304 0.5870 0.1970
910 1.6021 0.5768 0.1391
911 1.5569 0.5605 0.0799
912 1.4802 0.5329 0.0146
913 1.4299 0.5148 -0.0617
914 1.4550 0.5238 -0.1357
915 1.5186 0.5467 -0.1980
916 1.5715 0.5658 -0.2553
917 1.6276 0.5860 -0.3049
918 1.6991 0.6117 -0.3401
919 1.7416 0.6270 -0.3838
920 1.7292 0.6226 -0.4654
921 1.7091 0.6153 -0.5655
922 1.7259 0.6214 -0.6450
923 1.7647 0.6353 -0.7082
924 1.8081 0.6509 -0.7703
925 1.8753 0.6752 -0.7986
926 1.9700 0.7092 -0.7672
927 2.0569 0.7405 -0.7253
928 2.1166 0.7620 -0.7313
929 2.1669 0.7801 -0.7671
930 2.2213 0.7997 -0.7973
931 2.2770 0.8198 -0.8453
932 2.3385 0.8419 -0.9268
933 2.4102 0.8677 -0.9803
934 2.4799 0.8928 -0.9536
935 2.5385 0.9139 -0.8860
936 2.5924 0.9333 -0.8297
937 2.6391 0.9501 -0.7702
938 2.6722 0.9620 -0.6942
939 2.7133 0.9769 -0.6490
940 2.7901 1.0045 -0.6621
941 2.8842 1.0384 -0.6835
942 2.9591 1.0653 -0.6656
943 3.0186 1.0868 -0.6244
944 3.0769 1.1078 -0.5783
945 3.1036 1.1174 -0.5068
946 3.0740 1.1067 -0.4062
947 3.0346 1.0925 -0.3139
948 3.0403 1.0946 -0.2504
949 3.0740 1.1067 -0.1970
950 3.1023 1.1169 -0.1391
951 3.1475 1.1332 -0.0799
952 3.2242 1.1608 -0.0146
953 3.2745 1.1789 0.0617
954 3.2494 1.1699 0.1357
955 3.1858 1.1470 0.1980
956 3.1329 1.1279 0.2553
957 3.0768 1.1077 0.3049
958 3.0053 1.0820 0.3401
959 2.9628 1.0667 0.3838
960 2.9752 1.0711 0.4654
961 2.9569 1.1707 0.6388
962 2.9378 1.1631 0.7249
963 2.8970 1.1470 0.7939
964 2.8433 1.1257 0.8496
965 2.7687 1.0962 0.8692
966 2.6770 1.0599 0.8397
967 2.5924 1.0264 0.8005
968 2.5272 1.0006 0.7970
969 2.4704 0.9781 0.8232
970 2.4124 0.9552 0.8574
971 2.3510 0.9308 0.9091
972 2.2815 0.9033 0.9790
973 2.2046 0.8729 1.0201
974 2.1328 0.8444 0.9953
975 2.0732 0.8209 0.9299
976 2.0216 0.8004 0.8619
977 1.9783 0.7833 0.7911
978 1.9438 0.7696 0.7177
979 1.8988 0.7518 0.6736
980 1.8230 0.7218 0.6732
981 1.7305 0.6852 0.6802
982 1.6504 0.6534 0.6596
983 1.5863 0.6281 0.6158
984 1.5345 0.6076 0.5581
985 1.5163 0.6003 0.4778
986 1.5437 0.6112 0.3791
987 1.5801 0.6256 0.2882
988 1.5834 0.6269 0.2180
989 1.5591 0.6173 0.1570
990 1.5273 0.6047 0.0947
991 1.4791 0.5856 0.0286
992 1.4142 0.5599 -0.0462
993 1.3760 0.5448 -0.1289
994 1.3990 0.5539 -0.2061
995 1.4598 0.5780 -0.2702
996 1.5231 0.6030 -0.3257
997 1.5889 0.6291 -0.3723
998 1.6571 0.6561 -0.4094
999 1.6981 0.6723 -0.4578
1000 1.6985 0.6725 -0.5393
1001 1.6920 0.6699 -0.6388
1002 1.7111 0.6775 -0.7249
1003 1.7519 0.6936 -0.7939
1004 1.8056 0.7149 -0.8496
1005 1.8802 0.7444 -0.8692
1006 1.9719 0.7807 -0.8397
1007 2.0565 0.8142 -0.8005
1008 2.1217 0.8401 -0.7970
1009 2.1784 0.8625 -0.8232
1010 2.2364 0.8855 -0.8574
1011 2.2979 0.9098 -0.9091
1012 2.3674 0.9373 -0.9790
1013 2.4443 0.9678 -1.0201
1014 2.5161 0.9962 -0.9953
1015 2.5756 1.0198 -0.9299
1016 2.6272 1.0402 -0.8619
1017 2.6706 1.0574 -0.7911
1018 2.7051 1.0710 -0.7177
1019 2.7501 1.0888 -0.6736
1020 2.8259 1.1188 -0.6732
1021 2.9183 1.1555 -0.6802
1022 2.9985 1.1872 -0.6596
1023 3.0626 1.2126 -0.6158
1024 3.1143 1.2331 -0.5581
1025 3.1326 1.2403 -0.4778
1026 3.1052 1.2294 -0.3791
1027 3.0687 1.2150 -0.2882
1028 3.0654 1.2137 -0.2180
1029 3.0898 1.2233 -0.1570
1030 3.1216 1.2359 -0.0947
1031 3.1697 1.2550 -0.0286
1032 3.2347 1.2807 0.0462
1033 3.2729 1.2958 0.1289
1034 3.2499 1.2867 0.2061
1035 3.1891 1.2626 0.2702
1036 3.1258 1.2376 0.3257
1037 3.0600 1.2115 0.3723
1038 2.9917 1.1845 0.4094
1039 2.9508 1.1683 0.4578
1040 2.9503 1.1681 0.5393
1041 2.8827 1.2474 0.6826
1042 2.8722 1.2429 0.7858
1043 2.8386 1.2284 0.8726
1044 2.7688 1.1982 0.9062
1045 2.6833 1.1612 0.9005
1046 2.6020 1.1260 0.8869
1047 2.5251 1.0927 0.8653
1048 2.4531 1.0616 0.8353
1049 2.3912 1.0347 0.8347
1050 2.3328 1.0095 0.8884
1051 2.2667 0.9809 0.9594
1052 2.1930 0.9490 1.0009
1053 2.1170 0.9161 1.0132
1054 2.0417 0.8835 1.0063
1055 1.9777 0.8558 0.9585
1056 1.9363 0.8379 0.8641
1057 1.9064 0.8250 0.7691
1058 1.8646 0.8069 0.7130
1059 1.8079 0.7824 0.6833
1060 1.7451 0.7552 0.6578
1061 1.6679 0.7218 0.6410
1062 1.5732 0.6808 0.6296
1063 1.4936 0.6463 0.5930
1064 1.4627 0.6330 0.5169
1065 1.4680 0.6353 0.4237
1066 1.4804 0.6406 0.3351
1067 1.5002 0.6492 0.2514
1068 1.5278 0.6611 0.1730
1069 1.5284 0.6614 0.1054
1070 1.4791 0.6400 0.0419
1071 1.4139 0.6118 -0.0302
1072 1.3759 0.5954 -0.1105
1073 1.3645 0.5905 -0.1933
1074 1.3709 0.5932 -0.2753
1075 1.4148 0.6122 -0.3451
1076 1.5013 0.6497 -0.3902
1077 1.5886 0.6874 -0.4228
1078 1.6400 0.7097 -0.4683
1079 1.6673 0.7215 -0.5300
1080 1.6907 0.7316 -0.5986
1081 1.7061 0.7383 -0.6826
1082 1.7166 0.7428 -0.7858
1083 1.7502 0.7574 -0.8726
1084 1.8200 0.7876 -0.9062
1085 1.9055 0.8246 -0.9005
1086 1.9868 0.8598 -0.8869
1087 2.0637 0.8930 -0.8653
1088 2.1356 0.9242 -0.8353
1089 2.1976 0.9510 -0.8347
1090 2.2559 0.9762 -0.8884
1091 2.3221 1.0048 -0.9594
1092 2.3958 1.0368 -1.0009
1093 2.4718 1.0696 -1.0132
1094 2.5470 1.1022 -1.0063
1095 2.6111 1.1299 -0.9585
1096 2.6525 1.1478 -0.8641
1097 2.6824 1.1608 -0.7691
1098 2.7242 1.1789 -0.7130
1099 2.7808 1.2034 -0.6833
1100 2.8437 1.2306 -0.6578
1101 2.9208 1.2640 -0.6410
1102 3.0156 1.3050 -0.6296
1103 3.0952 1.3394 -0.5930
1104 3.1261 1.3528 -0.5169
1105 3.1208 1.3505 -0.4237
1106 3.1084 1.3451 -0.3351
1107 3.0886 1.3365 -0.2514
1108 3.0610 1.3246 -0.1730
1109 3.0604 1.3244 -0.1054
1110 3.1097 1.3457 -0.0419
1111 3.1749 1.3739 0.0302
1112 3.2129 1.3904 0.1105
1113 3.2243 1.3953 0.1933
1114 3.2179 1.3925 0.2753
1115 3.1740 1.3735 0.3451
1116 3.0875 1.3361 0.3902
1117 3.0002 1.2983 0.4228
1118 2.9487 1.2760 0.4683
1119 2.9215 1.2643 0.5300
1120 2.8981 1.2541 0.5986
1121 2.7948 1.3151 0.7117
1122 2.7831 1.3096 0.8193
1123 2.7488 1.2935 0.9096
1124 2.6752 1.2588 0.9319
1125 2.5893 1.2184 0.9134
1126 2.5129 1.1825 0.9010
1127 2.4403 1.1483 0.8812
1128 2.3701 1.1153 0.8391
1129 2.3091 1.0866 0.8269
1130 2.2495 1.0585 0.8838
1131 2.1802 1.0259 0.9574
1132 2.1063 0.9911 0.9865
1133 2.0328 0.9566 0.9867
1134 1.9579 0.9213 0.9818
1135 1.8954 0.8919 0.9365
1136 1.8630 0.8766 0.8331
1137 1.8428 0.8671 0.7302
1138 1.8016 0.8478 0.6778
1139 1.7435 0.8204 0.6500
1140 1.6877 0.7942 0.6151
1141 1.6181 0.7614 0.5887
1142 1.5207 0.7156 0.5758
1143 1.4390 0.6772 0.5379
1144 1.4188 0.6676 0.4566
1145 1.4356 0.6755 0.3617
1146 1.4468 0.6808 0.2772
1147 1.4648 0.6893 0.1970
1148 1.5028 0.7072 0.1194
1149 1.5139 0.7124 0.0520
1150 1.4624 0.6882 -0.0139
1151 1.3958 0.6568 -0.0905
1152 1.3694 0.6444 -0.1722
1153 1.3692 0.6443 -0.2534
1154 1.3737 0.6464 -0.3361
1155 1.4147 0.6657 -0.4053
1156 1.5083 0.7097 -0.4411
1157 1.6013 0.7535 -0.4634
1158 1.6488 0.7759 -0.5089
1159 1.6739 0.7877 -0.5731
1160 1.7055 0.8025 -0.6347
1161 1.7294 0.8138 -0.7117
1162 1.7410 0.8193 -0.8193
1163 1.7753 0.8354 -0.9096
1164 1.8490 0.8701 -0.9319
1165 1.9348 0.9105 -0.9134
1166 2.0113 0.9464 -0.9010
1167 2.0839 0.9806 -0.8812
1168 2.1540 1.0136 -0.8391
1169 2.2150 1.0423 -0.8269
1170 2.2746 1.0704 -0.8838
1171 2.3440 1.1030 -0.9574
1172 2.4179 1.1378 -0.9865
1173 2.4913 1.1723 -0.9867
1174 2.5662 1.2076 -0.9818
1175 2.6288 1.2370 -0.9365
1176 2.6612 1.2523 -0.8331
1177 2.6814 1.2618 -0.7302
1178 2.7225 1.2811 -0.6778
1179 2.7806 1.3085 -0.6500
1180 2.8364 1.3347 -0.6151
1181 2.9060 1.3675 -0.5887
1182 3.0034 1.4133 -0.5758
1183 3.0851 1.4517 -0.5379
1184 3.1053 1.4612 -0.4566
1185 3.0886 1.4534 -0.3617
1186 3.0773 1.4481 -0.2772
1187 3.0594 1.4396 -0.1970
1188 3.0213 1.4217 -0.1194
1189 3.0103 1.4165 -0.0520
1190 3.0617 1.4407 0.0139
1191 3.1284 1.4721 0.0905
1192 3.1547 1.4845 0.1722
1193 3.1549 1.4846 0.2534
1194 3.1504 1.4825 0.3361
1195 3.1095 1.4632 0.4053
1196 3.0159 1.4192 0.4411
1197 2.9228 1.3754 0.4634
1198 2.8753 1.3530 0.5089
1199 2.8502 1.3412 0.5731
1200 2.8186 1.3263 0.6347
1201 2.7020 1.3768 0.7330
1202 2.6767 1.3638 0.8227
1203 2.6325 1.3413 0.8921
1204 2.5689 1.3089 0.9250
1205 2.4932 1.2703 0.9176
1206 2.4160 1.2310 0.8810
1207 2.3456 1.1952 0.8369
1208 2.2842 1.1639 0.8085
1209 2.2275 1.1350 0.8110
1210 2.1683 1.1048 0.8447
1211 2.1012 1.0706 0.8949
1212 2.0268 1.0327 0.9382
1213 1.9519 0.9945 0.9522
1214 1.8861 0.9610 0.9250
1215 1.8372 0.9361 0.8597
1216 1.8057 0.9200 0.7725
1217 1.7838 0.9089 0.6855
1218 1.7582 0.8959 0.6167
1219 1.7166 0.8746 0.5734
1220 1.6535 0.8425 0.5503
1221 1.5744 0.8022 0.5326
1222 1.4945 0.7615 0.5041
1223 1.4327 0.7300 0.4545
1224 1.4034 0.7151 0.3831
1225 1.4099 0.7184 0.2982
1226 1.4425 0.7350 0.2115
1227 1.4819 0.7551 0.1325
1228 1.5072 0.7679 0.0636
1229 1.5049 0.7668 0.0000
1230 1.4749 0.7515 -0.0665
1231 1.4301 0.7287 -0.1417
1232 1.3916 0.7090 -0.2252
1233 1.3791 0.7027 -0.3094
1234 1.4034 0.7151 -0.3831
1235 1.4615 0.7447 -0.4380
1236 1.5392 0.7842 -0.4734
1237 1.6168 0.8238 -0.4980
1238 1.6781 0.8550 -0.5267
1239 1.7166 0.8746 -0.5734
1240 1.7372 0.8852 -0.6443
1241 1.7530 0.8932 -0.7330
1242 1.7783 0.9061 -0.8227
1243 1.8225 0.9286 -0.8921
1244 1.8861 0.9610 -0.9250
1245 1.9619 0.9996 -0.9176
1246 2.0391 1.0389 -0.8810
1247 2.1094 1.0748 -0.8369
1248 2.1708 1.1061 -0.8085
1249 2.2275 1.1350 -0.8110
1250 2.2867 1.1652 -0.8447
1251 2.3538 1.1993 -0.8949
1252 2.4282 1.2372 -0.9382
1253 2.5032 1.2754 -0.9522
1254 2.5689 1.3089 -0.9250
1255 2.6178 1.3338 -0.8597
1256 2.6493 1.3499 -0.7725
1257 2.6713 1.3611 -0.6855
1258 2.6968 1.3741 -0.6167
1259 2.7385 1.3953 -0.5734
1260 2.8016 1.4275 -0.5503
1261 2.8806 1.4678 -0.5326
1262 2.9605 1.5085 -0.5041
1263 3.0223 1.5400 -0.4545
1264 3.0517 1.5549 -0.3831
1265 3.0451 1.5516 -0.2982
1266 3.0125 1.5350 -0.2115
1267 2.9732 1.5149 -0.1325
1268 2.9479 1.5020 -0.0636
1269 2.9501 1.5031 -0.0000
1270 2.9801 1.5185 0.0665
1271 3.0249 1.5413 0.1417
1272 3.0634 1.5609 0.2252
1273 3.0759 1.5673 0.3094
1274 3.0517 1.5549 0.3831
1275 2.9935 1.5253 0.4380
1276 2.9159 1.4857 0.4734
1277 2.8383 1.4462 0.4980
1278 2.7770 1.4149 0.5267
1279 2.7385 1.3953 0.5734
1280 2.7178 1.3848 0.6443
1281 2.5971 1.4278 0.7307
1282 2.5619 1.4084 0.7999
1283 2.5118 1.3809 0.8466
1284 2.4580 1.3513 0.8907
1285 2.3922 1.3151 0.8951
1286 2.3183 1.2745 0.8337
1287 2.2541 1.2392 0.7651
1288 2.2011 1.2101 0.7512
1289 2.1484 1.1811 0.7687
1290 2.0935 1.1509 0.7797
1291 2.0326 1.1174 0.8074
1292 1.9575 1.0762 0.8651
1293 1.8809 1.0340 0.8930
1294 1.8278 1.0048 0.8455
1295 1.7955 0.9871 0.7627
1296 1.7643 0.9699 0.6924
1297 1.7402 0.9567 0.6215
1298 1.7326 0.9525 0.5395
1299 1.7095 0.9398 0.4842
1300 1.6389 0.9010 0.4729
1301 1.5505 0.8524 0.4637
1302 1.4898 0.8190 0.4235
1303 1.4489 0.7965 0.3663
1304 1.4102 0.7753 0.3050
1305 1.4064 0.7732 0.2298
1306 1.4601 0.8027 0.1455
1307 1.5203 0.8358 0.0723
1308 1.5325 0.8425 0.0118
1309 1.5171 0.8340 -0.0484
1310 1.5075 0.8288 -0.1110
1311 1.4832 0.8154 -0.1805
1312 1.4327 0.7876 -0.2661
1313 1.4082 0.7742 -0.3536
1314 1.4499 0.7971 -0.4142
1315 1.5224 0.8369 -0.4511
1316 1.5840 0.8708 -0.4867
1317 1.6461 0.9050 -0.5141
1318 1.7180 0.9445 -0.5228
1319 1.7664 0.9711 -0.5493
1320 1.7764 0.9766 -0.6298
1321 1.7844 0.9810 -0.7307
1322 1.8196 1.0003 -0.7999
1323 1.8697 1.0279 -0.8466
1324 1.9235 1.0575 -0.8907
1325 1.9894 1.0937 -0.8951
1326 2.0633 1.1343 -0.8337
1327 2.1274 1.1695 -0.7651
1328 2.1804 1.1987 -0.7512
1329 2.2331 1.2277 -0.7687
1330 2.2880 1.2578 -0.7797
1331 2.3489 1.2913 -0.8074
1332 2.4240 1.3326 -0.8651
1333 2.5006 1.3747 -0.8930
1334 2.5537 1.4039 -0.8455
1335 2.5860 1.4217 -0.7627
1336 2.6172 1.4388 -0.6924
1337 2.6413 1.4521 -0.6215
1338 2.6489 1.4562 -0.5395
1339 2.6721 1.4690 -0.4842
1340 2.7427 1.5078 -0.4729
1341 2.8310 1.5564 -0.4637
1342 2.8917 1.5898 -0.4235
1343 2.9326 1.6122 -0.3663
1344 2.9713 1.6335 -0.3050
1345 2.9752 1.6356 -0.2298
1346 2.9214 1.6060 -0.1455
1347 2.8613 1.5730 -0.0723
1348 2.8490 1.5663 -0.0118
1349 2.8644 1.5747 0.0484
1350 2.8740 1.5800 0.1110
1351 2.8983 1.5934 0.1805
1352 2.9489 1.6212 0.2661
1353 2.9733 1.6346 0.3536
1354 2.9316 1.6117 0.4142
1355 2.8591 1.5718 0.4511
1356 2.7976 1.5380 0.4867
1357 2.7354 1.5038 0.5141
1358 2.6635 1.4643 0.5228
1359 2.6151 1.4377 0.5493
1360 2.6052 1.4322 0.6298
1361 2.4787 1.4659 0.6908
1362 2.4477 1.4476 0.7613
1363 2.4026 1.4209 0.8090
1364 2.3498 1.3897 0.8407
1365 2.2885 1.3534 0.8321
1366 2.2252 1.3160 0.7718
1367 2.1709 1.2839 0.7057
1368 2.1242 1.2563 0.6807
1369 2.0771 1.2284 0.6877
1370 2.0266 1.1985 0.7028
1371 1.9682 1.1640 0.7344
1372 1.8977 1.1223 0.7814
1373 1.8281 1.0811 0.7993
1374 1.7801 1.0528 0.7571
1375 1.7534 1.0370 0.6811
1376 1.7339 1.0255 0.6060
1377 1.7220 1.0184 0.5318
1378 1.7180 1.0160 0.4586
1379 1.6964 1.0032 0.4104
1380 1.6355 0.9672 0.3941
1381 1.5573 0.9210 0.3798
1382 1.4966 0.8851 0.3437
1383 1.4555 0.8608 0.2913
1384 1.4282 0.8446 0.2300
1385 1.4357 0.8490 0.1587
1386 1.4875 0.8797 0.0852
1387 1.5445 0.9134 0.0222
1388 1.5660 0.9261 -0.0321
1389 1.5599 0.9225 -0.0869
1390 1.5469 0.9148 -0.1456
1391 1.5197 0.8988 -0.2134
1392 1.4793 0.8748 -0.2953
1393 1.4638 0.8657 -0.3761
1394 1.5002 0.8872 -0.4319
1395 1.5656 0.9259 -0.4629
1396 1.6302 0.9641 -0.4855
1397 1.6941 1.0019 -0.4994
1398 1.7571 1.0392 -0.5040
1399 1.7986 1.0637 -0.5291
1400 1.8127 1.0720 -0.5999
1401 1.8250 1.0793 -0.6908
1402 1.8560 1.0976 -0.7613
1403 1.9011 1.1243 -0.8090
1404 1.9539 1.1555 -0.8407
1405 2.0152 1.1918 -0.8321
1406 2.0785 1.2292 -0.7718
1407 2.1328 1.2613 -0.7057
1408 2.1795 1.2889 -0.6807
1409 2.2266 1.3168 -0.6877
1410 2.2771 1.3467 -0.7028
1411 2.3355 1.3812 -0.7344
1412 2.4060 1.4229 -0.7814
1413 2.4756 1.4641 -0.7993
1414 2.5236 1.4924 -0.7571
1415 2.5503 1.5082 -0.6811
1416 2.5698 1.5198 -0.6060
1417 2.5817 1.5268 -0.5318
1418 2.5857 1.5292 -0.4586
1419 2.6073 1.5420 -0.4104
1420 2.6682 1.5780 -0.3941
1421 2.7464 1.6242 -0.3798
1422 2.8071 1.6601 -0.3437
1423 2.8482 1.6844 -0.2913
1424 2.8755 1.7006 -0.2300
1425 2.8680 1.6962 -0.1587
1426 2.8162 1.6655 -0.0852
1427 2.7592 1.6318 -0.0222
1428 2.7377 1.6191 0.0321
1429 2.7438 1.6227 0.0869
1430 2.7568 1.6304 0.1456
1431 2.7840 1.6464 0.2134
1432 2.8244 1.6704 0.2953
1433 2.8399 1.6795 0.3761
1434 2.8036 1.6580 0.4319
1435 2.7381 1.6193 0.4629
1436 2.6735 1.5811 0.4855
1437 2.6096 1.5433 0.4994
1438 2.5466 1.5061 0.5040
1439 2.5051 1.4815 0.5291
1440 2.4910 1.4732 0.5999
1441 2.3625 1.4993 0.6334
1442 2.3408 1.4855 0.7209
1443 2.3037 1.4620 0.7862
1444 2.2490 1.4272 0.7902
1445 2.1911 1.3905 0.7529
1446 2.1391 1.3575 0.7110
1447 2.0932 1.3284 0.6645
1448 2.0537 1.3033 0.6130
1449 2.0151 1.2788 0.5943
1450 1.9653 1.2472 0.6299
1451 1.9039 1.2082 0.6808
1452 1.8431 1.1696 0.7023
1453 1.7874 1.1343 0.6968
1454 1.7368 1.1022 0.6744
1455 1.7059 1.0826 0.6182
1456 1.7063 1.0829 0.5265
1457 1.7161 1.0891 0.4390
1458 1.7044 1.0817 0.3856
1459 1.6719 1.0610 0.3533
1460 1.6319 1.0356 0.3236
1461 1.5760 1.0001 0.2981
1462 1.5022 0.9533 0.2724
1463 1.4470 0.9183 0.2284
1464 1.4437 0.9162 0.1636
1465 1.4751 0.9362 0.0951
1466 1.5105 0.9586 0.0335
1467 1.5498 0.9835 -0.0209
1468 1.5932 1.0111 -0.0677
1469 1.6091 1.0211 -0.1134
1470 1.5790 1.0020 -0.1723
1471 1.5360 0.9748 -0.2451
1472 1.5178 0.9632 -0.3171
1473 1.5225 0.9662 -0.3831
1474 1.5414 0.9782 -0.4430
1475 1.5889 1.0083 -0.4795
1476 1.6663 1.0575 -0.4791
1477 1.7402 1.1043 -0.4675
1478 1.7852 1.1330 -0.4813
1479 1.8126 1.1503 -0.5198
1480 1.8376 1.1662 -0.5673
1481 1.8591 1.1798 -0.6334
1482 1.8808 1.1936 -0.7209
1483 1.9180 1.2172 -0.7862
1484 1.9727 1.2519 -0.7902
1485 2.0305 1.2886 -0.7529
1486 2.0825 1.3216 -0.7110
1487 2.1285 1.3508 -0.6645
1488 2.1680 1.3758 -0.6130
1489 2.2065 1.4003 -0.5943
1490 2.2563 1.4319 -0.6299
1491 2.3178 1.4709 -0.6808
1492 2.3786 1.5095 -0.7023
1493 2.4343 1.5448 -0.6968
1494 2.4849 1.5770 -0.6744
1495 2.5157 1.5965 -0.6182
1496 2.5153 1.5963 -0.5265
1497 2.5055 1.5901 -0.4390
1498 2.5172 1.5975 -0.3856
1499 2.5497 1.6181 -0.3533
1500 2.5898 1.6435 -0.3236
1501 2.6457 1.6790 -0.2981
1502 2.7195 1.7258 -0.2724
1503 2.7746 1.7608 -0.2284
1504 2.7780 1.7630 -0.1636
1505 2.7465 1.7430 -0.0951
1506 2.7112 1.7206 -0.0335
1507 2.6719 1.6956 0.0209
1508 2.6284 1.6680 0.0677
1509 2.6126 1.6580 0.1134
1510 2.6427 1.6771 0.1723
1511 2.6856 1.7044 0.2451
1512 2.7038 1.7159 0.3171
1513 2.6992 1.7129 0.3831
1514 2.6803 1.7010 0.4430
1515 2.6328 1.6708 0.4795
1516 2.5554 1.6217 0.4791
1517 2.4815 1.5748 0.4675
1518 2.4364 1.5462 0.4813
1519 2.4091 1.5289 0.5198
1520 2.3840 1.5129 0.5673
1521 2.2648 1.5392 0.6019
1522 2.2440 1.5251 0.6931
1523 2.2085 1.5009 0.7617
1524 2.1564 1.4655 0.7539
1525 2.1044 1.4301 0.7047
1526 2.0590 1.3993 0.6663
1527 2.0189 1.3721 0.6238
1528 1.9865 1.3500 0.5627
1529 1.9541 1.3280 0.5349
1530 1.9049 1.2946 0.5748
1531 1.8426 1.2522 0.6290
1532 1.7871 1.2145 0.6408
1533 1.7387 1.1816 0.6269
1534 1.6896 1.1482 0.6089
1535 1.6607 1.1286 0.5582
1536 1.6719 1.1362 0.4637
1537 1.6926 1.1503 0.3752
1538 1.6812 1.1425 0.3285
1539 1.6475 1.1196 0.3005
1540 1.6164 1.0985 0.2673
1541 1.5699 1.0669 0.2383
1542 1.4945 1.0156 0.2132
1543 1.4377 0.9771 0.1703
1544 1.4442 0.9815 0.1073
1545 1.4848 1.0091 0.0443
1546 1.5166 1.0307 -0.0105
1547 1.5518 1.0546 -0.0590
1548 1.6023 1.0889 -0.0982
1549 1.6253 1.1046 -0.1373
1550 1.5923 1.0821 -0.1968
1551 1.5475 1.0517 -0.2722
1552 1.5377 1.0450 -0.3393
1553 1.5492 1.0529 -0.3978
1554 1.5641 1.0629 -0.4572
1555 1.6060 1.0915 -0.4921
1556 1.6842 1.1446 -0.4785
1557 1.7574 1.1943 -0.4535
1558 1.7960 1.2206 -0.4674
1559 1.8192 1.2363 -0.5081
1560 1.8466 1.2550 -0.5456
1561 1.8706 1.2713 -0.6019
1562 1.8914 1.2854 -0.6931
1563 1.9269 1.3095 -0.7617
1564 1.9790 1.3449 -0.7539
1565 2.0310 1.3803 -0.7047
1566 2.0764 1.4111 -0.6663
1567 2.1165 1.4384 -0.6238
1568 2.1489 1.4604 -0.5627
1569 2.1813 1.4824 -0.5349
1570 2.2305 1.5158 -0.5748
1571 2.2928 1.5582 -0.6290
1572 2.3483 1.5959 -0.6408
1573 2.3967 1.6288 -0.6269
1574 2.4458 1.6622 -0.6089
1575 2.4747 1.6818 -0.5582
1576 2.4635 1.6742 -0.4637
1577 2.4428 1.6601 -0.3752
1578 2.4542 1.6679 -0.3285
1579 2.4879 1.6908 -0.3005
1580 2.5190 1.7119 -0.2673
1581 2.5655 1.7435 -0.2383
1582 2.6409 1.7948 -0.2132
1583 2.6977 1.8333 -0.1703
1584 2.6912 1.8289 -0.1073
1585 2.6506 1.8013 -0.0443
1586 2.6188 1.7797 0.0105
1587 2.5836 1.7558 0.0590
1588 2.5331 1.7215 0.0982
1589 2.5101 1.7059 0.1373
1590 2.5431 1.7283 0.1968
1591 2.5879 1.7588 0.2722
1592 2.5977 1.7654 0.3393
1593 2.5862 1.7576 0.3978
1594 2.5713 1.7475 0.4572
1595 2.5294 1.7190 0.4921
1596 2.4512 1.6659 0.4785
1597 2.3780 1.6161 0.4535
1598 2.3394 1.5898 0.4674
1599 2.3162 1.5741 0.5081
1600 2.2888 1.5554 0.5456
1601 2.1850 1.5875 0.6182
1602 2.1564 1.5667 0.6892
1603 2.1168 1.5380 0.7359
1604 2.0698 1.5038 0.7428
1605 2.0225 1.4695 0.7088
1606 1.9813 1.4395 0.6480
1607 1.9477 1.4151 0.5839
1608 1.9177 1.3933 0.5396
1609 1.8838 1.3687 0.5277
1610 1.8395 1.3365 0.5462
1611 1.7838 1.2960 0.5792
1612 1.7229 1.2518 0.6043
1613 1.6682 1.2120 0.6028
1614 1.6311 1.1850 0.5666
1615 1.6171 1.1749 0.5012
1616 1.6227 1.1789 0.4221
1617 1.6356 1.1883 0.3475
1618 1.6398 1.1914 0.2899
1619 1.6226 1.1789 0.2519
1620 1.5806 1.1484 0.2263
1621 1.5224 1.1061 0.2009
1622 1.4650 1.0644 0.1655
1623 1.4272 1.0369 0.1166
1624 1.4216 1.0329 0.0585
1625 1.4491 1.0529 0.0000
1626 1.4983 1.0886 -0.0510
1627 1.5501 1.1262 -0.0925
1628 1.5860 1.1523 -0.1295
1629 1.5956 1.1593 -0.1715
1630 1.5806 1.1484 -0.2263
1631 1.5540 1.1290 -0.2951
1632 1.5336 1.1142 -0.3703
1633 1.5349 1.1151 -0.4380
1634 1.5642 1.1364 -0.4839
1635 1.6171 1.1749 -0.5012
1636 1.6810 1.2213 -0.4943
1637 1.7414 1.2652 -0.4783
1638 1.7880 1.2990 -0.4731
1639 1.8187 1.3214 -0.4944
1640 1.8395 1.3365 -0.5462
1641 1.8600 1.3514 -0.6182
1642 1.8887 1.3722 -0.6892
1643 1.9282 1.4010 -0.7359
1644 1.9752 1.4351 -0.7428
1645 2.0225 1.4695 -0.7088
1646 2.0638 1.4994 -0.6480
1647 2.0974 1.5238 -0.5839
1648 2.1273 1.5456 -0.5396
1649 2.1613 1.5703 -0.5277
1650 2.2056 1.6024 -0.5462
1651 2.2613 1.6429 -0.5792
1652 2.3222 1.6871 -0.6043
1653 2.3769 1.7269 -0.6028
1654 2.4140 1.7539 -0.5666
1655 2.4280 1.7641 -0.5012
1656 2.4224 1.7600 -0.4221
1657 2.4095 1.7506 -0.3475
1658 2.4053 1.7476 -0.2899
1659 2.4225 1.7601 -0.2519
1660 2.4644 1.7905 -0.2263
1661 2.5227 1.8328 -0.2009
1662 2.5801 1.8746 -0.1655
1663 2.6179 1.9020 -0.1166
1664 2.6235 1.9061 -0.0585
1665 2.5960 1.8861 -0.0000
1666 2.5468 1.8503 0.0510
1667 2.4950 1.8127 0.0925
1668 2.4591 1.7866 0.1295
1669 2.4495 1.7797 0.1715
1670 2.4644 1.7905 0.2263
1671 2.4911 1.8099 0.2951
1672 2.5115 1.8247 0.3703
1673 2.5102 1.8238 0.4380
1674 2.4809 1.8025 0.4839
1675 2.4280 1.7641 0.5012
1676 2.3641 1.7176 0.4943
1677 2.3037 1.6737 0.4783
1678 2.2571 1.6399 0.4731
1679 2.2263 1.6175 0.4944
1680 2.2056 1.6024 0.5462
1681 2.1101 1.6367 0.6638
1682 2.0739 1.6087 0.7143
1683 2.0306 1.5751 0.7391
1684 1.9848 1.5396 0.7614
1685 1.9385 1.5036 0.7427
1686 1.9012 1.4747 0.6597
1687 1.8739 1.4536 0.5744
1688 1.8427 1.4293 0.5460
1689 1.8037 1.3991 0.5488
1690 1.7642 1.3684 0.5456
1691 1.7150 1.3303 0.5572
1692 1.6459 1.2767 0.5933
1693 1.5823 1.2274 0.6014
1694 1.5567 1.2075 0.5468
1695 1.5569 1.2076 0.4670
1696 1.5543 1.2057 0.4001
1697 1.5574 1.2080 0.3357
1698 1.5765 1.2228 0.2673
1699 1.5749 1.2216 0.2193
1700 1.5212 1.1800 0.1968
1701 1.4509 1.1254 0.1704
1702 1.4110 1.0944 0.1247
1703 1.3914 1.0792 0.0699
1704 1.3738 1.0656 0.0120
1705 1.3886 1.0771 -0.0467
1706 1.4541 1.1279 -0.0939
1707 1.5215 1.1802 -0.1284
1708 1.5440 1.1976 -0.1680
1709 1.5417 1.1959 -0.2173
1710 1.5443 1.1979 -0.2673
1711 1.5351 1.1908 -0.3295
1712 1.5066 1.1687 -0.4170
1713 1.5002 1.1637 -0.4975
1714 1.5433 1.1971 -0.5299
1715 1.6064 1.2461 -0.5297
1716 1.6593 1.2871 -0.5329
1717 1.7101 1.3265 -0.5290
1718 1.7642 1.3684 -0.5048
1719 1.8021 1.3978 -0.5068
1720 1.8199 1.4116 -0.5748
1721 1.8407 1.4278 -0.6638
1722 1.8769 1.4559 -0.7143
1723 1.9202 1.4894 -0.7391
1724 1.9659 1.5249 -0.7614
1725 2.0123 1.5609 -0.7427
1726 2.0496 1.5898 -0.6597
1727 2.0768 1.6110 -0.5744
1728 2.1081 1.6352 -0.5460
1729 2.1471 1.6654 -0.5488
1730 2.1866 1.6961 -0.5456
1731 2.2358 1.7342 -0.5572
1732 2.3048 1.7878 -0.5933
1733 2.3685 1.8372 -0.6014
1734 2.3941 1.8571 -0.5468
1735 2.3939 1.8569 -0.4670
1736 2.3964 1.8589 -0.4001
1737 2.3934 1.8565 -0.3357
1738 2.3743 1.8417 -0.2673
1739 2.3758 1.8429 -0.2193
1740 2.4296 1.8846 -0.1968
1741 2.4999 1.9391 -0.1704
1742 2.5398 1.9701 -0.1247
1743 2.5594 1.9853 -0.0699
1744 2.5770 1.9989 -0.0120
1745 2.5622 1.9875 0.0467
1746 2.4967 1.9366 0.0939
1747 2.4292 1.8843 0.1284
1748 2.4068 1.8669 0.1680
1749 2.4090 1.8686 0.2173
1750 2.4065 1.8667 0.2673
1751 2.4156 1.8738 0.3295
1752 2.4442 1.8959 0.4170
1753 2.4506 1.9008 0.4975
1754 2.4075 1.8674 0.5299
1755 2.3444 1.8185 0.5297
1756 2.2915 1.7775 0.5329
1757 2.2407 1.7380 0.5290
1758 2.1866 1.6961 0.5048
1759 2.1487 1.6667 0.5068
1760 2.1309 1.6529 0.5748
1761 2.0308 1.6800 0.7108
1762 1.9914 1.6475 0.7660
1763 1.9455 1.6095 0.7948
1764 1.8970 1.5693 0.8060
1765 1.8507 1.5311 0.7762
1766 1.8151 1.5015 0.6970
1767 1.7884 1.4795 0.6158
1768 1.7583 1.4546 0.5769
1769 1.7201 1.4230 0.5687
1770 1.6770 1.3873 0.5673
1771 1.6231 1.3427 0.5790
1772 1.5550 1.2864 0.6014
1773 1.4945 1.2363 0.5968
1774 1.4664 1.2131 0.5431
1775 1.4643 1.2114 0.4651
1776 1.4679 1.2143 0.3908
1777 1.4774 1.2222 0.3203
1778 1.4932 1.2353 0.2538
1779 1.4877 1.2307 0.2049
1780 1.4409 1.1920 0.1723
1781 1.3786 1.1405 0.1356
1782 1.3361 1.1053 0.0846
1783 1.3139 1.0869 0.0250
1784 1.3052 1.0798 -0.0380
1785 1.3282 1.0988 -0.0981
1786 1.3892 1.1492 -0.1444
1787 1.4518 1.2010 -0.1789
1788 1.4818 1.2258 -0.2180
1789 1.4881 1.2311 -0.2676
1790 1.4892 1.2320 -0.3236
1791 1.4801 1.2245 -0.3935
1792 1.4629 1.2102 -0.4818
1793 1.4664 1.2131 -0.5604
1794 1.5078 1.2474 -0.5968
1795 1.5679 1.2971 -0.5996
1796 1.6252 1.3444 -0.5950
1797 1.6795 1.3894 -0.5826
1798 1.7307 1.4318 -0.5621
1799 1.7684 1.4629 -0.5692
1800 1.7935 1.4837 -0.6299
1801 1.8218 1.5071 -0.7108
1802 1.8611 1.5397 -0.7660
1803 1.9070 1.5776 -0.7948
1804 1.9556 1.6178 -0.8060
1805 2.0018 1.6561 -0.7762
1806 2.0375 1.6856 -0.6970
1807 2.0641 1.7076 -0.6158
1808 2.0943 1.7325 -0.5769
1809 2.1325 1.7641 -0.5687
1810 2.1756 1.7998 -0.5673
1811 2.2295 1.8444 -0.5790
1812 2.2975 1.9007 -0.6014
1813 2.3581 1.9508 -0.5968
1814 2.3862 1.9740 -0.5431
1815 2.3883 1.9758 -0.4651
1816 2.3847 1.9728 -0.3908
1817 2.3752 1.9649 -0.3203
1818 2.3594 1.9518 -0.2538
1819 2.3649 1.9564 -0.2049
1820 2.4116 1.9951 -0.1723
1821 2.4739 2.0466 -0.1356
1822 2.5165 2.0818 -0.0846
1823 2.5387 2.1002 -0.0250
1824 2.5473 2.1074 0.0380
1825 2.5244 2.0883 0.0981
1826 2.4634 2.0379 0.1444
1827 2.4008 1.9861 0.1789
1828 2.3708 1.9613 0.2180
1829 2.3644 1.9560 0.2676
1830 2.3634 1.9551 0.3236
1831 2.3724 1.9626 0.3935
1832 2.3897 1.9769 0.4818
1833 2.3861 1.9740 0.5604
1834 2.3447 1.9397 0.5968
1835 2.2847 1.8900 0.5996
1836 2.2274 1.8427 0.5950
1837 2.1731 1.7977 0.5826
1838 2.1218 1.7553 0.5621
1839 2.0842 1.7242 0.5692
1840 2.0591 1.7034 0.6299
1841 1.9472 1.7167 0.7587
1842 1.9048 1.6793 0.8344
1843 1.8545 1.6349 0.8830
1844 1.8035 1.5900 0.8664
1845 1.7595 1.5512 0.8090
1846 1.7216 1.5178 0.7490
1847 1.6899 1.4899 0.6864
1848 1.6649 1.4678 0.6211
1849 1.6333 1.4399 0.5868
1850 1.5797 1.3927 0.5999
1851 1.5129 1.3338 0.6229
1852 1.4536 1.2815 0.6178
1853 1.4051 1.2388 0.5886
1854 1.3650 1.2034 0.5450
1855 1.3498 1.1900 0.4761
1856 1.3693 1.2072 0.3847
1857 1.3961 1.2308 0.3006
1858 1.3971 1.2317 0.2409
1859 1.3760 1.2131 0.1934
1860 1.3481 1.1885 0.1456
1861 1.3061 1.1515 0.0959
1862 1.2494 1.1015 0.0393
1863 1.2130 1.0694 -0.0277
1864 1.2254 1.0803 -0.0956
1865 1.2685 1.1183 -0.1543
1866 1.3134 1.1579 -0.2049
1867 1.3604 1.1994 -0.2471
1868 1.4094 1.2426 -0.2804
1869 1.4351 1.2652 -0.3226
1870 1.4253 1.2566 -0.3941
1871 1.4081 1.2414 -0.4831
1872 1.4118 1.2447 -0.5622
1873 1.4337 1.2640 -0.6268
1874 1.4665 1.2929 -0.6803
1875 1.5181 1.3384 -0.7006
1876 1.5867 1.3988 -0.6745
1877 1.6498 1.4545 -0.6388
1878 1.6946 1.4940 -0.6374
1879 1.7302 1.5254 -0.6657
1880 1.7661 1.5570 -0.7028
1881 1.8034 1.5899 -0.7587
1882 1.8458 1.6273 -0.8344
1883 1.8961 1.6716 -0.8830
1884 1.9470 1.7165 -0.8664
1885 1.9910 1.7553 -0.8090
1886 2.0290 1.7888 -0.7490
1887 2.0606 1.8167 -0.6864
1888 2.0856 1.8387 -0.6211
1889 2.1173 1.8666 -0.5868
1890 2.1709 1.9139 -0.5999
1891 2.2377 1.9728 -0.6229
1892 2.2970 2.0251 -0.6178
1893 2.3455 2.0678 -0.5886
1894 2.3855 2.1031 -0.5450
1895 2.4008 2.1166 -0.4761
1896 2.3812 2.0993 -0.3847
1897 2.3545 2.0757 -0.3006
1898 2.3534 2.0748 -0.2409
1899 2.3746 2.0935 -0.1934
1900 2.4025 2.1181 -0.1456
1901 2.4444 2.1550 -0.0959
1902 2.5012 2.2051 -0.0393
1903 2.5376 2.2372 0.0277
1904 2.5252 2.2262 0.0956
1905 2.4821 2.1883 0.1543
1906 2.4371 2.1486 0.2049
1907 2.3901 2.1072 0.2471
1908 2.3411 2.0640 0.2804
1909 2.3155 2.0414 0.3226
1910 2.3253 2.0500 0.3941
1911 2.3425 2.0652 0.4831
1912 2.3387 2.0619 0.5622
1913 2.3168 2.0425 0.6268
1914 2.2841 2.0137 0.6803
1915 2.2324 1.9681 0.7006
1916 2.1639 1.9077 0.6745
1917 2.1008 1.8521 0.6388
1918 2.0560 1.8126 0.6374
1919 2.0203 1.7812 0.6657
1920 1.9845 1.7495 0.7028
1921 1.8603 1.7469 0.8257
1922 1.8121 1.7016 0.9050
1923 1.7565 1.6495 0.9562
1924 1.7044 1.6006 0.9274
1925 1.6618 1.5605 0.8583
1926 1.6226 1.5237 0.8007
1927 1.5889 1.4921 0.7403
1928 1.5662 1.4707 0.6639
1929 1.5364 1.4428 0.6182
1930 1.4777 1.3877 0.6298
1931 1.4052 1.3196 0.6491
1932 1.3486 1.2664 0.6299
1933 1.3043 1.2248 0.5880
1934 1.2609 1.1841 0.5413
1935 1.2426 1.1668 0.4704
1936 1.2684 1.1911 0.3723
1937 1.3015 1.2222 0.2829
1938 1.2990 1.2198 0.2209
1939 1.2744 1.1968 0.1680
1940 1.2540 1.1776 0.1110
1941 1.2205 1.1461 0.0519
1942 1.1627 1.0918 -0.0142
1943 1.1254 1.0568 -0.0904
1944 1.1463 1.0765 -0.1619
1945 1.1968 1.1238 -0.2204
1946 1.2387 1.1632 -0.2741
1947 1.2828 1.2046 -0.3203
1948 1.3384 1.2569 -0.3515
1949 1.3717 1.2882 -0.3923
1950 1.3633 1.2802 -0.4729
1951 1.3492 1.2670 -0.5723
1952 1.3632 1.2802 -0.6500
1953 1.3938 1.3089 -0.7107
1954 1.4278 1.3408 -0.7703
1955 1.4795 1.3893 -0.7955
1956 1.5510 1.4565 -0.7600
1957 1.6162 1.5177 -0.7146
1958 1.6614 1.5602 -0.7180
1959 1.6999 1.5963 -0.7517
1960 1.7415 1.6354 -0.7797
1961 1.7846 1.6758 -0.8257
1962 1.8328 1.7211 -0.9050
1963 1.8883 1.7732 -0.9562
1964 1.9404 1.8222 -0.9274
1965 1.9831 1.8622 -0.8583
1966 2.0223 1.8990 -0.8007
1967 2.0559 1.9307 -0.7403
1968 2.0787 1.9520 -0.6639
1969 2.1084 1.9799 -0.6182
1970 2.1671 2.0351 -0.6298
1971 2.2396 2.1031 -0.6491
1972 2.2963 2.1563 -0.6299
1973 2.3405 2.1979 -0.5880
1974 2.3839 2.2386 -0.5413
1975 2.4023 2.2559 -0.4704
1976 2.3765 2.2317 -0.3723
1977 2.3433 2.2005 -0.2829
1978 2.3458 2.2029 -0.2209
1979 2.3704 2.2260 -0.1680
1980 2.3908 2.2451 -0.1110
1981 2.4243 2.2766 -0.0519
1982 2.4822 2.3309 0.0142
1983 2.5195 2.3659 0.0904
1984 2.4985 2.3462 0.1619
1985 2.4481 2.2989 0.2204
1986 2.4061 2.2595 0.2741
1987 2.3620 2.2181 0.3203
1988 2.3064 2.1659 0.3515
1989 2.2731 2.1346 0.3923
1990 2.2815 2.1425 0.4729
1991 2.2956 2.1557 0.5723
1992 2.2816 2.1426 0.6500
1993 2.2510 2.1139 0.7107
1994 2.2170 2.0819 0.7703
1995 2.1654 2.0334 0.7955
1996 2.0938 1.9663 0.7600
1997 2.0287 1.9050 0.7146
1998 1.9834 1.8626 0.7180
1999 1.9449 1.8264 0.7517
2000 1.9033 1.7873 0.7797
2001 1.7678 1.7678 0.9061
2002 1.7142 1.7142 0.9619
2003 1.6570 1.6570 0.9888
2004 1.6025 1.6025 0.9735
2005 1.5569 1.5569 0.9176
2006 1.5226 1.5226 0.8371
2007 1.4958 1.4958 0.7549
2008 1.4681 1.4681 0.6915
2009 1.4307 1.4307 0.6561
2010 1.3787 1.3787 0.6443
2011 1.3147 1.3147 0.6407
2012 1.2490 1.2490 0.6266
2013 1.1950 1.1950 0.5885
2014 1.1642 1.1642 0.5231
2015 1.1599 1.1599 0.4380
2016 1.1759 1.1759 0.3467
2017 1.1980 1.1980 0.2618
2018 1.2102 1.2102 0.1893
2019 1.2014 1.2014 0.1269
2020 1.1705 1.1705 0.0665
2021 1.1271 1.1271 0.0000
2022 1.0876 1.0876 -0.0757
2023 1.0685 1.0685 -0.1566
2024 1.0794 1.0794 -0.2337
2025 1.1189 1.1189 -0.2982
2026 1.1759 1.1759 -0.3467
2027 1.2339 1.2339 -0.3847
2028 1.2788 1.2788 -0.4237
2029 1.3038 1.3038 -0.4767
2030 1.3122 1.3122 -0.5503
2031 1.3147 1.3147 -0.6407
2032 1.3247 1.3247 -0.7337
2033 1.3517 1.3517 -0.8100
2034 1.3979 1.3979 -0.8536
2035 1.4580 1.4580 -0.8597
2036 1.5226 1.5226 -0.8371
2037 1.5826 1.5826 -0.8058
2038 1.6339 1.6339 -0.7886
2039 1.6781 1.6781 -0.8010
2040 1.7208 1.7208 -0.8447
2041 1.7678 1.7678 -0.9061
2042 1.8213 1.8213 -0.9619
2043 1.8785 1.8785 -0.9888
2044 1.9330 1.9330 -0.9735
2045 1.9786 1.9786 -0.9176
2046 2.0129 2.0129 -0.8371
2047 2.0398 2.0398 -0.7549
2048 2.0674 2.0674 -0.6915
2049 2.1048 2.1048 -0.6561
2050 2.1569 2.1569 -0.6443
2051 2.2208 2.2208 -0.6407
2052 2.2866 2.2866 -0.6266
2053 2.3405 2.3405 -0.5885
2054 2.3714 2.3714 -0.5231
2055 2.3757 2.3757 -0.4380
2056 2.3597 2.3597 -0.3467
2057 2.3376 2.3376 -0.2618
2058 2.3254 2.3254 -0.1893
2059 2.3341 2.3341 -0.1269
2060 2.3650 2.3650 -0.0665
2061 2.4085 2.4085 -0.0000
2062 2.4479 2.4479 0.0757
2063 2.4670 2.4670 0.1566
2064 2.4561 2.4561 0.2337
2065 2.4166 2.4166 0.2982
2066 2.3597 2.3597 0.3467
2067 2.3016 2.3016 0.3847
2068 2.2567 2.2567 0.4237
2069 2.2317 2.2317 0.4767
2070 2.2233 2.2233 0.5503
2071 2.2208 2.2208 0.6407
2072 2.2109 2.2109 0.7337
2073 2.1839 2.1839 0.8100
2074 2.1377 2.1377 0.8536
2075 2.0775 2.0775 0.8597
2076 2.0129 2.0129 0.8371
2077 1.9529 1.9529 0.8058
2078 1.9016 1.9016 0.7886
2079 1.8575 1.8575 0.8010
2080 1.8148 1.8148 0.8447
2081 1.6700 1.7784 0.9598
2082 1.6148 1.7196 0.9914
2083 1.5592 1.6604 0.9942
2084 1.5025 1.6000 0.9919
2085 1.4542 1.5486 0.9488
2086 1.4275 1.5201 0.8465
2087 1.4100 1.5015 0.7444
2088 1.3778 1.4672 0.6934
2089 1.3332 1.4198 0.6677
2090 1.2903 1.3740 0.6347
2091 1.2371 1.3174 0.6108
2092 1.1632 1.2386 0.6013
2093 1.1006 1.1720 0.5663
2094 1.0835 1.1539 0.4856
2095 1.0942 1.1652 0.3902
2096 1.1009 1.1723 0.3053
2097 1.1127 1.1849 0.2245
2098 1.1398 1.2138 0.1457
2099 1.1467 1.2211 0.0780
2100 1.1064 1.1782 0.0139
2101 1.0544 1.1228 -0.0604
2102 1.0327 1.0997 -0.1411
2103 1.0308 1.0977 -0.2222
2104 1.0324 1.0994 -0.3051
2105 1.0619 1.1308 -0.3757
2106 1.1319 1.2053 -0.4147
2107 1.2018 1.2798 -0.4402
2108 1.2367 1.3169 -0.4873
2109 1.2543 1.3357 -0.5524
2110 1.2769 1.3597 -0.6151
2111 1.2932 1.3772 -0.6928
2112 1.2998 1.3841 -0.8008
2113 1.3237 1.4096 -0.8923
2114 1.3790 1.4684 -0.9171
2115 1.4443 1.5380 -0.9016
2116 1.5023 1.5998 -0.8918
2117 1.5577 1.6587 -0.8745
2118 1.6116 1.7162 -0.8349
2119 1.6580 1.7656 -0.8249
2120 1.7019 1.8123 -0.8838
2121 1.7527 1.8664 -0.9598
2122 1.8080 1.9253 -0.9914
2123 1.8635 1.9844 -0.9942
2124 1.9203 2.0449 -0.9919
2125 1.9685 2.0963 -0.9488
2126 1.9953 2.1247 -0.8465
2127 2.0127 2.1433 -0.7444
2128 2.0450 2.1777 -0.6934
2129 2.0895 2.2251 -0.6677
2130 2.1324 2.2708 -0.6347
2131 2.1856 2.3275 -0.6108
2132 2.2596 2.4062 -0.6013
2133 2.3222 2.4729 -0.5663
2134 2.3392 2.4910 -0.4856
2135 2.3286 2.4797 -0.3902
2136 2.3219 2.4725 -0.3053
2137 2.3100 2.4599 -0.2245
2138 2.2829 2.4311 -0.1457
2139 2.2760 2.4237 -0.0780
2140 2.3164 2.4667 -0.0139
2141 2.3684 2.5221 0.0604
2142 2.3901 2.5452 0.1411
2143 2.3920 2.5472 0.2222
2144 2.3904 2.5455 0.3051
2145 2.3609 2.5141 0.3757
2146 2.2909 2.4395 0.4147
2147 2.2210 2.3651 0.4402
2148 2.1860 2.3279 0.4873
2149 2.1684 2.3092 0.5524
2150 2.1459 2.2851 0.6151
2151 2.1295 2.2677 0.6928
2152 2.1230 2.2607 0.8008
2153 2.0990 2.2352 0.8923
2154 2.0438 2.1764 0.9171
2155 1.9785 2.1068 0.9016
2156 1.9204 2.0450 0.8918
2157 1.8651 1.9861 0.8745
2158 1.8111 1.9286 0.8349
2159 1.7647 1.8793 0.8249
2160 1.7209 1.8325 0.8838
2161 1.5737 1.7850 0.9523
2162 1.5182 1.7221 0.9860
2163 1.4630 1.6594 0.9905
2164 1.4094 1.5987 0.9759
2165 1.3664 1.5499 0.9217
2166 1.3426 1.5229 0.8236
2167 1.3271 1.5053 0.7259
2168 1.3006 1.4752 0.6657
2169 1.2618 1.4312 0.6304
2170 1.2183 1.3818 0.5986
2171 1.1640 1.3203 0.5739
2172 1.0967 1.2440 0.5528
2173 1.0419 1.1818 0.5083
2174 1.0245 1.1620 0.4293
2175 1.0341 1.1729 0.3371
2176 1.0485 1.1893 0.2502
2177 1.0679 1.2113 0.1689
2178 1.0926 1.2393 0.0936
2179 1.0972 1.2445 0.0264
2180 1.0658 1.2089 -0.0419
2181 1.0235 1.1609 -0.1203
2182 1.0012 1.1357 -0.2042
2183 0.9982 1.1323 -0.2878
2184 1.0079 1.1432 -0.3688
2185 1.0437 1.1839 -0.4337
2186 1.1086 1.2575 -0.4698
2187 1.1733 1.3308 -0.4933
2188 1.2130 1.3759 -0.5334
2189 1.2364 1.4024 -0.5920
2190 1.2574 1.4263 -0.6578
2191 1.2737 1.4448 -0.7399
2192 1.2877 1.4606 -0.8416
2193 1.3172 1.4940 -0.9245
2194 1.3694 1.5532 -0.9508
2195 1.4303 1.6224 -0.9363
2196 1.4878 1.6876 -0.9145
2197 1.5416 1.7486 -0.8852
2198 1.5914 1.8051 -0.8479
2199 1.6358 1.8555 -0.8409
2200 1.6810 1.9067 -0.8884
2201 1.7328 1.9655 -0.9523
2202 1.7883 2.0284 -0.9860
2203 1.8436 2.0911 -0.9905
2204 1.8971 2.1519 -0.9759
2205 1.9401 2.2006 -0.9217
2206 1.9639 2.2277 -0.8236
2207 1.9795 2.2453 -0.7259
2208 2.0060 2.2754 -0.6657
2209 2.0448 2.3193 -0.6304
2210 2.0883 2.3687 -0.5986
2211 2.1426 2.4303 -0.5739
2212 2.2098 2.5066 -0.5528
2213 2.2647 2.5688 -0.5083
2214 2.2821 2.5885 -0.4293
2215 2.2725 2.5776 -0.3371
2216 2.2581 2.5613 -0.2502
2217 2.2387 2.5393 -0.1689
2218 2.2140 2.5113 -0.0936
2219 2.2094 2.5060 -0.0264
2220 2.2408 2.5417 0.0419
2221 2.2831 2.5896 0.1203
2222 2.3053 2.6149 0.2042
2223 2.3083 2.6183 0.2878
2224 2.2987 2.6073 0.3688
2225 2.2628 2.5667 0.4337
2226 2.1979 2.4931 0.4698
2227 2.1333 2.4198 0.4933
2228 2.0935 2.3747 0.5334
2229 2.0702 2.3482 0.5920
2230 2.0491 2.3243 0.6578
2231 2.0328 2.3058 0.7399
2232 2.0189 2.2900 0.8416
2233 1.9894 2.2565 0.9245
2234 1.9372 2.1973 0.9508
2235 1.8762 2.1281 0.9363
2236 1.8187 2.0629 0.9145
2237 1.7649 2.0019 0.8852
2238 1.7152 1.9455 0.8479
2239 1.6708 1.8951 0.8409
2240 1.6256 1.8439 0.8884
2241 1.4849 1.7950 0.8935
2242 1.4287 1.7270 0.9454
2243 1.3715 1.6579 0.9674
2244 1.3269 1.6040 0.9264
2245 1.2962 1.5668 0.8486
2246 1.2711 1.5365 0.7701
2247 1.2520 1.5134 0.6909
2248 1.2391 1.4978 0.6111
2249 1.2151 1.4688 0.5576
2250 1.1645 1.4076 0.5393
2251 1.1016 1.3316 0.5245
2252 1.0509 1.2703 0.4856
2253 1.0141 1.2258 0.4278
2254 0.9875 1.1936 0.3593
2255 0.9864 1.1924 0.2767
2256 1.0185 1.2311 0.1868
2257 1.0555 1.2759 0.1066
2258 1.0675 1.2904 0.0389
2259 1.0597 1.2809 -0.0263
2260 1.0471 1.2657 -0.0947
2261 1.0240 1.2378 -0.1704
2262 0.9909 1.1978 -0.2586
2263 0.9769 1.1809 -0.3483
2264 1.0030 1.2125 -0.4183
2265 1.0526 1.2724 -0.4665
2266 1.1027 1.3329 -0.5058
2267 1.1532 1.3940 -0.5359
2268 1.2040 1.4554 -0.5561
2269 1.2382 1.4967 -0.5937
2270 1.2498 1.5107 -0.6732
2271 1.2592 1.5222 -0.7718
2272 1.2840 1.5521 -0.8514
2273 1.3209 1.5967 -0.9091
2274 1.3645 1.6494 -0.9508
2275 1.4172 1.7131 -0.9525
2276 1.4745 1.7823 -0.9022
2277 1.5256 1.8441 -0.8441
2278 1.5688 1.8963 -0.8253
2279 1.6103 1.9466 -0.8376
2280 1.6539 1.9992 -0.8574
2281 1.7022 2.0576 -0.8935
2282 1.7584 2.1256 -0.9454
2283 1.8156 2.1946 -0.9674
2284 1.8602 2.2486 -0.9264
2285 1.8909 2.2857 -0.8486
2286 1.9160 2.3160 -0.7701
2287 1.9351 2.3392 -0.6909
2288 1.9480 2.3547 -0.6111
2289 1.9720 2.3838 -0.5576
2290 2.0227 2.4450 -0.5393
2291 2.0855 2.5209 -0.5245
2292 2.1362 2.5823 -0.4856
2293 2.1730 2.6267 -0.4278
2294 2.1996 2.6589 -0.3593
2295 2.2007 2.6602 -0.2767
2296 2.1686 2.6214 -0.1868
2297 2.1316 2.5767 -0.1066
2298 2.1196 2.5622 -0.0389
2299 2.1275 2.5717 0.0263
2300 2.1401 2.5869 0.0947
2301 2.1631 2.6147 0.1704
2302 2.1962 2.6547 0.2586
2303 2.2102 2.6717 0.3483
2304 2.1841 2.6401 0.4183
2305 2.1345 2.5801 0.4665
2306 2.0844 2.5196 0.5058
2307 2.0339 2.4586 0.5359
2308 1.9831 2.3972 0.5561
2309 1.9490 2.3559 0.5937
2310 1.9373 2.3418 0.6732
2311 1.9279 2.3304 0.7718
2312 1.9031 2.3005 0.8514
2313 1.8662 2.2559 0.9091
2314 1.8226 2.2031 0.9508
2315 1.7700 2.1395 0.9525
2316 1.7127 2.0702 0.9022
2317 1.6615 2.0084 0.8441
2318 1.6184 1.9563 0.8253
2319 1.5768 1.9060 0.8376
2320 1.5332 1.8534 0.8574
2321 1.4028 1.8085 0.8224
2322 1.3483 1.7382 0.8769
2323 1.2932 1.6672 0.9014
2324 1.2560 1.6193 0.8512
2325 1.2341 1.5910 0.7665
2326 1.2128 1.5635 0.6942
2327 1.1965 1.5425 0.6213
2328 1.1920 1.5368 0.5379
2329 1.1762 1.5164 0.4806
2330 1.1264 1.4522 0.4654
2331 1.0643 1.3720 0.4516
2332 1.0221 1.3177 0.4078
2333 0.9942 1.2817 0.3476
2334 0.9680 1.2480 0.2832
2335 0.9665 1.2460 0.2063
2336 1.0055 1.2963 0.1223
2337 1.0488 1.3522 0.0496
2338 1.0586 1.3647 -0.0121
2339 1.0490 1.3524 -0.0745
2340 1.0436 1.3454 -0.1391
2341 1.0282 1.3256 -0.2112
2342 0.9948 1.2825 -0.3002
2343 0.9798 1.2631 -0.3901
2344 1.0105 1.3028 -0.4507
2345 1.0625 1.3697 -0.4865
2346 1.1068 1.4269 -0.5212
2347 1.1514 1.4844 -0.5478
2348 1.2026 1.5503 -0.5551
2349 1.2377 1.5956 -0.5809
2350 1.2470 1.6077 -0.6621
2351 1.2555 1.6186 -0.7636
2352 1.2823 1.6532 -0.8324
2353 1.3192 1.7007 -0.8779
2354 1.3587 1.7516 -0.9206
2355 1.4058 1.8123 -0.9231
2356 1.4573 1.8787 -0.8594
2357 1.5019 1.9362 -0.7887
2358 1.5397 1.9850 -0.7729
2359 1.5780 2.0343 -0.7885
2360 1.6176 2.0853 -0.7973
2361 1.6617 2.1422 -0.8224
2362 1.7163 2.2126 -0.8769
2363 1.7714 2.2836 -0.9014
2364 1.8085 2.3315 -0.8512
2365 1.8304 2.3598 -0.7665
2366 1.8517 2.3872 -0.6942
2367 1.8680 2.4082 -0.6213
2368 1.8725 2.4140 -0.5379
2369 1.8883 2.4344 -0.4806
2370 1.9381 2.4986 -0.4654
2371 2.0003 2.5787 -0.4516
2372 2.0424 2.6331 -0.4078
2373 2.0703 2.6690 -0.3476
2374 2.0965 2.7028 -0.2832
2375 2.0981 2.7048 -0.2063
2376 2.0590 2.6545 -0.1223
2377 2.0157 2.5986 -0.0496
2378 2.0060 2.5861 0.0121
2379 2.0155 2.5984 0.0745
2380 2.0209 2.6054 0.1391
2381 2.0363 2.6252 0.2112
2382 2.0697 2.6683 0.3002
2383 2.0848 2.6877 0.3901
2384 2.0540 2.6480 0.4507
2385 2.0021 2.5811 0.4865
2386 1.9578 2.5239 0.5212
2387 1.9131 2.4663 0.5478
2388 1.8620 2.4004 0.5551
2389 1.8268 2.3551 0.5809
2390 1.8175 2.3431 0.6621
2391 1.8090 2.3322 0.7636
2392 1.7822 2.2976 0.8324
2393 1.7453 2.2500 0.8779
2394 1.7059 2.1992 0.9206
2395 1.6587 2.1384 0.9231
2396 1.6072 2.0720 0.8594
2397 1.5627 2.0146 0.7887
2398 1.5248 1.9658 0.7729
2399 1.4866 1.9165 0.7885
2400 1.4470 1.8654 0.7973
2401 1.3242 1.8225 0.7608
2402 1.2763 1.7567 0.7934
2403 1.2306 1.6938 0.7975
2404 1.1946 1.6442 0.7632
2405 1.1728 1.6142 0.6948
2406 1.1641 1.6022 0.6083
2407 1.1614 1.5985 0.5241
2408 1.1544 1.5889 0.4578
2409 1.1343 1.5612 0.4143
2410 1.0980 1.5112 0.3873
2411 1.0505 1.4459 0.3632
2412 1.0031 1.3807 0.3286
2413 0.9691 1.3338 0.2766
2414 0.9579 1.3184 0.2090
2415 0.9709 1.3363 0.1343
2416 1.0007 1.3773 0.0628
2417 1.0338 1.4229 0.0000
2418 1.0564 1.4540 -0.0553
2419 1.0602 1.4593 -0.1103
2420 1.0458 1.4395 -0.1730
2421 1.0222 1.4070 -0.2472
2422 1.0031 1.3807 -0.3286
2423 1.0007 1.3773 -0.4064
2424 1.0209 1.4051 -0.4677
2425 1.0611 1.4605 -0.5048
2426 1.1119 1.5304 -0.5196
2427 1.1614 1.5985 -0.5241
2428 1.2004 1.6522 -0.5360
2429 1.2259 1.6873 -0.5703
2430 1.2418 1.7092 -0.6320
2431 1.2560 1.7287 -0.7128
2432 1.2763 1.7567 -0.7934
2433 1.3069 1.7988 -0.8513
2434 1.3466 1.8535 -0.8704
2435 1.3905 1.9139 -0.8482
2436 1.4326 1.9718 -0.7975
2437 1.4695 2.0225 -0.7412
2438 1.5020 2.0673 -0.7027
2439 1.5343 2.1118 -0.6962
2440 1.5712 2.1625 -0.7207
2441 1.6148 2.2225 -0.7608
2442 1.6626 2.2884 -0.7934
2443 1.7083 2.3513 -0.7975
2444 1.7444 2.4009 -0.7632
2445 1.7662 2.4309 -0.6948
2446 1.7749 2.4429 -0.6083
2447 1.7775 2.4466 -0.5241
2448 1.7845 2.4562 -0.4578
2449 1.8047 2.4839 -0.4143
2450 1.8409 2.5338 -0.3873
2451 1.8884 2.5992 -0.3632
2452 1.9358 2.6644 -0.3286
2453 1.9698 2.7113 -0.2766
2454 1.9811 2.7267 -0.2090
2455 1.9680 2.7088 -0.1343
2456 1.9382 2.6678 -0.0628
2457 1.9051 2.6222 -0.0000
2458 1.8825 2.5911 0.0553
2459 1.8787 2.5858 0.1103
2460 1.8931 2.6056 0.1730
2461 1.9167 2.6381 0.2472
2462 1.9358 2.6644 0.3286
2463 1.9382 2.6678 0.4064
2464 1.9181 2.6400 0.4677
2465 1.8778 2.5846 0.5048
2466 1.8270 2.5147 0.5196
2467 1.7775 2.4466 0.5241
2468 1.7385 2.3929 0.5360
2469 1.7130 2.3577 0.5703
2470 1.6971 2.3359 0.6320
2471 1.6829 2.3164 0.7128
2472 1.6626 2.2884 0.7934
2473 1.6320 2.2463 0.8513
2474 1.5923 2.1916 0.8704
2475 1.5484 2.1312 0.8482
2476 1.5064 2.0733 0.7975
2477 1.4695 2.0225 0.7412
2478 1.4370 1.9778 0.7027
2479 1.4046 1.9333 0.6962
2480 1.3678 1.8826 0.7207
2481 1.2498 1.8391 0.6982
2482 1.2097 1.7800 0.7101
2483 1.1740 1.7275 0.6955
2484 1.1379 1.6744 0.6766
2485 1.1151 1.6408 0.6239
2486 1.1189 1.6464 0.5256
2487 1.1294 1.6619 0.4326
2488 1.1190 1.6465 0.3823
2489 1.0940 1.6097 0.3514
2490 1.0708 1.5757 0.3150
2491 1.0375 1.5266 0.2831
2492 0.9847 1.4490 0.2561
2493 0.9446 1.3900 0.2104
2494 0.9473 1.3939 0.1422
2495 0.9734 1.4323 0.0726
2496 0.9939 1.4624 0.0115
2497 1.0169 1.4964 -0.0435
2498 1.0508 1.5463 -0.0897
2499 1.0663 1.5691 -0.1348
2500 1.0436 1.5356 -0.1979
2501 1.0128 1.4902 -0.2764
2502 1.0061 1.4804 -0.3479
2503 1.0143 1.4925 -0.4113
2504 1.0249 1.5081 -0.4755
2505 1.0545 1.5517 -0.5161
2506 1.1098 1.6330 -0.5093
2507 1.1621 1.7099 -0.4906
2508 1.1903 1.7515 -0.5092
2509 1.2077 1.7771 -0.5537
2510 1.2282 1.8072 -0.5949
2511 1.2461 1.8335 -0.6542
2512 1.2613 1.8559 -0.7481
2513 1.2869 1.8937 -0.8194
2514 1.3253 1.9501 -0.8147
2515 1.3644 2.0076 -0.7682
2516 1.3987 2.0582 -0.7318
2517 1.4296 2.1036 -0.6908
2518 1.4556 2.1419 -0.6304
2519 1.4810 2.1792 -0.6029
2520 1.5165 2.2314 -0.6434
2521 1.5606 2.2963 -0.6982
2522 1.6007 2.3554 -0.7101
2523 1.6364 2.4079 -0.6955
2524 1.6725 2.4610 -0.6766
2525 1.6953 2.4946 -0.6239
2526 1.6915 2.4890 -0.5256
2527 1.6810 2.4735 -0.4326
2528 1.6914 2.4889 -0.3823
2529 1.7164 2.5257 -0.3514
2530 1.7396 2.5597 -0.3150
2531 1.7730 2.6088 -0.2831
2532 1.8257 2.6864 -0.2561
2533 1.8658 2.7455 -0.2104
2534 1.8631 2.7415 -0.1422
2535 1.8370 2.7031 -0.0726
2536 1.8165 2.6730 -0.0115
2537 1.7935 2.6390 0.0435
2538 1.7596 2.5891 0.0897
2539 1.7441 2.5663 0.1348
2540 1.7668 2.5998 0.1979
2541 1.7976 2.6452 0.2764
2542 1.8043 2.6550 0.3479
2543 1.7961 2.6429 0.4113
2544 1.7855 2.6273 0.4755
2545 1.7559 2.5837 0.5161
2546 1.7006 2.5024 0.5093
2547 1.6483 2.4255 0.4906
2548 1.6201 2.3839 0.5092
2549 1.6027 2.3583 0.5537
2550 1.5823 2.3282 0.5949
2551 1.5643 2.3019 0.6542
2552 1.5492 2.2795 0.7481
2553 1.5235 2.2417 0.8194
2554 1.4851 2.1853 0.8147
2555 1.4460 2.1278 0.7682
2556 1.4117 2.0772 0.7318
2557 1.3808 2.0318 0.6908
2558 1.3548 1.9935 0.6304
2559 1.3295 1.9562 0.6029
2560 1.2940 1.9040 0.6434
2561 1.1821 1.8626 0.6247
2562 1.1438 1.8023 0.6406
2563 1.1101 1.7492 0.6302
2564 1.0803 1.7023 0.6039
2565 1.0648 1.6778 0.5461
2566 1.0706 1.6870 0.4567
2567 1.0821 1.7051 0.3727
2568 1.0782 1.6990 0.3204
2569 1.0600 1.6704 0.2868
2570 1.0369 1.6338 0.2551
2571 1.0034 1.5810 0.2259
2572 0.9584 1.5103 0.1946
2573 0.9261 1.4593 0.1472
2574 0.9275 1.4615 0.0849
2575 0.9509 1.4984 0.0228
2576 0.9763 1.5385 -0.0320
2577 1.0038 1.5817 -0.0792
2578 1.0334 1.6284 -0.1183
2579 1.0454 1.6472 -0.1595
2580 1.0289 1.6212 -0.2191
2581 1.0048 1.5834 -0.2940
2582 0.9963 1.5700 -0.3654
2583 1.0019 1.5787 -0.4283
2584 1.0160 1.6010 -0.4838
2585 1.0469 1.6497 -0.5129
2586 1.0948 1.7252 -0.5019
2587 1.1399 1.7961 -0.4805
2588 1.1679 1.8403 -0.4877
2589 1.1859 1.8687 -0.5217
2590 1.2029 1.8954 -0.5650
2591 1.2185 1.9201 -0.6275
2592 1.2353 1.9465 -0.7113
2593 1.2607 1.9865 -0.7716
2594 1.2941 2.0391 -0.7691
2595 1.3274 2.0916 -0.7253
2596 1.3567 2.1378 -0.6779
2597 1.3820 2.1777 -0.6266
2598 1.4030 2.2107 -0.5714
2599 1.4250 2.2455 -0.5491
2600 1.4570 2.2958 -0.5799
2601 1.4971 2.3590 -0.6247
2602 1.5353 2.4193 -0.6406
2603 1.5691 2.4725 -0.6302
2604 1.5988 2.5193 -0.6039
2605 1.6144 2.5438 -0.5461
2606 1.6085 2.5346 -0.4567
2607 1.5970 2.5165 -0.3727
2608 1.6009 2.5226 -0.3204
2609 1.6191 2.5513 -0.2868
2610 1.6423 2.5878 -0.2551
2611 1.6758 2.6406 -0.2259
2612 1.7207 2.7114 -0.1946
2613 1.7530 2.7623 -0.1472
2614 1.7517 2.7602 -0.0849
2615 1.7282 2.7232 -0.0228
2616 1.7028 2.6832 0.0320
2617 1.6753 2.6399 0.0792
2618 1.6457 2.5933 0.1183
2619 1.6338 2.5744 0.1595
2620 1.6503 2.6004 0.2191
2621 1.6743 2.6383 0.2940
2622 1.6828 2.6517 0.3654
2623 1.6773 2.6429 0.4283
2624 1.6631 2.6207 0.4838
2625 1.6322 2.5719 0.5129
2626 1.5843 2.4965 0.5019
2627 1.5393 2.4255 0.4805
2628 1.5112 2.3813 0.4877
2629 1.4932 2.3530 0.5217
2630 1.4762 2.3262 0.5650
2631 1.4606 2.3016 0.6275
2632 1.4438 2.2751 0.7113
2633 1.4184 2.2351 0.7716
2634 1.3851 2.1825 0.7691
2635 1.3518 2.1301 0.7253
2636 1.3224 2.0838 0.6779
2637 1.2971 2.0440 0.6266
2638 1.2762 2.0109 0.5714
2639 1.2541 1.9761 0.5491
2640 1.2222 1.9258 0.5799
2641 1.1156 1.8864 0.5609
2642 1.0740 1.8160 0.5939
2643 1.0359 1.7516 0.5995
2644 1.0167 1.7192 0.5525
2645 1.0133 1.7133 0.4784
2646 1.0136 1.7140 0.4076
2647 1.0180 1.7213 0.3400
2648 1.0264 1.7356 0.2758
2649 1.0216 1.7274 0.2320
2650 0.9902 1.6743 0.2096
2651 0.9482 1.6033 0.1851
2652 0.9184 1.5529 0.1441
2653 0.9013 1.5240 0.0921
2654 0.8928 1.5096 0.0352
2655 0.9051 1.5304 -0.0227
2656 0.9428 1.5942 -0.0715
2657 0.9819 1.6604 -0.1089
2658 0.9992 1.6896 -0.1469
2659 1.0003 1.6915 -0.1926
2660 0.9975 1.6866 -0.2441
2661 0.9871 1.6691 -0.3084
2662 0.9703 1.6406 -0.3901
2663 0.9674 1.6358 -0.4650
2664 0.9914 1.6763 -0.5027
2665 1.0291 1.7401 -0.5095
2666 1.0651 1.8010 -0.5087
2667 1.0995 1.8592 -0.5002
2668 1.1322 1.9144 -0.4836
2669 1.1545 1.9521 -0.4931
2670 1.1659 1.9714 -0.5548
2671 1.1784 1.9925 -0.6373
2672 1.1992 2.0278 -0.6959
2673 1.2257 2.0725 -0.7294
2674 1.2547 2.1216 -0.7461
2675 1.2842 2.1714 -0.7220
2676 1.3090 2.2134 -0.6479
2677 1.3281 2.2456 -0.5710
2678 1.3474 2.2783 -0.5370
2679 1.3706 2.3176 -0.5349
2680 1.3968 2.3619 -0.5405
2681 1.4296 2.4173 -0.5609
2682 1.4712 2.4877 -0.5939
2683 1.5093 2.5521 -0.5995
2684 1.5285 2.5846 -0.5525
2685 1.5319 2.5904 -0.4784
2686 1.5316 2.5897 -0.4076
2687 1.5272 2.5824 -0.3400
2688 1.5188 2.5681 -0.2758
2689 1.5236 2.5763 -0.2320
2690 1.5550 2.6294 -0.2096
2691 1.5970 2.7004 -0.1851
2692 1.6268 2.7508 -0.1441
2693 1.6439 2.7797 -0.0921
2694 1.6524 2.7941 -0.0352
2695 1.6401 2.7733 0.0227
2696 1.6024 2.7095 0.0715
2697 1.5633 2.6434 0.1089
2698 1.5460 2.6141 0.1469
2699 1.5449 2.6123 0.1926
2700 1.5478 2.6171 0.2441
2701 1.5581 2.6347 0.3084
2702 1.5749 2.6631 0.3901
2703 1.5778 2.6679 0.4650
2704 1.5538 2.6274 0.5027
2705 1.5161 2.5636 0.5095
2706 1.4801 2.5027 0.5087
2707 1.4457 2.4445 0.5002
2708 1.4130 2.3893 0.4836
2709 1.3907 2.3516 0.4931
2710 1.3793 2.3323 0.5548
2711 1.3668 2.3112 0.6373
2712 1.3460 2.2759 0.6959
2713 1.3195 2.2312 0.7294
2714 1.2905 2.1821 0.7461
2715 1.2611 2.1323 0.7220
2716 1.2362 2.0903 0.6479
2717 1.2172 2.0581 0.5710
2718 1.1978 2.0254 0.5370
2719 1.1746 1.9861 0.5349
2720 1.1484 1.9418 0.5405
2721 1.0396 1.8910 0.5390
2722 0.9972 1.8140 0.5727
2723 0.9586 1.7437 0.5787
2724 0.9441 1.7173 0.5236
2725 0.9456 1.7201 0.4443
2726 0.9453 1.7195 0.3780
2727 0.9483 1.7249 0.3144
2728 0.9611 1.7483 0.2473
2729 0.9611 1.7482 0.2000
2730 0.9288 1.6894 0.1760
2731 0.8864 1.6123 0.1475
2732 0.8628 1.5695 0.1009
2733 0.8518 1.5493 0.0461
2734 0.8419 1.5315 -0.0118
2735 0.8518 1.5494 -0.0692
2736 0.8924 1.6233 -0.1130
2737 0.9340 1.6989 -0.1441
2738 0.9481 1.7246 -0.1821
2739 0.9474 1.7233 -0.2308
2740 0.9495 1.7272 -0.2801
2741 0.9447 1.7185 -0.3420
2742 0.9285 1.6889 -0.4300
2743 0.9256 1.6837 -0.5102
2744 0.9521 1.7319 -0.5404
2745 0.9903 1.8014 -0.5371
2746 1.0223 1.8595 -0.5378
2747 1.0529 1.9153 -0.5316
2748 1.0852 1.9740 -0.5049
2749 1.1080 2.0155 -0.5051
2750 1.1196 2.0365 -0.5721
2751 1.1333 2.0615 -0.6601
2752 1.1558 2.1023 -0.7090
2753 1.1822 2.1504 -0.7320
2754 1.2101 2.2011 -0.7524
2755 1.2377 2.2514 -0.7319
2756 1.2588 2.2898 -0.6476
2757 1.2738 2.3171 -0.5613
2758 1.2921 2.3504 -0.5319
2759 1.3156 2.3931 -0.5335
2760 1.3393 2.4362 -0.5290
2761 1.3692 2.4905 -0.5390
2762 1.4115 2.5676 -0.5727
2763 1.4502 2.6378 -0.5787
2764 1.4647 2.6643 -0.5236
2765 1.4631 2.6615 -0.4443
2766 1.4635 2.6620 -0.3780
2767 1.4605 2.6566 -0.3144
2768 1.4476 2.6332 -0.2473
2769 1.4477 2.6334 -0.2000
2770 1.4800 2.6921 -0.1760
2771 1.5224 2.7692 -0.1475
2772 1.5459 2.8120 -0.1009
2773 1.5570 2.8322 -0.0461
2774 1.5668 2.8501 0.0118
2775 1.5570 2.8321 0.0692
2776 1.5163 2.7582 0.1130
2777 1.4748 2.6827 0.1441
2778 1.4606 2.6569 0.1821
2779 1.4614 2.6582 0.2308
2780 1.4592 2.6543 0.2801
2781 1.4640 2.6631 0.3420
2782 1.4803 2.6926 0.4300
2783 1.4832 2.6979 0.5102
2784 1.4566 2.6496 0.5404
2785 1.4185 2.5802 0.5371
2786 1.3865 2.5220 0.5378
2787 1.3558 2.4663 0.5316
2788 1.3235 2.4075 0.5049
2789 1.3007 2.3660 0.5051
2790 1.2892 2.3450 0.5721
2791 1.2755 2.3201 0.6601
2792 1.2530 2.2792 0.7090
2793 1.2266 2.2311 0.7320
2794 1.1987 2.1804 0.7524
2795 1.1711 2.1301 0.7319
2796 1.1499 2.0917 0.6476
2797 1.1350 2.0645 0.5613
2798 1.1166 2.0312 0.5319
2799 1.0932 1.9885 0.5335
2800 1.0695 1.9453 0.5290
2801 0.9498 1.8641 0.5614
2802 0.9130 1.7919 0.5724
2803 0.8817 1.7304 0.5579
2804 0.8626 1.6929 0.5124
2805 0.8585 1.6849 0.4424
2806 0.8664 1.7003 0.3626
2807 0.8781 1.7233 0.2884
2808 0.8838 1.7346 0.2292
2809 0.8764 1.7201 0.1850
2810 0.8546 1.6772 0.1483
2811 0.8238 1.6168 0.1086
2812 0.7943 1.5589 0.0591
2813 0.7768 1.5245 0.0000
2814 0.7779 1.5266 -0.0619
2815 0.7975 1.5651 -0.1178
2816 0.8286 1.6263 -0.1620
2817 0.8607 1.6893 -0.1963
2818 0.8838 1.7346 -0.2292
2819 0.8927 1.7521 -0.2719
2820 0.8891 1.7450 -0.3319
2821 0.8801 1.7273 -0.4079
2822 0.8751 1.7175 -0.4888
2823 0.8817 1.7304 -0.5579
2824 0.9023 1.7709 -0.6000
2825 0.9341 1.8333 -0.6090
2826 0.9704 1.9045 -0.5917
2827 1.0041 1.9706 -0.5659
2828 1.0309 2.0233 -0.5532
2829 1.0510 2.0626 -0.5695
2830 1.0677 2.0954 -0.6176
2831 1.0857 2.1308 -0.6854
2832 1.1082 2.1749 -0.7504
2833 1.1350 2.2275 -0.7890
2834 1.1631 2.2827 -0.7866
2835 1.1884 2.3324 -0.7434
2836 1.2085 2.3719 -0.6748
2837 1.2241 2.4024 -0.6041
2838 1.2390 2.4317 -0.5532
2839 1.2584 2.4697 -0.5336
2840 1.2856 2.5232 -0.5416
2841 1.3202 2.5909 -0.5614
2842 1.3569 2.6631 -0.5724
2843 1.3883 2.7246 -0.5579
2844 1.4074 2.7621 -0.5124
2845 1.4114 2.7701 -0.4424
2846 1.4036 2.7547 -0.3626
2847 1.3919 2.7318 -0.2884
2848 1.3861 2.7205 -0.2292
2849 1.3935 2.7350 -0.1850
2850 1.4154 2.7778 -0.1483
2851 1.4461 2.8382 -0.1086
2852 1.4756 2.8961 -0.0591
2853 1.4932 2.9306 -0.0000
2854 1.4921 2.9284 0.0619
2855 1.4725 2.8899 0.1178
2856 1.4413 2.8287 0.1620
2857 1.4092 2.7657 0.1963
2858 1.3861 2.7205 0.2292
2859 1.3772 2.7029 0.2719
2860 1.3808 2.7100 0.3319
2861 1.3898 2.7277 0.4079
2862 1.3948 2.7375 0.4888
2863 1.3883 2.7246 0.5579
2864 1.3676 2.6841 0.6000
2865 1.3358 2.6217 0.6090
2866 1.2996 2.5506 0.5917
2867 1.2659 2.4844 0.5659
2868 1.2390 2.4317 0.5532
2869 1.2190 2.3924 0.5695
2870 1.2023 2.3596 0.6176
2871 1.1843 2.3242 0.6854
2872 1.1618 2.2801 0.7504
2873 1.1350 2.2275 0.7890
2874 1.1069 2.1724 0.7866
2875 1.0815 2.1226 0.7434
2876 1.0614 2.0832 0.6748
2877 1.0459 2.0526 0.6041
2878 1.0309 2.0233 0.5532
2879 1.0116 1.9853 0.5336
2880 0.9843 1.9318 0.5416
2881 0.8547 1.8164 0.5954
2882 0.8237 1.7505 0.5834
2883 0.7994 1.6989 0.5487
2884 0.7755 1.6479 0.5096
2885 0.7655 1.6269 0.4455
2886 0.7809 1.6594 0.3527
2887 0.8004 1.7008 0.2684
2888 0.7992 1.6983 0.2133
2889 0.7850 1.6683 0.1685
2890 0.7730 1.6427 0.1195
2891 0.7530 1.6003 0.0691
2892 0.7186 1.5271 0.0128
2893 0.6957 1.4784 -0.0545
2894 0.7067 1.5018 -0.1196
2895 0.7348 1.5615 -0.1731
2896 0.7577 1.6103 -0.2216
2897 0.7818 1.6615 -0.2628
2898 0.8126 1.7270 -0.2897
2899 0.8301 1.7640 -0.3255
2900 0.8224 1.7477 -0.3996
2901 0.8110 1.7234 -0.4925
2902 0.8160 1.7342 -0.5654
2903 0.8308 1.7656 -0.6224
2904 0.8475 1.8010 -0.6787
2905 0.8748 1.8590 -0.7020
2906 0.9143 1.9430 -0.6660
2907 0.9502 2.0192 -0.6203
2908 0.9736 2.0691 -0.6230
2909 0.9927 2.1096 -0.6563
2910 1.0136 2.1540 -0.6845
2911 1.0350 2.1995 -0.7314
2912 1.0590 2.2505 -0.8123
2913 1.0876 2.3114 -0.8661
2914 1.1154 2.3703 -0.8403
2915 1.1381 2.4187 -0.7743
2916 1.1588 2.4626 -0.7203
2917 1.1763 2.4999 -0.6638
2918 1.1878 2.5242 -0.5914
2919 1.2031 2.5566 -0.5505
2920 1.2346 2.6236 -0.5685
2921 1.2742 2.7077 -0.5954
2922 1.3052 2.7736 -0.5834
2923 1.3294 2.8252 -0.5487
2924 1.3534 2.8762 -0.5096
2925 1.3634 2.8973 -0.4455
2926 1.3480 2.8647 -0.3527
2927 1.3285 2.8233 -0.2684
2928 1.3297 2.8258 -0.2133
2929 1.3439 2.8559 -0.1685
2930 1.3559 2.8814 -0.1195
2931 1.3758 2.9238 -0.0691
2932 1.4103 2.9971 -0.0128
2933 1.4332 3.0457 0.0545
2934 1.4222 3.0224 0.1196
2935 1.3941 2.9627 0.1731
2936 1.3712 2.9138 0.2216
2937 1.3471 2.8627 0.2628
2938 1.3162 2.7972 0.2897
2939 1.2988 2.7601 0.3255
2940 1.3065 2.7765 0.3996
2941 1.3179 2.8008 0.4925
2942 1.3129 2.7900 0.5654
2943 1.2981 2.7586 0.6224
2944 1.2814 2.7232 0.6787
2945 1.2541 2.6652 0.7020
2946 1.2146 2.5812 0.6660
2947 1.1787 2.5049 0.6203
2948 1.1553 2.4551 0.6230
2949 1.1362 2.4145 0.6563
2950 1.1153 2.3702 0.6845
2951 1.0939 2.3246 0.7314
2952 1.0699 2.2736 0.8123
2953 1.0412 2.2128 0.8661
2954 1.0135 2.1539 0.8403
2955 0.9908 2.1055 0.7743
2956 0.9701 2.0616 0.7203
2957 0.9526 2.0243 0.6638
2958 0.9411 1.9999 0.5914
2959 0.9258 1.9675 0.5505
2960 0.8943 1.9005 0.5685
2961 0.7658 1.7697 0.6088
2962 0.7337 1.6955 0.5938
2963 0.7083 1.6368 0.5558
2964 0.6880 1.5898 0.5043
2965 0.6817 1.5754 0.4307
2966 0.6948 1.6056 0.3389
2967 0.7115 1.6442 0.2550
2968 0.7139 1.6496 0.1922
2969 0.7041 1.6272 0.1387
2970 0.6910 1.5968 0.0839
2971 0.6707 1.5498 0.0255
2972 0.6429 1.4856 -0.0416
2973 0.6263 1.4473 -0.1166
2974 0.6356 1.4689 -0.1863
2975 0.6609 1.5272 -0.2429
2976 0.6869 1.5874 -0.2911
2977 0.7139 1.6496 -0.3306
2978 0.7416 1.7137 -0.3609
2979 0.7575 1.7504 -0.4028
2980 0.7559 1.7467 -0.4781
2981 0.7511 1.7356 -0.5717
2982 0.7571 1.7495 -0.6525
2983 0.7721 1.7843 -0.7165
2984 0.7926 1.8315 -0.7677
2985 0.8218 1.8991 -0.7834
2986 0.8583 1.9834 -0.7505
2987 0.8916 2.0603 -0.7084
2988 0.9165 2.1180 -0.7025
2989 0.9378 2.1671 -0.7270
2990 0.9595 2.2174 -0.7601
2991 0.9827 2.2710 -0.8113
2992 1.0094 2.3325 -0.8813
2993 1.0392 2.4014 -0.9230
2994 1.0668 2.4653 -0.8995
2995 1.0893 2.5173 -0.8359
2996 1.1085 2.5615 -0.7703
2997 1.1242 2.5978 -0.7025
2998 1.1362 2.6256 -0.6327
2999 1.1528 2.6640 -0.5927
3000 1.1828 2.7332 -0.5968
3001 1.2199 2.8191 -0.6088
3002 1.2520 2.8933 -0.5938
3003 1.2774 2.9520 -0.5558
3004 1.2978 2.9990 -0.5043
3005 1.3040 3.0134 -0.4307
3006 1.2909 2.9832 -0.3389
3007 1.2742 2.9445 -0.2550
3008 1.2719 2.9392 -0.1922
3009 1.2816 2.9616 -0.1387
3010 1.2947 2.9919 -0.0839
3011 1.3151 3.0390 -0.0255
3012 1.3429 3.1032 0.0416
3013 1.3594 3.1415 0.1166
3014 1.3501 3.1199 0.1863
3015 1.3249 3.0616 0.2429
3016 1.2988 3.0013 0.2911
3017 1.2719 2.9392 0.3306
3018 1.2441 2.8750 0.3609
3019 1.2283 2.8383 0.4028
3020 1.2299 2.8421 0.4781
3021 1.2347 2.8532 0.5717
3022 1.2287 2.8393 0.6525
3023 1.2136 2.8045 0.7165
3024 1.1932 2.7572 0.7677
3025 1.1639 2.6897 0.7834
3026 1.1275 2.6054 0.7505
3027 1.0942 2.5285 0.7084
3028 1.0692 2.4708 0.7025
3029 1.0479 2.4217 0.7270
3030 1.0262 2.3714 0.7601
3031 1.0030 2.3178 0.8113
3032 0.9764 2.2562 0.8813
3033 0.9466 2.1874 0.9230
3034 0.9189 2.1234 0.8995
3035 0.8964 2.0715 0.8359
3036 0.8773 2.0273 0.7703
3037 0.8616 1.9910 0.7025
3038 0.8496 1.9632 0.6327
3039 0.8329 1.9247 0.5927
3040 0.8030 1.8556 0.5968
3041 0.6851 1.7304 0.5999
3042 0.6483 1.6373 0.5921
3043 0.6174 1.5593 0.5593
3044 0.6059 1.5303 0.4872
3045 0.6088 1.5377 0.3982
3046 0.6145 1.5520 0.3139
3047 0.6230 1.5734 0.2347
3048 0.6344 1.6024 0.1608
3049 0.6350 1.6037 0.0979
3050 0.6153 1.5542 0.0391
3051 0.5892 1.4881 -0.0283
3052 0.5738 1.4493 -0.1039
3053 0.5690 1.4371 -0.1820
3054 0.5712 1.4426 -0.2595
3055 0.5883 1.4858 -0.3247
3056 0.6223 1.5718 -0.3655
3057 0.6566 1.6583 -0.3939
3058 0.6763 1.7081 -0.4354
3059 0.6862 1.7332 -0.4933
3060 0.6945 1.7541 -0.5582
3061 0.6995 1.7666 -0.6389
3062 0.7024 1.7739 -0.7390
3063 0.7144 1.8044 -0.8230
3064 0.7410 1.8715 -0.8541
3065 0.7737 1.9542 -0.8462
3066 0.8047 2.0325 -0.8308
3067 0.8339 2.1062 -0.8077
3068 0.8611 2.1749 -0.7766
3069 0.8843 2.2334 -0.7751
3070 0.9059 2.2881 -0.8285
3071 0.9307 2.3507 -0.8995
3072 0.9586 2.4211 -0.9412
3073 0.9873 2.4937 -0.9543
3074 1.0158 2.5657 -0.9484
3075 1.0399 2.6264 -0.9020
3076 1.0549 2.6643 -0.8095
3077 1.0653 2.6907 -0.7165
3078 1.0806 2.7293 -0.6628
3079 1.1019 2.7831 -0.6359
3080 1.1258 2.8434 -0.6134
3081 1.1555 2.9185 -0.5999
3082 1.1924 3.0116 -0.5921
3083 1.2233 3.0896 -0.5593
3084 1.2347 3.1186 -0.4872
3085 1.2318 3.1112 -0.3982
3086 1.2262 3.0969 -0.3139
3087 1.2177 3.0755 -0.2347
3088 1.2062 3.0465 -0.1608
3089 1.2057 3.0452 -0.0979
3090 1.2253 3.0947 -0.0391
3091 1.2514 3.1608 0.0283
3092 1.2668 3.1996 0.1039
3093 1.2716 3.2117 0.1820
3094 1.2694 3.2063 0.2595
3095 1.2524 3.1631 0.3247
3096 1.2183 3.0771 0.3655
3097 1.1841 2.9906 0.3939
3098 1.1643 2.9407 0.4354
3099 1.1544 2.9157 0.4933
3100 1.1461 2.8948 0.5582
3101 1.1412 2.8823 0.6389
3102 1.1383 2.8749 0.7390
3103 1.1262 2.8445 0.8230
3104 1.0997 2.7774 0.8541
3105 1.0669 2.6947 0.8462
3106 1.0359 2.6163 0.8308
3107 1.0067 2.5426 0.8077
3108 0.9795 2.4740 0.7766
3109 0.9564 2.4155 0.7751
3110 0.9347 2.3608 0.8285
3111 0.9099 2.2982 0.8995
3112 0.8821 2.2278 0.9412
3113 0.8533 2.1552 0.9543
3114 0.8248 2.0832 0.9484
3115 0.8008 2.0225 0.9020
3116 0.7858 1.9846 0.8095
3117 0.7753 1.9582 0.7165
3118 0.7600 1.9196 0.6628
3119 0.7387 1.8658 0.6359
3120 0.7148 1.8054 0.6134
3121 0.6081 1.6891 0.5830
3122 0.5718 1.5882 0.5707
3123 0.5413 1.5037 0.5334
3124 0.5339 1.4830 0.4526
3125 0.5403 1.5007 0.3583
3126 0.5446 1.5126 0.2745
3127 0.5513 1.5314 0.1950
3128 0.5656 1.5711 0.1182
3129 0.5698 1.5826 0.0515
3130 0.5505 1.5292 -0.0137
3131 0.5256 1.4598 -0.0897
3132 0.5157 1.4323 -0.1706
3133 0.5156 1.4320 -0.2511
3134 0.5172 1.4365 -0.3332
3135 0.5324 1.4788 -0.4017
3136 0.5673 1.5759 -0.4369
3137 0.6021 1.6723 -0.4586
3138 0.6197 1.7213 -0.5035
3139 0.6289 1.7470 -0.5671
3140 0.6406 1.7794 -0.6283
3141 0.6494 1.8037 -0.7047
3142 0.6535 1.8153 -0.8120
3143 0.6662 1.8504 -0.9019
3144 0.6935 1.9264 -0.9239
3145 0.7255 2.0151 -0.9051
3146 0.7539 2.0939 -0.8924
3147 0.7808 2.1687 -0.8724
3148 0.8068 2.2410 -0.8302
3149 0.8294 2.3038 -0.8179
3150 0.8515 2.3651 -0.8748
3151 0.8772 2.4366 -0.9484
3152 0.9046 2.5127 -0.9777
3153 0.9319 2.5885 -0.9780
3154 0.9597 2.6657 -0.9733
3155 0.9829 2.7301 -0.9283
3156 0.9948 2.7633 -0.8251
3157 1.0022 2.7837 -0.7226
3158 1.0174 2.8259 -0.6706
3159 1.0389 2.8858 -0.6433
3160 1.0597 2.9433 -0.6088
3161 1.0856 3.0153 -0.5830
3162 1.1219 3.1162 -0.5707
3163 1.1523 3.2008 -0.5334
3164 1.1598 3.2214 -0.4526
3165 1.1534 3.2037 -0.3583
3166 1.1491 3.1918 -0.2745
3167 1.1423 3.1730 -0.1950
3168 1.1281 3.1333 -0.1182
3169 1.1239 3.1218 -0.0515
3170 1.1432 3.1753 0.0137
3171 1.1681 3.2446 0.0897
3172 1.1780 3.2721 0.1706
3173 1.1781 3.2724 0.2511
3174 1.1765 3.2680 0.3332
3175 1.1613 3.2256 0.4017
3176 1.1263 3.1285 0.4369
3177 1.0916 3.0321 0.4586
3178 1.0740 2.9831 0.5035
3179 1.0647 2.9574 0.5671
3180 1.0531 2.9250 0.6283
3181 1.0443 2.9007 0.7047
3182 1.0401 2.8891 0.8120
3183 1.0275 2.8540 0.9019
3184 1.0002 2.7780 0.9239
3185 0.9682 2.6894 0.9051
3186 0.9398 2.6105 0.8924
3187 0.9129 2.5357 0.8724
3188 0.8869 2.4634 0.8302
3189 0.8643 2.4006 0.8179
3190 0.8422 2.3393 0.8748
3191 0.8165 2.2678 0.9484
3192 0.7890 2.1917 0.9777
3193 0.7618 2.1159 0.9780
3194 0.7340 2.0387 0.9733
3195 0.7108 1.9743 0.9283
3196 0.6989 1.9411 0.8251
3197 0.6915 1.9207 0.7226
3198 0.6763 1.8785 0.6706
3199 0.6547 1.8186 0.6433
3200 0.6340 1.7611 0.6088
3201 0.5350 1.6467 0.5584
3202 0.5067 1.5596 0.5271
3203 0.4848 1.4920 0.4745
3204 0.4742 1.4593 0.3999
3205 0.4761 1.4652 0.3117
3206 0.4871 1.4991 0.2218
3207 0.5005 1.5405 0.1394
3208 0.5092 1.5671 0.0671
3209 0.5084 1.5646 0.0000
3210 0.4980 1.5327 -0.0699
3211 0.4826 1.4853 -0.1486
3212 0.4694 1.4447 -0.2355
3213 0.4654 1.4323 -0.3230
3214 0.4742 1.4593 -0.3999
3215 0.4948 1.5228 -0.4580
3216 0.5222 1.6073 -0.4964
3217 0.5497 1.6919 -0.5238
3218 0.5717 1.7594 -0.5552
3219 0.5857 1.8027 -0.6045
3220 0.5937 1.8272 -0.6777
3221 0.6000 1.8466 -0.7686
3222 0.6097 1.8764 -0.8601
3223 0.6259 1.9264 -0.9312
3224 0.6490 1.9973 -0.9656
3225 0.6762 2.0812 -0.9594
3226 0.7040 2.1667 -0.9238
3227 0.7295 2.2450 -0.8802
3228 0.7518 2.3138 -0.8523
3229 0.7725 2.3776 -0.8549
3230 0.7942 2.4441 -0.8885
3231 0.8185 2.5190 -0.9383
3232 0.8453 2.6016 -0.9809
3233 0.8723 2.6848 -0.9940
3234 0.8961 2.7580 -0.9656
3235 0.9141 2.8132 -0.8988
3236 0.9259 2.8497 -0.8100
3237 0.9344 2.8758 -0.7210
3238 0.9441 2.9057 -0.6501
3239 0.9593 2.9526 -0.6045
3240 0.9820 3.0222 -0.5788
3241 1.0100 3.1086 -0.5584
3242 1.0383 3.1957 -0.5271
3243 1.0603 3.2633 -0.4745
3244 1.0709 3.2959 -0.3999
3245 1.0690 3.2901 -0.3117
3246 1.0580 3.2562 -0.2218
3247 1.0446 3.2148 -0.1394
3248 1.0359 3.1882 -0.0671
3249 1.0367 3.1907 -0.0000
3250 1.0471 3.2226 0.0699
3251 1.0625 3.2700 0.1486
3252 1.0757 3.3105 0.2355
3253 1.0797 3.3229 0.3230
3254 1.0709 3.2959 0.3999
3255 1.0503 3.2325 0.4580
3256 1.0228 3.1480 0.4964
3257 0.9953 3.0634 0.5238
3258 0.9734 2.9959 0.5552
3259 0.9593 2.9526 0.6045
3260 0.9514 2.9281 0.6777
3261 0.9451 2.9087 0.7686
3262 0.9354 2.8789 0.8601
3263 0.9192 2.8289 0.9312
3264 0.8961 2.7580 0.9656
3265 0.8689 2.6741 0.9594
3266 0.8411 2.5886 0.9238
3267 0.8156 2.5102 0.8802
3268 0.7933 2.4414 0.8523
3269 0.7725 2.3776 0.8549
3270 0.7509 2.3111 0.8885
3271 0.7266 2.2363 0.9383
3272 0.6998 2.1537 0.9809
3273 0.6727 2.0705 0.9940
3274 0.6490 1.9973 0.9656
3275 0.6310 1.9421 0.8988
3276 0.6192 1.9056 0.8100
3277 0.6107 1.8794 0.7210
3278 0.6010 1.8496 0.6501
3279 0.5857 1.8027 0.6045
3280 0.5631 1.7331 0.5788
3281 0.4731 1.6283 0.5105
3282 0.4528 1.5585 0.4644
3283 0.4389 1.5108 0.4010
3284 0.4259 1.4661 0.3332
3285 0.4242 1.4600 0.2515
3286 0.4409 1.5175 0.1605
3287 0.4598 1.5825 0.0805
3288 0.4636 1.5956 0.0132
3289 0.4587 1.5788 -0.0538
3290 0.4558 1.5690 -0.1233
3291 0.4484 1.5436 -0.1995
3292 0.4328 1.4898 -0.2918
3293 0.4257 1.4652 -0.3857
3294 0.4397 1.5136 -0.4526
3295 0.4637 1.5961 -0.4955
3296 0.4844 1.6672 -0.5369
3297 0.5053 1.7393 -0.5698
3298 0.5295 1.8225 -0.5836
3299 0.5463 1.8803 -0.6147
3300 0.5509 1.8963 -0.6996
3301 0.5551 1.9105 -0.8044
3302 0.5679 1.9548 -0.8771
3303 0.5856 2.0156 -0.9267
3304 0.6045 2.0807 -0.9733
3305 0.6273 2.1592 -0.9797
3306 0.6527 2.2466 -0.9197
3307 0.6750 2.3234 -0.8521
3308 0.6938 2.3881 -0.8384
3309 0.7125 2.4524 -0.8559
3310 0.7319 2.5191 -0.8661
3311 0.7531 2.5923 -0.8926
3312 0.7789 2.6810 -0.9486
3313 0.8051 2.7711 -0.9742
3314 0.8237 2.8354 -0.9239
3315 0.8357 2.8766 -0.8379
3316 0.8473 2.9163 -0.7639
3317 0.8564 2.9479 -0.6888
3318 0.8603 2.9611 -0.6022
3319 0.8690 2.9911 -0.5420
3320 0.8927 3.0726 -0.5253
3321 0.9219 3.1732 -0.5105
3322 0.9422 3.2430 -0.4644
3323 0.9560 3.2906 -0.4010
3324 0.9690 3.3354 -0.3332
3325 0.9708 3.3415 -0.2515
3326 0.9541 3.2840 -0.1605
3327 0.9352 3.2190 -0.0805
3328 0.9314 3.2059 -0.0132
3329 0.9363 3.2226 0.0538
3330 0.9391 3.2325 0.1233
3331 0.9465 3.2579 0.1995
3332 0.9621 3.3116 0.2918
3333 0.9693 3.3363 0.3857
3334 0.9552 3.2879 0.4526
3335 0.9312 3.2053 0.4955
3336 0.9106 3.1343 0.5369
3337 0.8896 3.0621 0.5698
3338 0.8655 2.9790 0.5836
3339 0.8487 2.9212 0.6147
3340 0.8440 2.9052 0.6996
3341 0.8399 2.8909 0.8044
3342 0.8270 2.8467 0.8771
3343 0.8094 2.7858 0.9267
3344 0.7904 2.7207 0.9733
3345 0.7677 2.6423 0.9797
3346 0.7423 2.5549 0.9197
3347 0.7199 2.4781 0.8521
3348 0.7012 2.4134 0.8384
3349 0.6825 2.3490 0.8559
3350 0.6631 2.2824 0.8661
3351 0.6418 2.2091 0.8926
3352 0.6161 2.1205 0.9486
3353 0.5899 2.0303 0.9742
3354 0.5712 1.9661 0.9239
3355 0.5592 1.9249 0.8379
3356 0.5477 1.8852 0.7639
3357 0.5385 1.8536 0.6888
3358 0.5347 1.8404 0.6022
3359 0.5260 1.8104 0.5420
3360 0.5023 1.7289 0.5253
3361 0.4256 1.6576 0.4335
3362 0.4071 1.5855 0.3897
3363 0.3944 1.5361 0.3291
3364 0.3859 1.5028 0.2595
3365 0.3875 1.5093 0.1796
3366 0.4022 1.5664 0.0975
3367 0.4185 1.6299 0.0257
3368 0.4247 1.6542 -0.0374
3369 0.4232 1.6481 -0.1009
3370 0.4197 1.6348 -0.1682
3371 0.4124 1.6063 -0.2445
3372 0.4014 1.5635 -0.3347
3373 0.3978 1.5494 -0.4237
3374 0.4093 1.5942 -0.4872
3375 0.4294 1.6723 -0.5257
3376 0.4493 1.7501 -0.5553
3377 0.4692 1.8276 -0.5758
3378 0.4890 1.9045 -0.5866
3379 0.5026 1.9576 -0.6174
3380 0.5085 1.9804 -0.6932
3381 0.5139 2.0015 -0.7886
3382 0.5248 2.0440 -0.8630
3383 0.5399 2.1027 -0.9141
3384 0.5572 2.1701 -0.9484
3385 0.5770 2.2475 -0.9417
3386 0.5975 2.3271 -0.8828
3387 0.6153 2.3966 -0.8172
3388 0.6310 2.4576 -0.7922
3389 0.6468 2.5192 -0.7985
3390 0.6636 2.5844 -0.8122
3391 0.6825 2.6583 -0.8416
3392 0.7050 2.7457 -0.8858
3393 0.7271 2.8318 -0.9003
3394 0.7429 2.8933 -0.8541
3395 0.7524 2.9306 -0.7735
3396 0.7598 2.9593 -0.6932
3397 0.7649 2.9792 -0.6132
3398 0.7676 2.9896 -0.5337
3399 0.7753 3.0194 -0.4789
3400 0.7941 3.0929 -0.4554
3401 0.8178 3.1853 -0.4335
3402 0.8364 3.2574 -0.3897
3403 0.8490 3.3068 -0.3291
3404 0.8576 3.3401 -0.2595
3405 0.8559 3.3336 -0.1796
3406 0.8413 3.2765 -0.0975
3407 0.8250 3.2130 -0.0257
3408 0.8187 3.1888 0.0374
3409 0.8203 3.1948 0.1009
3410 0.8237 3.2081 0.1682
3411 0.8310 3.2366 0.2445
3412 0.8420 3.2794 0.3347
3413 0.8456 3.2935 0.4237
3414 0.8341 3.2487 0.4872
3415 0.8141 3.1706 0.5257
3416 0.7941 3.0928 0.5553
3417 0.7742 3.0154 0.5758
3418 0.7545 2.9384 0.5866
3419 0.7408 2.8853 0.6174
3420 0.7350 2.8625 0.6932
3421 0.7295 2.8414 0.7886
3422 0.7186 2.7989 0.8630
3423 0.7036 2.7402 0.9141
3424 0.6862 2.6728 0.9484
3425 0.6664 2.5955 0.9417
3426 0.6460 2.5159 0.8828
3427 0.6281 2.4463 0.8172
3428 0.6124 2.3853 0.7922
3429 0.5966 2.3238 0.7985
3430 0.5799 2.2586 0.8122
3431 0.5609 2.1846 0.8416
3432 0.5385 2.0973 0.8858
3433 0.5164 2.0111 0.9003
3434 0.5006 1.9496 0.8541
3435 0.4910 1.9123 0.7735
3436 0.4836 1.8836 0.6932
3437 0.4785 1.8637 0.6132
3438 0.4758 1.8533 0.5337
3439 0.4682 1.8235 0.4789
3440 0.4493 1.7500 0.4554
3441 0.3851 1.7230 0.3456
3442 0.3653 1.6344 0.3119
3443 0.3505 1.5679 0.2596
3444 0.3491 1.5620 0.1863
3445 0.3570 1.5970 0.1091
3446 0.3659 1.6371 0.0388
3447 0.3761 1.6824 -0.0244
3448 0.3874 1.7333 -0.0799
3449 0.3918 1.7528 -0.1343
3450 0.3845 1.7200 -0.2018
3451 0.3739 1.6729 -0.2829
3452 0.3700 1.6551 -0.3631
3453 0.3720 1.6643 -0.4369
3454 0.3779 1.6905 -0.5043
3455 0.3913 1.7504 -0.5479
3456 0.4125 1.8454 -0.5542
3457 0.4329 1.9368 -0.5489
3458 0.4460 1.9954 -0.5684
3459 0.4546 2.0338 -0.6121
3460 0.4627 2.0700 -0.6642
3461 0.4700 2.1025 -0.7345
3462 0.4773 2.1355 -0.8253
3463 0.4887 2.1865 -0.8934
3464 0.5047 2.2580 -0.8995
3465 0.5216 2.3333 -0.8636
3466 0.5369 2.4019 -0.8226
3467 0.5507 2.4636 -0.7761
3468 0.5628 2.5178 -0.7240
3469 0.5746 2.5708 -0.7039
3470 0.5894 2.6367 -0.7376
3471 0.6071 2.7159 -0.7858
3472 0.6246 2.7941 -0.8041
3473 0.6407 2.8661 -0.7946
3474 0.6554 2.9320 -0.7677
3475 0.6649 2.9745 -0.7064
3476 0.6663 2.9806 -0.6091
3477 0.6651 2.9754 -0.5154
3478 0.6694 2.9945 -0.4554
3479 0.6789 3.0372 -0.4160
3480 0.6903 3.0880 -0.3789
3481 0.7056 3.1566 -0.3456
3482 0.7254 3.2452 -0.3119
3483 0.7402 3.3117 -0.2596
3484 0.7416 3.3176 -0.1863
3485 0.7338 3.2826 -0.1091
3486 0.7248 3.2425 -0.0388
3487 0.7147 3.1972 0.0244
3488 0.7033 3.1463 0.0799
3489 0.6989 3.1268 0.1343
3490 0.7063 3.1596 0.2018
3491 0.7168 3.2067 0.2829
3492 0.7208 3.2245 0.3631
3493 0.7187 3.2153 0.4369
3494 0.7128 3.1891 0.5043
3495 0.6995 3.1292 0.5479
3496 0.6782 3.0342 0.5542
3497 0.6578 2.9428 0.5489
3498 0.6447 2.8842 0.5684
3499 0.6361 2.8458 0.6121
3500 0.6280 2.8095 0.6642
3501 0.6208 2.7771 0.7345
3502 0.6134 2.7441 0.8253
3503 0.6020 2.6931 0.8934
3504 0.5860 2.6216 0.8995
3505 0.5692 2.5463 0.8636
3506 0.5538 2.4776 0.8226
3507 0.5400 2.4160 0.7761
3508 0.5279 2.3618 0.7240
3509 0.5161 2.3087 0.7039
3510 0.5013 2.2429 0.7376
3511 0.4836 2.1637 0.7858
3512 0.4662 2.0855 0.8041
3513 0.4501 2.0135 0.7946
3514 0.4353 1.9476 0.7677
3515 0.4258 1.9050 0.7064
3516 0.4245 1.8989 0.6091
3517 0.4256 1.9041 0.5154
3518 0.4214 1.8850 0.4554
3519 0.4118 1.8424 0.4160
3520 0.4005 1.7916 0.3789
3521 0.3405 1.7848 0.2704
3522 0.3229 1.6930 0.2389
3523 0.3098 1.6238 0.1893
3524 0.3110 1.6303 0.1196
3525 0.3201 1.6779 0.0498
3526 0.3273 1.7155 -0.0118
3527 0.3353 1.7576 -0.0672
3528 0.3469 1.8185 -0.1132
3529 0.3524 1.8473 -0.1590
3530 0.3453 1.8100 -0.2251
3531 0.3356 1.7592 -0.3069
3532 0.3339 1.7504 -0.3802
3533 0.3372 1.7676 -0.4446
3534 0.3413 1.7890 -0.5096
3535 0.3516 1.8431 -0.5498
3536 0.3702 1.9405 -0.5412
3537 0.3877 2.0325 -0.5207
3538 0.3975 2.0838 -0.5388
3539 0.4038 2.1169 -0.5832
3540 0.4112 2.1554 -0.6240
3541 0.4178 2.1901 -0.6830
3542 0.4237 2.2211 -0.7765
3543 0.4330 2.2698 -0.8469
3544 0.4460 2.3382 -0.8403
3545 0.4591 2.4068 -0.7918
3546 0.4707 2.4673 -0.7536
3547 0.4810 2.5217 -0.7107
3548 0.4897 2.5669 -0.6487
3549 0.4983 2.6119 -0.6194
3550 0.5106 2.6768 -0.6574
3551 0.5260 2.7571 -0.7091
3552 0.5397 2.8291 -0.7180
3553 0.5518 2.8924 -0.7006
3554 0.5639 2.9563 -0.6787
3555 0.5715 2.9958 -0.6237
3556 0.5699 2.9873 -0.5245
3557 0.5660 2.9672 -0.4308
3558 0.5694 2.9850 -0.3787
3559 0.5777 3.0286 -0.3449
3560 0.5854 3.0687 -0.3057
3561 0.5964 3.1267 -0.2704
3562 0.6140 3.2185 -0.2389
3563 0.6271 3.2876 -0.1893
3564 0.6259 3.2811 -0.1196
3565 0.6168 3.2335 -0.0498
3566 0.6097 3.1959 0.0118
3567 0.6016 3.1539 0.0672
3568 0.5900 3.0930 0.1132
3569 0.5845 3.0642 0.1590
3570 0.5916 3.1015 0.2251
3571 0.6013 3.1523 0.3069
3572 0.6030 3.1610 0.3802
3573 0.5997 3.1439 0.4446
3574 0.5956 3.1224 0.5096
3575 0.5853 3.0683 0.5498
3576 0.5667 2.9709 0.5412
3577 0.5492 2.8789 0.5207
3578 0.5394 2.8277 0.5388
3579 0.5331 2.7945 0.5832
3580 0.5257 2.7560 0.6240
3581 0.5191 2.7214 0.6830
3582 0.5132 2.6904 0.7765
3583 0.5039 2.6417 0.8469
3584 0.4909 2.5732 0.8403
3585 0.4778 2.5047 0.7918
3586 0.4662 2.4441 0.7536
3587 0.4559 2.3897 0.7107
3588 0.4472 2.3445 0.6487
3589 0.4387 2.2995 0.6194
3590 0.4263 2.2346 0.6574
3591 0.4110 2.1543 0.7091
3592 0.3972 2.0823 0.7180
3593 0.3851 2.0190 0.7006
3594 0.3730 1.9551 0.6787
3595 0.3654 1.9156 0.6237
3596 0.3670 1.9241 0.5245
3597 0.3709 1.9442 0.4308
3598 0.3675 1.9265 0.3787
3599 0.3592 1.8828 0.3449
3600 0.3515 1.8428 0.3057
3601 0.2878 1.8174 0.2144
3602 0.2766 1.7463 0.1757
3603 0.2692 1.6995 0.1234
3604 0.2680 1.6923 0.0619
3605 0.2733 1.7258 0.0000
3606 0.2829 1.7859 -0.0544
3607 0.2929 1.8496 -0.0994
3608 0.3000 1.8941 -0.1398
3609 0.3020 1.9067 -0.1850
3610 0.2993 1.8896 -0.2431
3611 0.2944 1.8585 -0.3150
3612 0.2907 1.8353 -0.3933
3613 0.2912 1.8387 -0.4638
3614 0.2972 1.8766 -0.5124
3615 0.3078 1.9435 -0.5322
3616 0.3206 2.0241 -0.5277
3617 0.3327 2.1005 -0.5139
3618 0.3421 2.1602 -0.5106
3619 0.3486 2.2007 -0.5336
3620 0.3531 2.2291 -0.5868
3621 0.3575 2.2574 -0.6600
3622 0.3636 2.2957 -0.7319
3623 0.3718 2.3473 -0.7793
3624 0.3814 2.4081 -0.7866
3625 0.3911 2.4692 -0.7527
3626 0.3996 2.5230 -0.6918
3627 0.4066 2.5674 -0.6273
3628 0.4130 2.6073 -0.5823
3629 0.4200 2.6520 -0.5695
3630 0.4291 2.7093 -0.5868
3631 0.4404 2.7804 -0.6183
3632 0.4526 2.8577 -0.6418
3633 0.4636 2.9273 -0.6383
3634 0.4712 2.9754 -0.6000
3635 0.4743 2.9949 -0.5322
3636 0.4736 2.9904 -0.4507
3637 0.4715 2.9767 -0.3733
3638 0.4710 2.9735 -0.3129
3639 0.4746 2.9962 -0.2719
3640 0.4829 3.0488 -0.2431
3641 0.4943 3.1211 -0.2144
3642 0.5056 3.1921 -0.1757
3643 0.5130 3.2390 -0.1234
3644 0.5141 3.2461 -0.0619
3645 0.5088 3.2127 -0.0000
3646 0.4993 3.1525 0.0544
3647 0.4892 3.0888 0.0994
3648 0.4822 3.0443 0.1398
3649 0.4802 3.0317 0.1850
3650 0.4829 3.0488 0.2431
3651 0.4878 3.0799 0.3150
3652 0.4915 3.1031 0.3933
3653 0.4909 3.0997 0.4638
3654 0.4849 3.0618 0.5124
3655 0.4743 2.9949 0.5322
3656 0.4616 2.9143 0.5277
3657 0.4495 2.8380 0.5139
3658 0.4400 2.7783 0.5106
3659 0.4336 2.7377 0.5336
3660 0.4291 2.7093 0.5868
3661 0.4246 2.6810 0.6600
3662 0.4186 2.6428 0.7319
3663 0.4104 2.5911 0.7793
3664 0.4008 2.5304 0.7866
3665 0.3911 2.4692 0.7527
3666 0.3826 2.4154 0.6918
3667 0.3755 2.3711 0.6273
3668 0.3692 2.3311 0.5823
3669 0.3621 2.2865 0.5695
3670 0.3531 2.2291 0.5868
3671 0.3418 2.1581 0.6183
3672 0.3296 2.0808 0.6418
3673 0.3185 2.0111 0.6383
3674 0.3109 1.9631 0.6000
3675 0.3078 1.9435 0.5322
3676 0.3085 1.9480 0.4507
3677 0.3107 1.9617 0.3733
3678 0.3112 1.9649 0.3129
3679 0.3076 1.9422 0.2719
3680 0.2993 1.8896 0.2431
3681 0.2312 1.8303 0.1682
3682 0.2249 1.7804 0.1231
3683 0.2218 1.7559 0.0690
3684 0.2190 1.7339 0.0118
3685 0.2214 1.7524 -0.0462
3686 0.2318 1.8346 -0.0926
3687 0.2424 1.9192 -0.1264
3688 0.2460 1.9471 -0.1653
3689 0.2456 1.9441 -0.2140
3690 0.2460 1.9470 -0.2633
3691 0.2445 1.9352 -0.3249
3692 0.2399 1.8990 -0.4118
3693 0.2388 1.8905 -0.4918
3694 0.2456 1.9442 -0.5236
3695 0.2556 2.0229 -0.5229
3696 0.2639 2.0887 -0.5257
3697 0.2719 2.1520 -0.5214
3698 0.2804 2.2193 -0.4969
3699 0.2863 2.2663 -0.4985
3700 0.2890 2.2879 -0.5663
3701 0.2923 2.3134 -0.6551
3702 0.2979 2.3581 -0.7055
3703 0.3047 2.4118 -0.7302
3704 0.3119 2.4686 -0.7524
3705 0.3191 2.5261 -0.7337
3706 0.3249 2.5722 -0.6508
3707 0.3292 2.6057 -0.5656
3708 0.3341 2.6443 -0.5374
3709 0.3402 2.6926 -0.5404
3710 0.3463 2.7415 -0.5375
3711 0.3541 2.8027 -0.5494
3712 0.3649 2.8888 -0.5859
3713 0.3750 2.9682 -0.5944
3714 0.3790 2.9998 -0.5404
3715 0.3789 2.9991 -0.4610
3716 0.3792 3.0018 -0.3947
3717 0.3787 2.9976 -0.3309
3718 0.3756 2.9733 -0.2631
3719 0.3758 2.9749 -0.2157
3720 0.3843 3.0421 -0.1939
3721 0.3954 3.1302 -0.1682
3722 0.4018 3.1802 -0.1231
3723 0.4048 3.2047 -0.0690
3724 0.4076 3.2267 -0.0118
3725 0.4053 3.2082 0.0462
3726 0.3949 3.1259 0.0926
3727 0.3842 3.0414 0.1264
3728 0.3807 3.0134 0.1653
3729 0.3811 3.0165 0.2140
3730 0.3807 3.0136 0.2633
3731 0.3822 3.0254 0.3249
3732 0.3868 3.0616 0.4118
3733 0.3878 3.0700 0.4918
3734 0.3811 3.0164 0.5236
3735 0.3711 2.9377 0.5229
3736 0.3628 2.8719 0.5257
3737 0.3548 2.8086 0.5214
3738 0.3463 2.7413 0.4969
3739 0.3404 2.6943 0.4985
3740 0.3376 2.6726 0.5663
3741 0.3344 2.6472 0.6551
3742 0.3288 2.6024 0.7055
3743 0.3220 2.5488 0.7302
3744 0.3148 2.4920 0.7524
3745 0.3075 2.4345 0.7337
3746 0.3017 2.3884 0.6508
3747 0.2975 2.3549 0.5656
3748 0.2926 2.3163 0.5374
3749 0.2865 2.2680 0.5404
3750 0.2803 2.2190 0.5375
3751 0.2726 2.1579 0.5494
3752 0.2617 2.0718 0.5859
3753 0.2517 1.9924 0.5944
3754 0.2477 1.9608 0.5404
3755 0.2478 1.9615 0.4610
3756 0.2474 1.9588 0.3947
3757 0.2480 1.9630 0.3309
3758 0.2511 1.9873 0.2631
3759 0.2508 1.9857 0.2157
3760 0.2424 1.9185 0.1939
3761 0.1739 1.8399 0.1243
3762 0.1688 1.7857 0.0780
3763 0.1661 1.7573 0.0231
3764 0.1651 1.7461 -0.0352
3765 0.1678 1.7754 -0.0905
3766 0.1752 1.8534 -0.1322
3767 0.1827 1.9332 -0.1622
3768 0.1863 1.9704 -0.1968
3769 0.1869 1.9768 -0.2421
3770 0.1868 1.9760 -0.2938
3771 0.1854 1.9618 -0.3598
3772 0.1831 1.9368 -0.4443
3773 0.1832 1.9383 -0.5194
3774 0.1880 1.9884 -0.5525
3775 0.1950 2.0625 -0.5522
3776 0.2016 2.1326 -0.5448
3777 0.2078 2.1988 -0.5300
3778 0.2137 2.2608 -0.5074
3779 0.2179 2.3051 -0.5128
3780 0.2205 2.3331 -0.5720
3781 0.2236 2.3651 -0.6518
3782 0.2279 2.4113 -0.7063
3783 0.2331 2.4659 -0.7348
3784 0.2386 2.5239 -0.7461
3785 0.2438 2.5790 -0.7167
3786 0.2477 2.6205 -0.6383
3787 0.2505 2.6504 -0.5582
3788 0.2538 2.6848 -0.5208
3789 0.2581 2.7299 -0.5144
3790 0.2629 2.7814 -0.5152
3791 0.2691 2.8471 -0.5294
3792 0.2771 2.9312 -0.5546
3793 0.2841 3.0060 -0.5531
3794 0.2873 3.0389 -0.5027
3795 0.2872 3.0387 -0.4283
3796 0.2865 3.0313 -0.3579
3797 0.2851 3.0166 -0.2914
3798 0.2830 2.9941 -0.2291
3799 0.2835 2.9994 -0.1846
3800 0.2891 3.0584 -0.1565
3801 0.2966 3.1379 -0.1243
3802 0.3017 3.1921 -0.0780
3803 0.3044 3.2205 -0.0231
3804 0.3055 3.2317 0.0352
3805 0.3027 3.2024 0.0905
3806 0.2953 3.1244 0.1322
3807 0.2878 3.0447 0.1622
3808 0.2843 3.0074 0.1968
3809 0.2837 3.0010 0.2421
3810 0.2838 3.0018 0.2938
3811 0.2851 3.0160 0.3598
3812 0.2875 3.0410 0.4443
3813 0.2873 3.0395 0.5194
3814 0.2826 2.9894 0.5525
3815 0.2756 2.9153 0.5522
3816 0.2690 2.8452 0.5448
3817 0.2627 2.7790 0.5300
3818 0.2568 2.7170 0.5074
3819 0.2526 2.6727 0.5128
3820 0.2500 2.6447 0.5720
3821 0.2470 2.6127 0.6518
3822 0.2426 2.5665 0.7063
3823 0.2374 2.5119 0.7348
3824 0.2320 2.4539 0.7461
3825 0.2268 2.3988 0.7167
3826 0.2228 2.3573 0.6383
3827 0.2200 2.3274 0.5582
3828 0.2168 2.2930 0.5208
3829 0.2125 2.2479 0.5144
3830 0.2076 2.1964 0.5152
3831 0.2014 2.1307 0.5294
3832 0.1935 2.0466 0.5546
3833 0.1864 1.9718 0.5531
3834 0.1833 1.9389 0.5027
3835 0.1833 1.9391 0.4283
3836 0.1840 1.9465 0.3579
3837 0.1854 1.9612 0.2914
3838 0.1875 1.9837 0.2291
3839 0.1870 1.9784 0.1846
3840 0.1814 1.9194 0.1565
3841 0.1154 1.8347 0.0836
3842 0.1107 1.7599 0.0347
3843 0.1077 1.7115 -0.0247
3844 0.1087 1.7275 -0.0849
3845 0.1122 1.7837 -0.1360
3846 0.1159 1.8418 -0.1791
3847 0.1197 1.9020 -0.2140
3848 0.1236 1.9643 -0.2401
3849 0.1255 1.9950 -0.2755
3850 0.1244 1.9780 -0.3403
3851 0.1227 1.9506 -0.4232
3852 0.1227 1.9507 -0.4963
3853 0.1242 1.9745 -0.5555
3854 0.1266 2.0122 -0.6039
3855 0.1305 2.0748 -0.6196
3856 0.1359 2.1595 -0.5895
3857 0.1407 2.2367 -0.5502
3858 0.1440 2.2892 -0.5459
3859 0.1465 2.3293 -0.5717
3860 0.1491 2.3696 -0.6070
3861 0.1517 2.4116 -0.6616
3862 0.1548 2.4604 -0.7366
3863 0.1585 2.5197 -0.7851
3864 0.1623 2.5798 -0.7691
3865 0.1655 2.6308 -0.7128
3866 0.1682 2.6738 -0.6546
3867 0.1704 2.7086 -0.5943
3868 0.1721 2.7347 -0.5318
3869 0.1743 2.7700 -0.5011
3870 0.1783 2.8347 -0.5181
3871 0.1835 2.9174 -0.5455
3872 0.1881 2.9904 -0.5454
3873 0.1919 3.0494 -0.5216
3874 0.1949 3.0977 -0.4838
3875 0.1959 3.1135 -0.4211
3876 0.1940 3.0834 -0.3362
3877 0.1915 3.0442 -0.2589
3878 0.1913 3.0399 -0.2063
3879 0.1929 3.0656 -0.1661
3880 0.1951 3.1009 -0.1257
3881 0.1985 3.1554 -0.0836
3882 0.2032 3.2302 -0.0347
3883 0.2063 3.2786 0.0247
3884 0.2053 3.2626 0.0849
3885 0.2017 3.2065 0.1360
3886 0.1981 3.1484 0.1791
3887 0.1943 3.0882 0.2140
3888 0.1904 3.0259 0.2401
3889 0.1884 2.9951 0.2755
3890 0.1895 3.0121 0.3403
3891 0.1912 3.0395 0.4232
3892 0.1912 3.0394 0.4963
3893 0.1897 3.0157 0.5555
3894 0.1874 2.9779 0.6039
3895 0.1834 2.9153 0.6196
3896 0.1781 2.8306 0.5895
3897 0.1732 2.7535 0.5502
3898 0.1699 2.7009 0.5459
3899 0.1674 2.6608 0.5717
3900 0.1649 2.6205 0.6070
3901 0.1622 2.5785 0.6616
3902 0.1592 2.5297 0.7366
3903 0.1554 2.4704 0.7851
3904 0.1516 2.4103 0.7691
3905 0.1484 2.3594 0.7128
3906 0.1457 2.3163 0.6546
3907 0.1435 2.2815 0.5943
3908 0.1419 2.2554 0.5318
3909 0.1397 2.2202 0.5011
3910 0.1356 2.1554 0.5181
3911 0.1304 2.0727 0.5455
3912 0.1258 1.9997 0.5454
3913 0.1221 1.9407 0.5216
3914 0.1191 1.8924 0.4838
3915 0.1181 1.8767 0.4211
3916 0.1200 1.9067 0.3362
3917 0.1224 1.9459 0.2589
3918 0.1227 1.9503 0.2063
3919 0.1211 1.9245 0.1661
3920 0.1189 1.8893 0.1257
3921 0.0562 1.7876 0.0448
3922 0.0537 1.7086 -0.0124
3923 0.0521 1.6569 -0.0796
3924 0.0529 1.6845 -0.1422
3925 0.0551 1.7517 -0.1919
3926 0.0568 1.8067 -0.2371
3927 0.0586 1.8639 -0.2749
3928 0.0608 1.9363 -0.2980
3929 0.0621 1.9774 -0.3310
3930 0.0616 1.9607 -0.4042
3931 0.0608 1.9358 -0.4966
3932 0.0612 1.9488 -0.5678
3933 0.0623 1.9840 -0.6226
3934 0.0636 2.0235 -0.6766
3935 0.0656 2.0868 -0.6969
3936 0.0684 2.1769 -0.6573
3937 0.0710 2.2581 -0.6082
3938 0.0726 2.3116 -0.6086
3939 0.0740 2.3558 -0.6400
3940 0.0755 2.4040 -0.6664
3941 0.0771 2.4540 -0.7115
3942 0.0789 2.5112 -0.7906
3943 0.0810 2.5783 -0.8423
3944 0.0830 2.6409 -0.8147
3945 0.0846 2.6906 -0.7474
3946 0.0860 2.7357 -0.6924
3947 0.0872 2.7735 -0.6352
3948 0.0879 2.7966 -0.5628
3949 0.0889 2.8296 -0.5216
3950 0.0912 2.9027 -0.5383
3951 0.0941 2.9951 -0.5633
3952 0.0964 3.0663 -0.5502
3953 0.0981 3.1210 -0.5150
3954 0.0998 3.1750 -0.4755
3955 0.1004 3.1954 -0.4122
3956 0.0992 3.1557 -0.3220
3957 0.0976 3.1066 -0.2408
3958 0.0976 3.1071 -0.1872
3959 0.0986 3.1385 -0.1431
3960 0.0995 3.1648 -0.0948
3961 0.1009 3.2099 -0.0448
3962 0.1034 3.2890 0.0124
3963 0.1050 3.3406 0.0796
3964 0.1041 3.3131 0.1422
3965 0.1020 3.2458 0.1919
3966 0.1003 3.1909 0.2371
3967 0.0985 3.1337 0.2749
3968 0.0962 3.0613 0.2980
3969 0.0949 3.0201 0.3310
3970 0.0954 3.0368 0.4042
3971 0.0962 3.0618 0.4966
3972 0.0958 3.0487 0.5678
3973 0.0947 3.0135 0.6226
3974 0.0935 2.9741 0.6766
3975 0.0915 2.9107 0.6969
3976 0.0886 2.8206 0.6573
3977 0.0861 2.7394 0.6082
3978 0.0844 2.6859 0.6086
3979 0.0830 2.6418 0.6400
3980 0.0815 2.5936 0.6664
3981 0.0799 2.5435 0.7115
3982 0.0781 2.4864 0.7906
3983 0.0760 2.4192 0.8423
3984 0.0741 2.3566 0.8147
3985 0.0725 2.3070 0.7474
3986 0.0711 2.2618 0.6924
3987 0.0699 2.2240 0.6352
3988 0.0692 2.2009 0.5628
3989 0.0681 2.1679 0.5216
3990 0.0658 2.0948 0.5383
3991 0.0629 2.0024 0.5633
3992 0.0607 1.9312 0.5502
3993 0.0590 1.8765 0.5150
3994 0.0573 1.8225 0.4755
3995 0.0566 1.8022 0.4122
3996 0.0579 1.8418 0.3220
3997 0.0594 1.8909 0.2408
3998 0.0594 1.8904 0.1872
3999 0.0584 1.8591 0.1431
4000 0.0576 1.8327 0.0948
4001 0.0000 1.7000 0.0000
4002 0.0000 1.6439 -0.0674
4003 0.0000 1.6159 -0.1400
4004 0.0000 1.6296 -0.2090
4005 0.0000 1.6833 -0.2654
4006 0.0000 1.7609 -0.3061
4007 0.0000 1.8396 -0.3365
4008 0.0000 1.8990 -0.3683
4009 0.0000 1.9297 -0.4143
4010 0.0000 1.9364 -0.4814
4011 0.0000 1.9343 -0.5657
4012 0.0000 1.9423 -0.6530
4013 0.0000 1.9739 -0.7242
4014 0.0000 2.0323 -0.7632
4015 0.0000 2.1101 -0.7652
4016 0.0000 2.1939 -0.7391
4017 0.0000 2.2709 -0.7049
4018 0.0000 2.3354 -0.6854
4019 0.0000 2.3897 -0.6962
4020 0.0000 2.4418 -0.7389
4021 0.0000 2.5000 -0.8000
4022 0.0000 2.5674 -0.8561
4023 0.0000 2.6400 -0.8841
4024 0.0000 2.7090 -0.8704
4025 0.0000 2.7654 -0.8167
4026 0.0000 2.8061 -0.7391
4027 0.0000 2.8365 -0.6604
4028 0.0000 2.8683 -0.6010
4029 0.0000 2.9143 -0.5703
4030 0.0000 2.9814 -0.5636
4031 0.0000 3.0657 -0.5657
4032 0.0000 3.1530 -0.5577
4033 0.0000 3.2242 -0.5261
4034 0.0000 3.2632 -0.4677
4035 0.0000 3.2652 -0.3899
4036 0.0000 3.2391 -0.3061
4037 0.0000 3.2049 -0.2291
4038 0.0000 3.1854 -0.1646
4039 0.0000 3.1962 -0.1103
4040 0.0000 3.2389 -0.0582
4041 0.0000 3.3000 -0.0000
4042 0.0000 3.3561 0.0674
4043 0.0000 3.3841 0.1400
4044 0.0000 3.3704 0.2090
4045 0.0000 3.3167 0.2654
4046 0.0000 3.2391 0.3061
4047 0.0000 3.1604 0.3365
4048 0.0000 3.1010 0.3683
4049 0.0000 3.0703 0.4143
4050 0.0000 3.0636 0.4814
4051 0.0000 3.0657 0.5657
4052 0.0000 3.0577 0.6530
4053 0.0000 3.0261 0.7242
4054 0.0000 2.9677 0.7632
4055 0.0000 2.8899 0.7652
4056 0.0000 2.8061 0.7391
4057 0.0000 2.7291 0.7049
4058 0.0000 2.6646 0.6854
4059 0.0000 2.6103 0.6962
4060 0.0000 2.5582 0.7389
4061 0.0000 2.5000 0.8000
4062 0.0000 2.4326 0.8561
4063 0.0000 2.3600 0.8841
4064 0.0000 2.2910 0.8704
4065 0.0000 2.2346 0.8167
4066 0.0000 2.1939 0.7391
4067 0.0000 2.1635 0.6604
4068 0.0000 2.1317 0.6010
4069 0.0000 2.0857 0.5703
4070 0.0000 2.0186 0.5636
4071 0.0000 1.9343 0.5657
4072 0.0000 1.8470 0.5577
4073 0.0000 1.7758 0.5261
4074 0.0000 1.7368 0.4677
4075 0.0000 1.7348 0.3899
4076 0.0000 1.7609 0.3061
4077 0.0000 1.7951 0.2291
4078 0.0000 1.8146 0.1646
4079 0.0000 1.8038 0.1103
4080 0.0000 1.7611 0.0582
4081 -0.0507 1.6138 -0.0557
4082 -0.0497 1.5816 -0.1306
4083 -0.0496 1.5778 -0.2060
4084 -0.0496 1.5786 -0.2832
4085 -0.0509 1.6197 -0.3482
4086 -0.0540 1.7196 -0.3819
4087 -0.0572 1.8189 -0.4023
4088 -0.0587 1.8667 -0.4445
4089 -0.0594 1.8888 -0.5048
4090 -0.0603 1.9179 -0.5632
4091 -0.0609 1.9375 -0.6369
4092 -0.0610 1.9425 -0.7412
4093 -0.0620 1.9727 -0.8293
4094 -0.0644 2.0483 -0.8512
4095 -0.0672 2.1384 -0.8332
4096 -0.0697 2.2177 -0.8213
4097 -0.0721 2.2929 -0.8023
4098 -0.0744 2.3659 -0.7615
4099 -0.0763 2.4278 -0.7506
4100 -0.0781 2.4861 -0.8092
4101 -0.0803 2.5544 -0.8854
4102 -0.0826 2.6293 -0.9176
4103 -0.0850 2.7046 -0.9214
4104 -0.0874 2.7818 -0.9206
4105 -0.0895 2.8468 -0.8795
4106 -0.0905 2.8805 -0.7796
4107 -0.0912 2.9009 -0.6802
4108 -0.0925 2.9430 -0.6324
4109 -0.0944 3.0034 -0.6103
4110 -0.0962 3.0617 -0.5812
4111 -0.0985 3.1354 -0.5615
4112 -0.1018 3.2396 -0.5565
4113 -0.1046 3.3277 -0.5263
4114 -0.1053 3.3496 -0.4507
4115 -0.1047 3.3315 -0.3606
4116 -0.1043 3.3197 -0.2812
4117 -0.1037 3.3007 -0.2060
4118 -0.1024 3.2599 -0.1329
4119 -0.1021 3.2490 -0.0710
4120 -0.1039 3.3076 -0.0127
4121 -0.1063 3.3837 0.0557
4122 -0.1074 3.4159 0.1306
4123 -0.1075 3.4198 0.2060
4124 -0.1074 3.4189 0.2832
4125 -0.1062 3.3778 0.3482
4126 -0.1030 3.2780 0.3819
4127 -0.0999 3.1787 0.4023
4128 -0.0984 3.1309 0.4445
4129 -0.0977 3.1087 0.5048
4130 -0.0968 3.0797 0.5632
4131 -0.0962 3.0600 0.6369
4132 -0.0960 3.0550 0.7412
4133 -0.0951 3.0248 0.8293
4134 -0.0927 2.9493 0.8512
4135 -0.0899 2.8591 0.8332
4136 -0.0874 2.7798 0.8213
4137 -0.0850 2.7047 0.8023
4138 -0.0827 2.6316 0.7615
4139 -0.0808 2.5697 0.7506
4140 -0.0789 2.5115 0.8092
4141 -0.0768 2.4431 0.8854
4142 -0.0744 2.3682 0.9176
4143 -0.0721 2.2929 0.9214
4144 -0.0696 2.2157 0.9206
4145 -0.0676 2.1507 0.8795
4146 -0.0665 2.1170 0.7796
4147 -0.0659 2.0967 0.6802
4148 -0.0646 2.0545 0.6324
4149 -0.0627 1.9942 0.6103
4150 -0.0608 1.9358 0.5812
4151 -0.0585 1.8622 0.5615
4152 -0.0552 1.7579 0.5565
4153 -0.0525 1.6699 0.5263
4154 -0.0518 1.6479 0.4507
4155 -0.0524 1.6660 0.3606
4156 -0.0527 1.6779 0.2812
4157 -0.0533 1.6968 0.2060
4158 -0.0546 1.7377 0.1329
4159 -0.0549 1.7485 0.0710
4160 -0.0531 1.6899 0.0127
4161 -0.0988 1.5711 -0.1169
4162 -0.0967 1.5372 -0.1988
4163 -0.0964 1.5322 -0.2803
4164 -0.0973 1.5461 -0.3593
4165 -0.1006 1.5994 -0.4223
4166 -0.1067 1.6963 -0.4565
4167 -0.1128 1.7928 -0.4782
4168 -0.1165 1.8515 -0.5166
4169 -0.1186 1.8854 -0.5737
4170 -0.1205 1.9157 -0.6380
4171 -0.1220 1.9387 -0.7187
4172 -0.1232 1.9580 -0.8192
4173 -0.1259 2.0007 -0.9010
4174 -0.1307 2.0776 -0.9264
4175 -0.1364 2.1677 -0.9111
4176 -0.1417 2.2524 -0.8887
4177 -0.1467 2.3316 -0.8588
4178 -0.1513 2.4046 -0.8213
4179 -0.1554 2.4695 -0.8141
4180 -0.1595 2.5356 -0.8616
4181 -0.1643 2.6118 -0.9258
4182 -0.1695 2.6934 -0.9598
4183 -0.1746 2.7748 -0.9648
4184 -0.1795 2.8537 -0.9508
4185 -0.1835 2.9166 -0.8975
4186 -0.1856 2.9507 -0.8003
4187 -0.1870 2.9724 -0.7037
4188 -0.1894 3.0107 -0.6448
4189 -0.1930 3.0676 -0.6109
4190 -0.1970 3.1318 -0.5805
4191 -0.2021 3.2124 -0.5575
4192 -0.2084 3.3127 -0.5381
4193 -0.2136 3.3943 -0.4953
4194 -0.2151 3.4196 -0.4183
4195 -0.2142 3.4044 -0.3280
4196 -0.2128 3.3820 -0.2431
4197 -0.2109 3.3522 -0.1638
4198 -0.2085 3.3147 -0.0907
4199 -0.2081 3.3075 -0.0256
4200 -0.2111 3.3550 0.0406
4201 -0.2151 3.4190 0.1169
4202 -0.2172 3.4529 0.1988
4203 -0.2176 3.4580 0.2803
4204 -0.2167 3.4440 0.3593
4205 -0.2133 3.3908 0.4223
4206 -0.2072 3.2938 0.4565
4207 -0.2012 3.1974 0.4782
4208 -0.1975 3.1386 0.5166
4209 -0.1953 3.1047 0.5737
4210 -0.1934 3.0744 0.6380
4211 -0.1920 3.0515 0.7187
4212 -0.1908 3.0321 0.8192
4213 -0.1881 2.9894 0.9010
4214 -0.1832 2.9125 0.9264
4215 -0.1776 2.8224 0.9111
4216 -0.1722 2.7377 0.8887
4217 -0.1673 2.6586 0.8588
4218 -0.1627 2.5856 0.8213
4219 -0.1586 2.5206 0.8141
4220 -0.1544 2.4545 0.8616
4221 -0.1496 2.3783 0.9258
4222 -0.1445 2.2967 0.9598
4223 -0.1394 2.2153 0.9648
4224 -0.1344 2.1365 0.9508
4225 -0.1305 2.0736 0.8975
4226 -0.1283 2.0395 0.8003
4227 -0.1269 2.0178 0.7037
4228 -0.1245 1.9795 0.6448
4229 -0.1210 1.9225 0.6109
4230 -0.1169 1.8583 0.5805
4231 -0.1118 1.7778 0.5575
4232 -0.1055 1.6775 0.5381
4233 -0.1004 1.5958 0.4953
4234 -0.0988 1.5705 0.4183
4235 -0.0998 1.5857 0.3280
4236 -0.1012 1.6081 0.2431
4237 -0.1030 1.6379 0.1638
4238 -0.1054 1.6754 0.0907
4239 -0.1059 1.6826 0.0256
4240 -0.1029 1.6352 -0.0406
4241 -0.1487 1.5732 -0.1755
4242 -0.1439 1.5220 -0.2657
4243 -0.1419 1.5007 -0.3574
4244 -0.1458 1.5423 -0.4293
4245 -0.1532 1.6207 -0.4794
4246 -0.1607 1.6999 -0.5206
4247 -0.1683 1.7800 -0.5523
4248 -0.1759 1.8608 -0.5741
4249 -0.1811 1.9156 -0.6133
4250 -0.1829 1.9353 -0.6941
4251 -0.1845 1.9518 -0.7939
4252 -0.1883 1.9922 -0.8747
4253 -0.1939 2.0517 -0.9333
4254 -0.2006 2.1218 -0.9759
4255 -0.2085 2.2060 -0.9782
4256 -0.2172 2.2975 -0.9285
4257 -0.2249 2.3794 -0.8707
4258 -0.2315 2.4489 -0.8521
4259 -0.2378 2.5159 -0.8644
4260 -0.2445 2.5861 -0.8840
4261 -0.2518 2.6636 -0.9198
4262 -0.2603 2.7534 -0.9712
4263 -0.2689 2.8447 -0.9926
4264 -0.2757 2.9163 -0.9508
4265 -0.2804 2.9662 -0.8721
4266 -0.2843 3.0072 -0.7925
4267 -0.2872 3.0388 -0.7120
4268 -0.2893 3.0605 -0.6309
4269 -0.2930 3.0995 -0.5759
4270 -0.3006 3.1799 -0.5561
4271 -0.3100 3.2793 -0.5395
4272 -0.3176 3.3597 -0.4989
4273 -0.3231 3.4181 -0.4392
4274 -0.3271 3.4605 -0.3688
4275 -0.3273 3.4628 -0.2842
4276 -0.3226 3.4132 -0.1923
4277 -0.3172 3.3557 -0.1100
4278 -0.3155 3.3372 -0.0402
4279 -0.3166 3.3494 0.0272
4280 -0.3185 3.3690 0.0976
4281 -0.3218 3.4046 0.1755
4282 -0.3267 3.4558 0.2657
4283 -0.3287 3.4771 0.3574
4284 -0.3248 3.4355 0.4293
4285 -0.3173 3.3571 0.4794
4286 -0.3098 3.2779 0.5206
4287 -0.3023 3.1978 0.5523
4288 -0.2946 3.1170 0.5741
4289 -0.2895 3.0623 0.6133
4290 -0.2876 3.0425 0.6941
4291 -0.2860 3.0261 0.7939
4292 -0.2822 2.9856 0.8747
4293 -0.2766 2.9261 0.9333
4294 -0.2700 2.8560 0.9759
4295 -0.2620 2.7718 0.9782
4296 -0.2534 2.6803 0.9285
4297 -0.2456 2.5984 0.8707
4298 -0.2391 2.5289 0.8521
4299 -0.2327 2.4619 0.8644
4300 -0.2261 2.3917 0.8840
4301 -0.2188 2.3142 0.9198
4302 -0.2103 2.2244 0.9712
4303 -0.2016 2.1331 0.9926
4304 -0.1949 2.0615 0.9508
4305 -0.1902 2.0116 0.8721
4306 -0.1863 1.9707 0.7925
4307 -0.1833 1.9390 0.7120
4308 -0.1812 1.9173 0.6309
4309 -0.1776 1.8784 0.5759
4310 -0.1700 1.7979 0.5561
4311 -0.1606 1.6985 0.5395
4312 -0.1530 1.6181 0.4989
4313 -0.1474 1.5597 0.4392
4314 -0.1434 1.5173 0.3688
4315 -0.1432 1.5150 0.2842
4316 -0.1479 1.5646 0.1923
4317 -0.1533 1.6221 0.1100
4318 -0.1551 1.6406 0.0402
4319 -0.1539 1.6284 -0.0272
4320 -0.1521 1.6088 -0.0976
4321 -0.2012 1.5927 -0.2297
4322 -0.1946 1.5403 -0.3244
4323 -0.1918 1.5181 -0.4197
4324 -0.1984 1.5704 -0.4856
4325 -0.2094 1.6573 -0.5264
4326 -0.2189 1.7324 -0.5660
4327 -0.2284 1.8084 -0.5971
4328 -0.2394 1.8951 -0.6086
4329 -0.2471 1.9563 -0.6384
4330 -0.2496 1.9761 -0.7231
4331 -0.2520 1.9946 -0.8278
4332 -0.2581 2.0432 -0.8993
4333 -0.2663 2.1082 -0.9472
4334 -0.2751 2.1775 -0.9919
4335 -0.2854 2.2594 -0.9959
4336 -0.2967 2.3485 -0.9333
4337 -0.3065 2.4264 -0.8632
4338 -0.3150 2.4935 -0.8474
4339 -0.3236 2.5612 -0.8627
4340 -0.3324 2.6311 -0.8707
4341 -0.3421 2.7082 -0.8946
4342 -0.3540 2.8021 -0.9474
4343 -0.3659 2.8967 -0.9699
4344 -0.3742 2.9621 -0.9171
4345 -0.3793 3.0025 -0.8295
4346 -0.3843 3.0418 -0.7538
4347 -0.3882 3.0727 -0.6773
4348 -0.3896 3.0841 -0.5898
4349 -0.3933 3.1136 -0.5281
4350 -0.4040 3.1977 -0.5082
4351 -0.4171 3.3015 -0.4895
4352 -0.4260 3.3725 -0.4406
4353 -0.4320 3.4200 -0.3750
4354 -0.4376 3.4644 -0.3051
4355 -0.4382 3.4683 -0.2226
4356 -0.4303 3.4062 -0.1328
4357 -0.4215 3.3366 -0.0543
4358 -0.4195 3.3211 0.0133
4359 -0.4215 3.3362 0.0816
4360 -0.4225 3.3441 0.1520
4361 -0.4255 3.3679 0.2297
4362 -0.4321 3.4203 0.3244
4363 -0.4349 3.4425 0.4197
4364 -0.4283 3.3902 0.4856
4365 -0.4173 3.3032 0.5264
4366 -0.4078 3.2282 0.5660
4367 -0.3982 3.1522 0.5971
4368 -0.3873 3.0655 0.6086
4369 -0.3795 3.0042 0.6384
4370 -0.3770 2.9845 0.7231
4371 -0.3747 2.9660 0.8278
4372 -0.3686 2.9174 0.8993
4373 -0.3603 2.8524 0.9472
4374 -0.3516 2.7830 0.9919
4375 -0.3412 2.7011 0.9959
4376 -0.3300 2.6121 0.9333
4377 -0.3201 2.5342 0.8632
4378 -0.3117 2.4671 0.8474
4379 -0.3031 2.3994 0.8627
4380 -0.2943 2.3295 0.8707
4381 -0.2845 2.2524 0.8946
4382 -0.2727 2.1585 0.9474
4383 -0.2607 2.0639 0.9699
4384 -0.2525 1.9985 0.9171
4385 -0.2474 1.9580 0.8295
4386 -0.2424 1.9188 0.7538
4387 -0.2385 1.8879 0.6773
4388 -0.2370 1.8764 0.5898
4389 -0.2333 1.8469 0.5281
4390 -0.2227 1.7628 0.5082
4391 -0.2096 1.6591 0.4895
4392 -0.2006 1.5881 0.4406
4393 -0.1946 1.5406 0.3750
4394 -0.1890 1.4962 0.3051
4395 -0.1885 1.4923 0.2226
4396 -0.1964 1.5544 0.1328
4397 -0.2052 1.6239 0.0543
4398 -0.2071 1.6395 -0.0133
4399 -0.2052 1.6244 -0.0816
4400 -0.2042 1.6164 -0.1520
4401 -0.2563 1.6181 -0.2800
4402 -0.2516 1.5888 -0.3692
4403 -0.2515 1.5882 -0.4545
4404 -0.2575 1.6261 -0.5231
4405 -0.2690 1.6983 -0.5671
4406 -0.2833 1.7887 -0.5884
4407 -0.2974 1.8775 -0.5991
4408 -0.3087 1.9490 -0.6167
4409 -0.3165 1.9984 -0.6561
4410 -0.3218 2.0320 -0.7224
4411 -0.3267 2.0629 -0.8073
4412 -0.3333 2.1045 -0.8914
4413 -0.3427 2.1637 -0.9522
4414 -0.3545 2.2384 -0.9735
4415 -0.3675 2.3201 -0.9530
4416 -0.3800 2.3990 -0.9033
4417 -0.3911 2.4692 -0.8473
4418 -0.4010 2.5321 -0.8085
4419 -0.4109 2.5945 -0.8010
4420 -0.4220 2.6646 -0.8239
4421 -0.4349 2.7458 -0.8617
4422 -0.4488 2.8339 -0.8914
4423 -0.4622 2.9181 -0.8921
4424 -0.4729 2.9859 -0.8536
4425 -0.4798 3.0294 -0.7806
4426 -0.4831 3.0504 -0.6890
4427 -0.4848 3.0610 -0.5991
4428 -0.4876 3.0783 -0.5267
4429 -0.4937 3.1172 -0.4767
4430 -0.5041 3.1828 -0.4427
4431 -0.5174 3.2666 -0.4113
4432 -0.5305 3.3496 -0.3692
4433 -0.5400 3.4097 -0.3094
4434 -0.5434 3.4307 -0.2337
4435 -0.5402 3.4105 -0.1509
4436 -0.5324 3.3614 -0.0711
4437 -0.5236 3.3061 -0.0000
4438 -0.5176 3.2677 0.0636
4439 -0.5164 3.2603 0.1269
4440 -0.5200 3.2830 0.1978
4441 -0.5259 3.3203 0.2800
4442 -0.5305 3.3496 0.3692
4443 -0.5306 3.3503 0.4545
4444 -0.5246 3.3124 0.5231
4445 -0.5132 3.2402 0.5671
4446 -0.4989 3.1497 0.5884
4447 -0.4848 3.0610 0.5991
4448 -0.4735 2.9894 0.6167
4449 -0.4657 2.9400 0.6561
4450 -0.4603 2.9065 0.7224
4451 -0.4554 2.8755 0.8073
4452 -0.4488 2.8339 0.8914
4453 -0.4395 2.7748 0.9522
4454 -0.4276 2.7001 0.9735
4455 -0.4147 2.6183 0.9530
4456 -0.4022 2.5394 0.9033
4457 -0.3911 2.4692 0.8473
4458 -0.3811 2.4064 0.8085
4459 -0.3712 2.3439 0.8010
4460 -0.3601 2.2739 0.8239
4461 -0.3473 2.1927 0.8617
4462 -0.3333 2.1045 0.8914
4463 -0.3200 2.0203 0.8921
4464 -0.3093 1.9526 0.8536
4465 -0.3024 1.9091 0.7806
4466 -0.2990 1.8880 0.6890
4467 -0.2974 1.8775 0.5991
4468 -0.2946 1.8602 0.5267
4469 -0.2885 1.8212 0.4767
4470 -0.2781 1.7557 0.4427
4471 -0.2648 1.6718 0.4113
4472 -0.2516 1.5888 0.3692
4473 -0.2421 1.5288 0.3094
4474 -0.2388 1.5077 0.2337
4475 -0.2420 1.5280 0.1509
4476 -0.2498 1.5771 0.0711
4477 -0.2585 1.6324 0.0000
4478 -0.2646 1.6707 -0.0636
4479 -0.2658 1.6781 -0.1269
4480 -0.2622 1.6555 -0.1978
4481 -0.3177 1.6654 -0.3186
4482 -0.3161 1.6573 -0.3982
4483 -0.3197 1.6758 -0.4696
4484 -0.3241 1.6991 -0.5413
4485 -0.3350 1.7563 -0.5891
4486 -0.3546 1.8587 -0.5890
4487 -0.3732 1.9565 -0.5765
4488 -0.3839 2.0126 -0.6008
4489 -0.3911 2.0503 -0.6504
4490 -0.3994 2.0937 -0.6960
4491 -0.4069 2.1330 -0.7593
4492 -0.4135 2.1677 -0.8563
4493 -0.4237 2.2211 -0.9303
4494 -0.4381 2.2967 -0.9274
4495 -0.4528 2.3738 -0.8822
4496 -0.4660 2.4427 -0.8462
4497 -0.4779 2.5055 -0.8050
4498 -0.4883 2.5597 -0.7438
4499 -0.4984 2.6126 -0.7146
4500 -0.5118 2.6832 -0.7528
4501 -0.5281 2.7686 -0.8046
4502 -0.5431 2.8469 -0.8128
4503 -0.5564 2.9170 -0.7940
4504 -0.5699 2.9875 -0.7703
4505 -0.5788 3.0344 -0.7121
4506 -0.5788 3.0343 -0.6078
4507 -0.5765 3.0220 -0.5083
4508 -0.5810 3.0458 -0.4511
4509 -0.5903 3.0946 -0.4127
4510 -0.5989 3.1394 -0.3685
4511 -0.6107 3.2016 -0.3286
4512 -0.6289 3.2969 -0.2932
4513 -0.6428 3.3695 -0.2389
4514 -0.6422 3.3667 -0.1619
4515 -0.6338 3.3223 -0.0834
4516 -0.6270 3.2870 -0.0133
4517 -0.6193 3.2465 0.0506
4518 -0.6078 3.1863 0.1059
4519 -0.6024 3.1577 0.1597
4520 -0.6095 3.1951 0.2316
4521 -0.6192 3.2461 0.3186
4522 -0.6208 3.2542 0.3982
4523 -0.6172 3.2356 0.4696
4524 -0.6128 3.2123 0.5413
4525 -0.6019 3.1552 0.5891
4526 -0.5823 3.0527 0.5890
4527 -0.5637 2.9550 0.5765
4528 -0.5530 2.8988 0.6008
4529 -0.5458 2.8611 0.6504
4530 -0.5375 2.8177 0.6960
4531 -0.5300 2.7785 0.7593
4532 -0.5234 2.7437 0.8563
4533 -0.5132 2.6903 0.9303
4534 -0.4988 2.6147 0.9274
4535 -0.4841 2.5376 0.8822
4536 -0.4709 2.4688 0.8462
4537 -0.4590 2.4060 0.8050
4538 -0.4486 2.3517 0.7438
4539 -0.4385 2.2988 0.7146
4540 -0.4251 2.2282 0.7528
4541 -0.4088 2.1428 0.8046
4542 -0.3938 2.0646 0.8128
4543 -0.3805 1.9945 0.7940
4544 -0.3670 1.9240 0.7703
4545 -0.3581 1.8771 0.7121
4546 -0.3581 1.8772 0.6078
4547 -0.3604 1.8894 0.5083
4548 -0.3559 1.8656 0.4511
4549 -0.3466 1.8169 0.4127
4550 -0.3380 1.7720 0.3685
4551 -0.3262 1.7099 0.3286
4552 -0.3080 1.6146 0.2932
4553 -0.2941 1.5419 0.2389
4554 -0.2947 1.5447 0.1619
4555 -0.3031 1.5892 0.0834
4556 -0.3099 1.6245 0.0133
4557 -0.3176 1.6650 -0.0506
4558 -0.3291 1.7251 -0.1059
4559 -0.3346 1.7538 -0.1597
4560 -0.3274 1.7163 -0.2316
4561 -0.3898 1.7437 -0.3356
4562 -0.3871 1.7317 -0.4139
4563 -0.3902 1.7457 -0.4833
4564 -0.3970 1.7759 -0.5450
4565 -0.4107 1.8372 -0.5799
4566 -0.4314 1.9298 -0.5743
4567 -0.4510 2.0175 -0.5578
4568 -0.4637 2.0747 -0.5695
4569 -0.4725 2.1139 -0.6074
4570 -0.4809 2.1515 -0.6542
4571 -0.4888 2.1870 -0.7196
4572 -0.4973 2.2247 -0.8057
4573 -0.5092 2.2782 -0.8677
4574 -0.5245 2.3464 -0.8664
4575 -0.5397 2.4145 -0.8232
4576 -0.5533 2.4755 -0.7757
4577 -0.5653 2.5290 -0.7238
4578 -0.5755 2.5746 -0.6673
4579 -0.5861 2.6221 -0.6431
4580 -0.6007 2.6874 -0.6714
4581 -0.6186 2.7673 -0.7133
4582 -0.6356 2.8437 -0.7256
4583 -0.6508 2.9115 -0.7112
4584 -0.6642 2.9717 -0.6803
4585 -0.6719 3.0057 -0.6175
4586 -0.6706 3.0003 -0.5226
4587 -0.6670 2.9842 -0.4327
4588 -0.6696 2.9956 -0.3741
4589 -0.6779 3.0326 -0.3339
4590 -0.6881 3.0782 -0.2954
4591 -0.7023 3.1420 -0.2591
4592 -0.7211 3.2261 -0.2204
4593 -0.7347 3.2866 -0.1655
4594 -0.7344 3.2853 -0.0956
4595 -0.7249 3.2431 -0.0259
4596 -0.7146 3.1968 0.0366
4597 -0.7032 3.1461 0.0914
4598 -0.6909 3.0910 0.1382
4599 -0.6856 3.0674 0.1868
4600 -0.6918 3.0950 0.2537
4601 -0.7010 3.1359 0.3356
4602 -0.7036 3.1479 0.4139
4603 -0.7005 3.1339 0.4833
4604 -0.6938 3.1037 0.5450
4605 -0.6801 3.0424 0.5799
4606 -0.6594 2.9498 0.5743
4607 -0.6398 2.8621 0.5578
4608 -0.6270 2.8049 0.5695
4609 -0.6182 2.7657 0.6074
4610 -0.6098 2.7280 0.6542
4611 -0.6019 2.6926 0.7196
4612 -0.5934 2.6549 0.8057
4613 -0.5815 2.6013 0.8677
4614 -0.5662 2.5331 0.8664
4615 -0.5510 2.4650 0.8232
4616 -0.5374 2.4041 0.7757
4617 -0.5254 2.3506 0.7238
4618 -0.5152 2.3049 0.6673
4619 -0.5046 2.2575 0.6431
4620 -0.4900 2.1922 0.6714
4621 -0.4721 2.1122 0.7133
4622 -0.4551 2.0359 0.7256
4623 -0.4399 1.9681 0.7112
4624 -0.4265 1.9079 0.6803
4625 -0.4189 1.8739 0.6175
4626 -0.4201 1.8793 0.5226
4627 -0.4237 1.8954 0.4327
4628 -0.4211 1.8840 0.3741
4629 -0.4128 1.8470 0.3339
4630 -0.4027 1.8014 0.2954
4631 -0.3884 1.7376 0.2591
4632 -0.3696 1.6535 0.2204
4633 -0.3561 1.5929 0.1655
4634 -0.3564 1.5943 0.0956
4635 -0.3658 1.6365 0.0259
4636 -0.3762 1.6828 -0.0366
4637 -0.3875 1.7335 -0.0914
4638 -0.3998 1.7886 -0.1382
4639 -0.4051 1.8122 -0.1868
4640 -0.3989 1.7845 -0.2537
4641 -0.4692 1.8272 -0.3373
4642 -0.4615 1.7976 -0.4231
4643 -0.4608 1.7949 -0.5018
4644 -0.4733 1.8434 -0.5431
4645 -0.4925 1.9183 -0.5532
4646 -0.5110 1.9904 -0.5555
4647 -0.5288 2.0595 -0.5499
4648 -0.5457 2.1255 -0.5357
4649 -0.5577 2.1720 -0.5474
4650 -0.5643 2.1979 -0.6109
4651 -0.5715 2.2259 -0.6949
4652 -0.5829 2.2701 -0.7546
4653 -0.5969 2.3249 -0.7889
4654 -0.6123 2.3846 -0.8060
4655 -0.6278 2.4453 -0.7820
4656 -0.6412 2.4971 -0.7075
4657 -0.6516 2.5378 -0.6299
4658 -0.6622 2.5791 -0.5949
4659 -0.6747 2.6277 -0.5913
4660 -0.6886 2.6818 -0.5952
4661 -0.7056 2.7481 -0.6135
4662 -0.7269 2.8312 -0.6441
4663 -0.7465 2.9075 -0.6469
4664 -0.7568 2.9475 -0.5968
4665 -0.7593 2.9573 -0.5195
4666 -0.7599 2.9595 -0.4451
4667 -0.7585 2.9540 -0.3737
4668 -0.7549 2.9403 -0.3056
4669 -0.7579 2.9517 -0.2576
4670 -0.7736 3.0132 -0.2308
4671 -0.7945 3.0945 -0.2019
4672 -0.8094 3.1524 -0.1563
4673 -0.8179 3.1856 -0.0997
4674 -0.8222 3.2022 -0.0380
4675 -0.8162 3.1789 0.0246
4676 -0.7977 3.1068 0.0781
4677 -0.7784 3.0316 0.1202
4678 -0.7697 2.9976 0.1627
4679 -0.7688 2.9942 0.2129
4680 -0.7697 2.9980 0.2687
4681 -0.7743 3.0157 0.3373
4682 -0.7819 3.0453 0.4231
4683 -0.7826 3.0480 0.5018
4684 -0.7702 2.9995 0.5431
4685 -0.7509 2.9246 0.5532
4686 -0.7324 2.8525 0.5555
4687 -0.7147 2.7834 0.5499
4688 -0.6977 2.7174 0.5357
4689 -0.6858 2.6709 0.5474
4690 -0.6791 2.6450 0.6109
4691 -0.6719 2.6170 0.6949
4692 -0.6606 2.5728 0.7546
4693 -0.6465 2.5180 0.7889
4694 -0.6312 2.4583 0.8060
4695 -0.6156 2.3977 0.7820
4696 -0.6023 2.3458 0.7075
4697 -0.5918 2.3051 0.6299
4698 -0.5813 2.2638 0.5949
4699 -0.5688 2.2153 0.5913
4700 -0.5549 2.1612 0.5952
4701 -0.5379 2.0948 0.6135
4702 -0.5165 2.0117 0.6441
4703 -0.4969 1.9354 0.6469
4704 -0.4867 1.8954 0.5968
4705 -0.4842 1.8857 0.5195
4706 -0.4836 1.8834 0.4451
4707 -0.4850 1.8889 0.3737
4708 -0.4885 1.9026 0.3056
4709 -0.4856 1.8913 0.2576
4710 -0.4698 1.8298 0.2308
4711 -0.4489 1.7484 0.2019
4712 -0.4341 1.6906 0.1563
4713 -0.4255 1.6573 0.0997
4714 -0.4213 1.6407 0.0380
4715 -0.4273 1.6640 -0.0246
4716 -0.4458 1.7362 -0.0781
4717 -0.4651 1.8113 -0.1202
4718 -0.4738 1.8453 -0.1627
4719 -0.4747 1.8487 -0.2129
4720 -0.4737 1.8450 -0.2687
4721 -0.5450 1.8759 -0.3469
4722 -0.5357 1.8439 -0.4354
4723 -0.5341 1.8385 -0.5161
4724 -0.5496 1.8919 -0.5468
4725 -0.5719 1.9685 -0.5441
4726 -0.5906 2.0328 -0.5452
4727 -0.6085 2.0944 -0.5393
4728 -0.6274 2.1594 -0.5130
4729 -0.6408 2.2055 -0.5134
4730 -0.6476 2.2292 -0.5807
4731 -0.6558 2.2572 -0.6689
4732 -0.6690 2.3026 -0.7179
4733 -0.6845 2.3560 -0.7410
4734 -0.7008 2.4122 -0.7614
4735 -0.7170 2.4680 -0.7408
4736 -0.7294 2.5108 -0.6564
4737 -0.7383 2.5413 -0.5701
4738 -0.7491 2.5784 -0.5404
4739 -0.7629 2.6258 -0.5417
4740 -0.7768 2.6737 -0.5369
4741 -0.7942 2.7338 -0.5466
4742 -0.8189 2.8188 -0.5799
4743 -0.8415 2.8964 -0.5854
4744 -0.8500 2.9258 -0.5299
4745 -0.8493 2.9232 -0.4501
4746 -0.8496 2.9243 -0.3832
4747 -0.8479 2.9187 -0.3190
4748 -0.8406 2.8934 -0.2513
4749 -0.8407 2.8938 -0.2033
4750 -0.8595 2.9584 -0.1787
4751 -0.8841 3.0430 -0.1495
4752 -0.8978 3.0901 -0.1022
4753 -0.9042 3.1123 -0.0466
4754 -0.9099 3.1319 0.0120
4755 -0.9042 3.1122 0.0700
4756 -0.8806 3.0311 0.1146
4757 -0.8565 2.9482 0.1464
4758 -0.8483 2.9197 0.1850
4759 -0.8486 2.9209 0.2344
4760 -0.8473 2.9164 0.2843
4761 -0.8500 2.9256 0.3469
4762 -0.8593 2.9576 0.4354
4763 -0.8608 2.9629 0.5161
4764 -0.8453 2.9096 0.5468
4765 -0.8230 2.8330 0.5441
4766 -0.8044 2.7687 0.5452
4767 -0.7865 2.7070 0.5393
4768 -0.7676 2.6421 0.5130
4769 -0.7542 2.5959 0.5134
4770 -0.7473 2.5723 0.5807
4771 -0.7392 2.5443 0.6689
4772 -0.7260 2.4988 0.7179
4773 -0.7105 2.4455 0.7410
4774 -0.6941 2.3892 0.7614
4775 -0.6779 2.3335 0.7408
4776 -0.6655 2.2907 0.6564
4777 -0.6566 2.2602 0.5701
4778 -0.6459 2.2230 0.5404
4779 -0.6321 2.1756 0.5417
4780 -0.6182 2.1277 0.5369
4781 -0.6007 2.0677 0.5466
4782 -0.5760 1.9826 0.5799
4783 -0.5535 1.9051 0.5854
4784 -0.5449 1.8756 0.5299
4785 -0.5457 1.8783 0.4501
4786 -0.5454 1.8772 0.3832
4787 -0.5470 1.8828 0.3190
4788 -0.5544 1.9081 0.2513
4789 -0.5542 1.9077 0.2033
4790 -0.5355 1.8431 0.1787
4791 -0.5109 1.7584 0.1495
4792 -0.4972 1.7113 0.1022
4793 -0.4908 1.6892 0.0466
4794 -0.4851 1.6696 -0.0120
4795 -0.4908 1.6893 -0.0700
4796 -0.5143 1.7704 -0.1146
4797 -0.5384 1.8533 -0.1464
4798 -0.5467 1.8817 -0.1850
4799 -0.5463 1.8805 -0.2344
4800 -0.5477 1.8851 -0.2843
4801 -0.6100 1.8775 -0.3821
4802 -0.6060 1.8651 -0.4603
4803 -0.6097 1.8766 -0.5269
4804 -0.6230 1.9174 -0.5666
4805 -0.6438 1.9814 -0.5734
4806 -0.6676 2.0546 -0.5542
4807 -0.6896 2.1224 -0.5268
4808 -0.7069 2.1757 -0.5127
4809 -0.7196 2.2146 -0.5277
4810 -0.7299 2.2464 -0.5749
4811 -0.7411 2.2809 -0.6420
4812 -0.7554 2.3248 -0.7066
4813 -0.7725 2.3776 -0.7451
4814 -0.7906 2.4332 -0.7428
4815 -0.8068 2.4831 -0.7001
4816 -0.8194 2.5220 -0.6320
4817 -0.8290 2.5514 -0.5623
4818 -0.8382 2.5796 -0.5127
4819 -0.8504 2.6172 -0.4944
4820 -0.8680 2.6714 -0.5041
4821 -0.8906 2.7410 -0.5259
4822 -0.9148 2.8154 -0.5390
4823 -0.9354 2.8787 -0.5269
4824 -0.9476 2.9165 -0.4839
4825 -0.9497 2.9230 -0.4166
4826 -0.9438 2.9047 -0.3396
4827 -0.9353 2.8786 -0.2684
4828 -0.9310 2.8652 -0.2123
4829 -0.9356 2.8795 -0.1715
4830 -0.9502 2.9244 -0.1380
4831 -0.9709 2.9882 -0.1017
4832 -0.9909 3.0497 -0.0556
4833 -1.0028 3.0863 -0.0000
4834 -1.0021 3.0841 0.0585
4835 -0.9889 3.0434 0.1109
4836 -0.9679 2.9787 0.1517
4837 -0.9463 2.9124 0.1827
4838 -0.9310 2.8652 0.2123
4839 -0.9253 2.8479 0.2519
4840 -0.9283 2.8571 0.3089
4841 -0.9350 2.8778 0.3821
4842 -0.9391 2.8902 0.4603
4843 -0.9354 2.8787 0.5269
4844 -0.9221 2.8379 0.5666
4845 -0.9013 2.7739 0.5734
4846 -0.8775 2.7006 0.5542
4847 -0.8555 2.6329 0.5268
4848 -0.8382 2.5796 0.5127
4849 -0.8255 2.5407 0.5277
4850 -0.8152 2.5089 0.5749
4851 -0.8040 2.4743 0.6420
4852 -0.7897 2.4305 0.7066
4853 -0.7725 2.3776 0.7451
4854 -0.7545 2.3220 0.7428
4855 -0.7383 2.2722 0.7001
4856 -0.7257 2.2333 0.6320
4857 -0.7161 2.2039 0.5623
4858 -0.7069 2.1757 0.5127
4859 -0.6947 2.1381 0.4944
4860 -0.6771 2.0838 0.5041
4861 -0.6545 2.0143 0.5259
4862 -0.6303 1.9399 0.5390
4863 -0.6097 1.8766 0.5269
4864 -0.5975 1.8388 0.4839
4865 -0.5953 1.8323 0.4166
4866 -0.6013 1.8506 0.3396
4867 -0.6098 1.8766 0.2684
4868 -0.6141 1.8901 0.2123
4869 -0.6095 1.8757 0.1715
4870 -0.5949 1.8309 0.1380
4871 -0.5742 1.7671 0.1017
4872 -0.5542 1.7056 0.0556
4873 -0.5423 1.6690 0.0000
4874 -0.5430 1.6712 -0.0585
4875 -0.5562 1.7119 -0.1109
4876 -0.5772 1.7765 -0.1517
4877 -0.5988 1.8429 -0.1827
4878 -0.6141 1.8901 -0.2123
4879 -0.6198 1.9074 -0.2519
4880 -0.6168 1.8982 -0.3089
4881 -0.6680 1.8553 -0.4369
4882 -0.6705 1.8623 -0.5046
4883 -0.6805 1.8902 -0.5569
4884 -0.6920 1.9220 -0.6089
4885 -0.7118 1.9770 -0.6283
4886 -0.7412 2.0588 -0.5889
4887 -0.7677 2.1323 -0.5401
4888 -0.7842 2.1781 -0.5404
4889 -0.7971 2.2141 -0.5717
4890 -0.8115 2.2539 -0.5985
4891 -0.8262 2.2949 -0.6445
4892 -0.8430 2.3415 -0.7250
4893 -0.8634 2.3983 -0.7789
4894 -0.8832 2.4531 -0.7539
4895 -0.8990 2.4971 -0.6891
4896 -0.9132 2.5366 -0.6369
4897 -0.9250 2.5692 -0.5826
4898 -0.9320 2.5887 -0.5130
4899 -0.9421 2.6167 -0.4753
4900 -0.9652 2.6809 -0.4971
4901 -0.9948 2.7632 -0.5281
4902 -1.0178 2.8270 -0.5207
4903 -1.0355 2.8762 -0.4910
4904 -1.0531 2.9251 -0.4572
4905 -1.0597 2.9434 -0.3987
4906 -1.0463 2.9063 -0.3118
4907 -1.0298 2.8604 -0.2337
4908 -1.0299 2.8607 -0.1850
4909 -1.0405 2.8901 -0.1468
4910 -1.0496 2.9153 -0.1045
4911 -1.0651 2.9586 -0.0609
4912 -1.0924 3.0344 -0.0114
4913 -1.1107 3.0851 0.0490
4914 -1.1022 3.0615 0.1073
4915 -1.0803 3.0006 0.1540
4916 -1.0626 2.9514 0.1959
4917 -1.0442 2.9003 0.2307
4918 -1.0206 2.8349 0.2513
4919 -1.0079 2.7994 0.2811
4920 -1.0152 2.8199 0.3494
4921 -1.0257 2.8491 0.4369
4922 -1.0232 2.8421 0.5046
4923 -1.0132 2.8142 0.5569
4924 -1.0017 2.7824 0.6089
4925 -0.9819 2.7274 0.6283
4926 -0.9525 2.6456 0.5889
4927 -0.9260 2.5721 0.5401
4928 -0.9095 2.5263 0.5404
4929 -0.8966 2.4903 0.5717
4930 -0.8822 2.4505 0.5985
4931 -0.8675 2.4095 0.6445
4932 -0.8507 2.3629 0.7250
4933 -0.8302 2.3061 0.7789
4934 -0.8105 2.2513 0.7539
4935 -0.7947 2.2073 0.6891
4936 -0.7805 2.1679 0.6369
4937 -0.7687 2.1352 0.5826
4938 -0.7617 2.1157 0.5130
4939 -0.7516 2.0877 0.4753
4940 -0.7285 2.0235 0.4971
4941 -0.6989 1.9412 0.5281
4942 -0.6759 1.8774 0.5207
4943 -0.6582 1.8282 0.4910
4944 -0.6406 1.7793 0.4572
4945 -0.6340 1.7610 0.3987
4946 -0.6474 1.7981 0.3118
4947 -0.6639 1.8440 0.2337
4948 -0.6638 1.8437 0.1850
4949 -0.6532 1.8143 0.1468
4950 -0.6441 1.7891 0.1045
4951 -0.6285 1.7458 0.0609
4952 -0.6012 1.6700 0.0114
4953 -0.5830 1.6193 -0.0490
4954 -0.5915 1.6429 -0.1073
4955 -0.6134 1.7038 -0.1540
4956 -0.6311 1.7530 -0.1959
4957 -0.6495 1.8041 -0.2307
4958 -0.6731 1.8695 -0.2513
4959 -0.6858 1.9050 -0.2811
4960 -0.6785 1.8845 -0.3494
4961 -0.7261 1.8340 -0.4953
4962 -0.7294 1.8422 -0.5700
4963 -0.7409 1.8713 -0.6283
4964 -0.7572 1.9125 -0.6744
4965 -0.7816 1.9740 -0.6856
4966 -0.8125 2.0521 -0.6488
4967 -0.8403 2.1225 -0.6034
4968 -0.8604 2.1731 -0.5949
4969 -0.8770 2.2149 -0.6174
4970 -0.8939 2.2578 -0.6491
4971 -0.9122 2.3040 -0.6997
4972 -0.9337 2.3582 -0.7698
4973 -0.9581 2.4198 -0.8122
4974 -0.9806 2.4766 -0.7902
4975 -0.9982 2.5213 -0.7287
4976 -1.0129 2.5584 -0.6659
4977 -1.0245 2.5876 -0.6015
4978 -1.0328 2.6085 -0.5357
4979 -1.0455 2.6406 -0.5004
4980 -1.0706 2.7041 -0.5097
4981 -1.1027 2.7850 -0.5275
4982 -1.1301 2.8544 -0.5186
4983 -1.1516 2.9086 -0.4874
4984 -1.1686 2.9515 -0.4430
4985 -1.1727 2.9619 -0.3769
4986 -1.1591 2.9276 -0.2929
4987 -1.1424 2.8855 -0.2172
4988 -1.1393 2.8775 -0.1627
4989 -1.1476 2.8984 -0.1178
4990 -1.1593 2.9280 -0.0717
4991 -1.1779 2.9750 -0.0220
4992 -1.2037 3.0401 0.0363
4993 -1.2193 3.0796 0.1026
4994 -1.2112 3.0591 0.1636
4995 -1.1886 3.0020 0.2117
4996 -1.1654 2.9436 0.2516
4997 -1.1418 2.8837 0.2831
4998 -1.1175 2.8225 0.3056
4999 -1.1045 2.7897 0.3400
5000 -1.1079 2.7983 0.4083
5001 -1.1145 2.8149 0.4953
5002 -1.1112 2.8067 0.5700
5003 -1.0997 2.7776 0.6283
5004 -1.0834 2.7364 0.6744
5005 -1.0591 2.6749 0.6856
5006 -1.0281 2.5968 0.6488
5007 -1.0003 2.5264 0.6034
5008 -0.9802 2.4758 0.5949
5009 -0.9637 2.4339 0.6174
5010 -0.9467 2.3911 0.6491
5011 -0.9284 2.3449 0.6997
5012 -0.9069 2.2907 0.7698
5013 -0.8825 2.2290 0.8122
5014 -0.8601 2.1723 0.7902
5015 -0.8424 2.1276 0.7287
5016 -0.8277 2.0905 0.6659
5017 -0.8161 2.0613 0.6015
5018 -0.8078 2.0403 0.5357
5019 -0.7951 2.0083 0.5004
5020 -0.7700 1.9448 0.5097
5021 -0.7380 1.8639 0.5275
5022 -0.7105 1.7945 0.5186
5023 -0.6890 1.7402 0.4874
5024 -0.6720 1.6974 0.4430
5025 -0.6679 1.6870 0.3769
5026 -0.6815 1.7212 0.2929
5027 -0.6982 1.7634 0.2172
5028 -0.7013 1.7713 0.1627
5029 -0.6930 1.7504 0.1178
5030 -0.6814 1.7209 0.0717
5031 -0.6627 1.6738 0.0220
5032 -0.6369 1.6087 -0.0363
5033 -0.6213 1.5692 -0.1026
5034 -0.6294 1.5898 -0.1636
5035 -0.6521 1.6469 -0.2117
5036 -0.6752 1.7053 -0.2516
5037 -0.6989 1.7651 -0.2831
5038 -0.7231 1.8264 -0.3056
5039 -0.7361 1.8592 -0.3400
5040 -0.7327 1.8506 -0.4083
5041 -0.7850 1.8139 -0.5575
5042 -0.7854 1.8151 -0.6519
5043 -0.7957 1.8387 -0.7306
5044 -0.8214 1.8980 -0.7571
5045 -0.8536 1.9726 -0.7452
5046 -0.8839 2.0425 -0.7264
5047 -0.9120 2.1076 -0.7005
5048 -0.9380 2.1676 -0.6673
5049 -0.9595 2.2174 -0.6644
5050 -0.9794 2.2634 -0.7170
5051 -1.0027 2.3171 -0.7879
5052 -1.0293 2.3785 -0.8303
5053 -1.0569 2.4423 -0.8447
5054 -1.0842 2.5055 -0.8407
5055 -1.1068 2.5577 -0.7970
5056 -1.1198 2.5877 -0.7077
5057 -1.1279 2.6065 -0.6187
5058 -1.1415 2.6377 -0.5695
5059 -1.1616 2.6843 -0.5477
5060 -1.1847 2.7377 -0.5309
5061 -1.2143 2.8060 -0.5235
5062 -1.2518 2.8927 -0.5223
5063 -1.2830 2.9649 -0.4965
5064 -1.2936 2.9893 -0.4319
5065 -1.2888 2.9783 -0.3507
5066 -1.2814 2.9610 -0.2745
5067 -1.2711 2.9373 -0.2035
5068 -1.2579 2.9068 -0.1382
5069 -1.2567 2.9041 -0.0839
5070 -1.2776 2.9524 -0.0338
5071 -1.3058 3.0175 0.0248
5072 -1.3226 3.0564 0.0917
5073 -1.3283 3.0696 0.1611
5074 -1.3268 3.0660 0.2300
5075 -1.3094 3.0258 0.2869
5076 -1.2739 2.9439 0.3196
5077 -1.2386 2.8622 0.3401
5078 -1.2191 2.8171 0.3741
5079 -1.2104 2.7971 0.4249
5080 -1.2037 2.7816 0.4831
5081 -1.2008 2.7749 0.5575
5082 -1.2003 2.7737 0.6519
5083 -1.1901 2.7501 0.7306
5084 -1.1644 2.6907 0.7571
5085 -1.1321 2.6162 0.7452
5086 -1.1019 2.5463 0.7264
5087 -1.0737 2.4812 0.7005
5088 -1.0477 2.4212 0.6673
5089 -1.0262 2.3714 0.6644
5090 -1.0063 2.3254 0.7170
5091 -0.9830 2.2717 0.7879
5092 -0.9565 2.2103 0.8303
5093 -0.9289 2.1465 0.8447
5094 -0.9015 2.0833 0.8407
5095 -0.8789 2.0311 0.7970
5096 -0.8660 2.0011 0.7077
5097 -0.8578 1.9822 0.6187
5098 -0.8443 1.9510 0.5695
5099 -0.8241 1.9045 0.5477
5100 -0.8010 1.8511 0.5309
5101 -0.7715 1.7827 0.5235
5102 -0.7340 1.6961 0.5223
5103 -0.7027 1.6238 0.4965
5104 -0.6922 1.5995 0.4319
5105 -0.6969 1.6105 0.3507
5106 -0.7044 1.6277 0.2745
5107 -0.7146 1.6515 0.2035
5108 -0.7279 1.6820 0.1382
5109 -0.7290 1.6846 0.0839
5110 -0.7081 1.6364 0.0338
5111 -0.6800 1.5713 -0.0248
5112 -0.6631 1.5324 -0.0917
5113 -0.6574 1.5192 -0.1611
5114 -0.6590 1.5228 -0.2300
5115 -0.6763 1.5629 -0.2869
5116 -0.7118 1.6449 -0.3196
5117 -0.7472 1.7266 -0.3401
5118 -0.7667 1.7717 -0.3741
5119 -0.7753 1.7917 -0.4249
5120 -0.7820 1.8072 -0.4831
5121 -0.8399 1.7849 -0.6375
5122 -0.8428 1.7911 -0.7405
5123 -0.8563 1.8197 -0.8267
5124 -0.8881 1.8873 -0.8455
5125 -0.9256 1.9669 -0.8239
5126 -0.9585 2.0369 -0.8089
5127 -0.9895 2.1029 -0.7872
5128 -1.0194 2.1663 -0.7438
5129 -1.0449 2.2205 -0.7308
5130 -1.0697 2.2733 -0.7875
5131 -1.0991 2.3358 -0.8615
5132 -1.1307 2.4029 -0.8917
5133 -1.1621 2.4696 -0.8935
5134 -1.1943 2.5380 -0.8907
5135 -1.2207 2.5942 -0.8481
5136 -1.2331 2.6204 -0.7480
5137 -1.2398 2.6347 -0.6489
5138 -1.2565 2.6702 -0.6008
5139 -1.2813 2.7230 -0.5778
5140 -1.3053 2.7738 -0.5481
5141 -1.3359 2.8389 -0.5274
5142 -1.3798 2.9321 -0.5205
5143 -1.4165 3.0101 -0.4889
5144 -1.4244 3.0271 -0.4142
5145 -1.4152 3.0075 -0.3262
5146 -1.4089 2.9940 -0.2489
5147 -1.3996 2.9743 -0.1760
5148 -1.3811 2.9350 -0.1059
5149 -1.3756 2.9233 -0.0460
5150 -1.3997 2.9746 0.0124
5151 -1.4313 3.0416 0.0814
5152 -1.4441 3.0689 0.1556
5153 -1.4449 3.0705 0.2294
5154 -1.4437 3.0680 0.3050
5155 -1.4256 3.0295 0.3670
5156 -1.3829 2.9389 0.3960
5157 -1.3407 2.8492 0.4118
5158 -1.3202 2.8057 0.4511
5159 -1.3105 2.7849 0.5094
5160 -1.2978 2.7580 0.5656
5161 -1.2890 2.7392 0.6375
5162 -1.2860 2.7330 0.7405
5163 -1.2726 2.7045 0.8267
5164 -1.2408 2.6368 0.8455
5165 -1.2033 2.5572 0.8239
5166 -1.1704 2.4872 0.8089
5167 -1.1394 2.4213 0.7872
5168 -1.1095 2.3578 0.7438
5169 -1.0840 2.3037 0.7308
5170 -1.0592 2.2509 0.7875
5171 -1.0298 2.1884 0.8615
5172 -0.9982 2.1213 0.8917
5173 -0.9668 2.0545 0.8935
5174 -0.9346 1.9861 0.8907
5175 -0.9082 1.9300 0.8481
5176 -0.8958 1.9037 0.7480
5177 -0.8891 1.8894 0.6489
5178 -0.8724 1.8539 0.6008
5179 -0.8476 1.8012 0.5778
5180 -0.8236 1.7503 0.5481
5181 -0.7930 1.6853 0.5274
5182 -0.7491 1.5920 0.5205
5183 -0.7124 1.5140 0.4889
5184 -0.7045 1.4971 0.4142
5185 -0.7137 1.5166 0.3262
5186 -0.7200 1.5301 0.2489
5187 -0.7293 1.5498 0.1760
5188 -0.7478 1.5891 0.1059
5189 -0.7533 1.6008 0.0460
5190 -0.7292 1.5495 -0.0124
5191 -0.6976 1.4825 -0.0814
5192 -0.6848 1.4553 -0.1556
5193 -0.6840 1.4536 -0.2294
5194 -0.6852 1.4561 -0.3050
5195 -0.7033 1.4946 -0.3670
5196 -0.7460 1.5853 -0.3960
5197 -0.7882 1.6749 -0.4118
5198 -0.8087 1.7185 -0.4511
5199 -0.8184 1.7393 -0.5094
5200 -0.8311 1.7661 -0.5656
5201 -0.8932 1.7530 -0.7330
5202 -0.9061 1.7783 -0.8227
5203 -0.9286 1.8225 -0.8921
5204 -0.9610 1.8861 -0.9250
5205 -0.9996 1.9619 -0.9176
5206 -1.0389 2.0391 -0.8810
5207 -1.0748 2.1094 -0.8369
5208 -1.1061 2.1708 -0.8085
5209 -1.1350 2.2275 -0.8110
5210 -1.1652 2.2867 -0.8447
5211 -1.1993 2.3538 -0.8949
5212 -1.2372 2.4282 -0.9382
5213 -1.2754 2.5032 -0.9522
5214 -1.3089 2.5689 -0.9250
5215 -1.3338 2.6178 -0.8597
5216 -1.3499 2.6493 -0.7725
5217 -1.3611 2.6713 -0.6855
5218 -1.3741 2.6968 -0.6167
5219 -1.3953 2.7385 -0.5734
5220 -1.4275 2.8016 -0.5503
5221 -1.4678 2.8806 -0.5326
5222 -1.5085 2.9605 -0.5041
5223 -1.5400 3.0223 -0.4545
5224 -1.5549 3.0517 -0.3831
5225 -1.5516 3.0451 -0.2982
5226 -1.5350 3.0125 -0.2115
5227 -1.5149 2.9732 -0.1325
5228 -1.5020 2.9479 -0.0636
5229 -1.5031 2.9501 -0.0000
5230 -1.5185 2.9801 0.0665
5231 -1.5413 3.0249 0.1417
5232 -1.5609 3.0634 0.2252
5233 -1.5673 3.0759 0.3094
5234 -1.5549 3.0517 0.3831
5235 -1.5253 2.9935 0.4380
5236 -1.4857 2.9159 0.4734
5237 -1.4462 2.8383 0.4980
5238 -1.4149 2.7770 0.5267
5239 -1.3953 2.7385 0.5734
5240 -1.3848 2.7178 0.6443
5241 -1.3768 2.7020 0.7330
5242 -1.3638 2.6767 0.8227
5243 -1.3413 2.6325 0.8921
5244 -1.3089 2.5689 0.9250
5245 -1.2703 2.4932 0.9176
5246 -1.2310 2.4160 0.8810
5247 -1.1952 2.3456 0.8369
5248 -1.1639 2.2842 0.8085
5249 -1.1350 2.2275 0.8110
5250 -1.1048 2.1683 0.8447
5251 -1.0706 2.1012 0.8949
5252 -1.0327 2.0268 0.9382
5253 -0.9945 1.9519 0.9522
5254 -0.9610 1.8861 0.9250
5255 -0.9361 1.8372 0.8597
5256 -0.9200 1.8057 0.7725
5257 -0.9089 1.7838 0.6855
5258 -0.8959 1.7582 0.6167
5259 -0.8746 1.7166 0.5734
5260 -0.8425 1.6535 0.5503
5261 -0.8022 1.5744 0.5326
5262 -0.7615 1.4945 0.5041
5263 -0.7300 1.4327 0.4545
5264 -0.7151 1.4034 0.3831
5265 -0.7184 1.4099 0.2982
5266 -0.7350 1.4425 0.2115
5267 -0.7551 1.4819 0.1325
5268 -0.7679 1.5072 0.0636
5269 -0.7668 1.5049 0.0000
5270 -0.7515 1.4749 -0.0665
5271 -0.7287 1.4301 -0.1417
5272 -0.7090 1.3916 -0.2252
5273 -0.7027 1.3791 -0.3094
5274 -0.7151 1.4034 -0.3831
5275 -0.7447 1.4615 -0.4380
5276 -0.7842 1.5392 -0.4734
5277 -0.8238 1.6168 -0.4980
5278 -0.8550 1.6781 -0.5267
5279 -0.8746 1.7166 -0.5734
5280 -0.8852 1.7372 -0.6443
5281 -0.9561 1.7392 -0.8120
5282 -0.9786 1.7801 -0.8850
5283 -1.0095 1.8362 -0.9350
5284 -1.0424 1.8962 -0.9818
5285 -1.0821 1.9684 -0.9884
5286 -1.1263 2.0487 -0.9286
5287 -1.1652 2.1194 -0.8610
5288 -1.1980 2.1791 -0.8474
5289 -1.2306 2.2384 -0.8649
5290 -1.2644 2.2999 -0.8751
5291 -1.3015 2.3673 -0.9014
5292 -1.3462 2.4488 -0.9572
5293 -1.3918 2.5317 -0.9826
5294 -1.4243 2.5908 -0.9319
5295 -1.4453 2.6290 -0.8456
5296 -1.4655 2.6658 -0.7712
5297 -1.4816 2.6951 -0.6957
5298 -1.4885 2.7076 -0.6086
5299 -1.5038 2.7354 -0.5479
5300 -1.5449 2.8102 -0.5307
5301 -1.5956 2.9023 -0.5153
5302 -1.6308 2.9663 -0.4686
5303 -1.6548 3.0101 -0.4046
5304 -1.6774 3.0511 -0.3361
5305 -1.6805 3.0569 -0.2538
5306 -1.6518 3.0045 -0.1621
5307 -1.6192 2.9453 -0.0814
5308 -1.6126 2.9334 -0.0133
5309 -1.6210 2.9487 0.0544
5310 -1.6259 2.9576 0.1245
5311 -1.6386 2.9807 0.2015
5312 -1.6655 3.0295 0.2945
5313 -1.6777 3.0518 0.3890
5314 -1.6534 3.0074 0.4566
5315 -1.6118 2.9318 0.5001
5316 -1.5759 2.8666 0.5420
5317 -1.5395 2.8004 0.5755
5318 -1.4976 2.7241 0.5898
5319 -1.4683 2.6709 0.6215
5320 -1.4601 2.6558 0.7068
5321 -1.4526 2.6423 0.8120
5322 -1.4301 2.6014 0.8850
5323 -1.3993 2.5453 0.9350
5324 -1.3663 2.4853 0.9818
5325 -1.3266 2.4132 0.9884
5326 -1.2825 2.3328 0.9286
5327 -1.2436 2.2621 0.8610
5328 -1.2108 2.2024 0.8474
5329 -1.1782 2.1431 0.8649
5330 -1.1444 2.0816 0.8751
5331 -1.1073 2.0142 0.9014
5332 -1.0625 1.9327 0.9572
5333 -1.0170 1.8499 0.9826
5334 -0.9844 1.7907 0.9319
5335 -0.9635 1.7525 0.8456
5336 -0.9433 1.7158 0.7712
5337 -0.9271 1.6864 0.6957
5338 -0.9202 1.6739 0.6086
5339 -0.9050 1.6462 0.5479
5340 -0.8639 1.5714 0.5307
5341 -0.8132 1.4792 0.5153
5342 -0.7780 1.4152 0.4686
5343 -0.7540 1.3715 0.4046
5344 -0.7314 1.3304 0.3361
5345 -0.7282 1.3246 0.2538
5346 -0.7570 1.3770 0.1621
5347 -0.7896 1.4362 0.0814
5348 -0.7961 1.4481 0.0133
5349 -0.7877 1.4329 -0.0544
5350 -0.7828 1.4239 -0.1245
5351 -0.7701 1.4009 -0.2015
5352 -0.7433 1.3520 -0.2945
5353 -0.7310 1.3297 -0.3890
5354 -0.7554 1.3741 -0.4566
5355 -0.7970 1.4498 -0.5001
5356 -0.8328 1.5149 -0.5420
5357 -0.8692 1.5811 -0.5755
5358 -0.9112 1.6574 -0.5898
5359 -0.9404 1.7106 -0.6215
5360 -0.9487 1.7257 -0.7068
5361 -1.0372 1.7538 -0.8412
5362 -1.0617 1.7952 -0.9177
5363 -1.0947 1.8511 -0.9705
5364 -1.1325 1.9149 -1.0063
5365 -1.1754 1.9876 -1.0006
5366 -1.2196 2.0623 -0.9424
5367 -1.2586 2.1281 -0.8772
5368 -1.2931 2.1864 -0.8521
5369 -1.3278 2.2451 -0.8580
5370 -1.3644 2.3071 -0.8709
5371 -1.4056 2.3767 -0.8992
5372 -1.4538 2.4582 -0.9419
5373 -1.5013 2.5385 -0.9546
5374 -1.5357 2.5968 -0.9062
5375 -1.5573 2.6333 -0.8231
5376 -1.5744 2.6621 -0.7400
5377 -1.5866 2.6828 -0.6569
5378 -1.5938 2.6949 -0.5741
5379 -1.6110 2.7240 -0.5156
5380 -1.6510 2.7917 -0.4883
5381 -1.7008 2.8759 -0.4624
5382 -1.7398 2.9418 -0.4144
5383 -1.7666 2.9872 -0.3494
5384 -1.7848 3.0180 -0.2753
5385 -1.7820 3.0132 -0.1909
5386 -1.7523 2.9630 -0.1040
5387 -1.7191 2.9069 -0.0276
5388 -1.7064 2.8853 0.0402
5389 -1.7094 2.8904 0.1084
5390 -1.7159 2.9015 0.1804
5391 -1.7303 2.9258 0.2612
5392 -1.7521 2.9626 0.3559
5393 -1.7585 2.9735 0.4492
5394 -1.7339 2.9319 0.5169
5395 -1.6916 2.8603 0.5594
5396 -1.6493 2.7888 0.5928
5397 -1.6070 2.7173 0.6169
5398 -1.5649 2.6460 0.6309
5399 -1.5351 2.5957 0.6648
5400 -1.5212 2.5721 0.7433
5401 -1.5080 2.5499 0.8412
5402 -1.4835 2.5085 0.9177
5403 -1.4505 2.4526 0.9705
5404 -1.4127 2.3888 1.0063
5405 -1.3698 2.3162 1.0006
5406 -1.3256 2.2414 0.9424
5407 -1.2866 2.1756 0.8772
5408 -1.2521 2.1173 0.8521
5409 -1.2174 2.0586 0.8580
5410 -1.1808 1.9966 0.8709
5411 -1.1396 1.9270 0.8992
5412 -1.0914 1.8455 0.9419
5413 -1.0439 1.7652 0.9546
5414 -1.0095 1.7069 0.9062
5415 -0.9879 1.6704 0.8231
5416 -0.9708 1.6416 0.7400
5417 -0.9586 1.6209 0.6569
5418 -0.9514 1.6088 0.5741
5419 -0.9342 1.5797 0.5156
5420 -0.8942 1.5120 0.4883
5421 -0.8444 1.4278 0.4624
5422 -0.8054 1.3619 0.4144
5423 -0.7786 1.3165 0.3494
5424 -0.7604 1.2857 0.2753
5425 -0.7632 1.2906 0.1909
5426 -0.7929 1.3407 0.1040
5427 -0.8261 1.3968 0.0276
5428 -0.8388 1.4184 -0.0402
5429 -0.8359 1.4134 -0.1084
5430 -0.8293 1.4022 -0.1804
5431 -0.8149 1.3779 -0.2612
5432 -0.7931 1.3411 -0.3559
5433 -0.7867 1.3302 -0.4492
5434 -0.8113 1.3718 -0.5169
5435 -0.8536 1.4434 -0.5594
5436 -0.8959 1.5149 -0.5928
5437 -0.9382 1.5864 -0.6169
5438 -0.9804 1.6577 -0.6309
5439 -1.0101 1.7080 -0.6648
5440 -1.0240 1.7316 -0.7433
5441 -1.1320 1.7838 -0.8230
5442 -1.1539 1.8183 -0.9169
5443 -1.1859 1.8686 -0.9874
5444 -1.2291 1.9368 -0.9953
5445 -1.2745 2.0083 -0.9607
5446 -1.3163 2.0742 -0.9203
5447 -1.3543 2.1340 -0.8739
5448 -1.3881 2.1874 -0.8213
5449 -1.4213 2.2397 -0.8001
5450 -1.4615 2.3030 -0.8320
5451 -1.5089 2.3777 -0.8779
5452 -1.5557 2.4514 -0.8933
5453 -1.5989 2.5195 -0.8804
5454 -1.6386 2.5820 -0.8496
5455 -1.6653 2.6241 -0.7837
5456 -1.6718 2.6344 -0.6815
5457 -1.6719 2.6345 -0.5824
5458 -1.6851 2.6553 -0.5166
5459 -1.7109 2.6960 -0.4710
5460 -1.7410 2.7434 -0.4274
5461 -1.7806 2.8057 -0.3873
5462 -1.8308 2.8849 -0.3465
5463 -1.8686 2.9445 -0.2869
5464 -1.8729 2.9512 -0.2061
5465 -1.8544 2.9220 -0.1214
5466 -1.8327 2.8879 -0.0434
5467 -1.8078 2.8487 0.0275
5468 -1.7796 2.8042 0.0907
5469 -1.7683 2.7863 0.1526
5470 -1.7854 2.8133 0.2276
5471 -1.8100 2.8521 0.3161
5472 -1.8182 2.8651 0.4033
5473 -1.8113 2.8542 0.4840
5474 -1.7948 2.8281 0.5581
5475 -1.7595 2.7726 0.6079
5476 -1.7047 2.6862 0.6201
5477 -1.6516 2.6026 0.6202
5478 -1.6164 2.5470 0.6448
5479 -1.5920 2.5085 0.6931
5480 -1.5686 2.4717 0.7493
5481 -1.5471 2.4378 0.8230
5482 -1.5252 2.4033 0.9169
5483 -1.4933 2.3530 0.9874
5484 -1.4500 2.2849 0.9953
5485 -1.4046 2.2133 0.9607
5486 -1.3628 2.1475 0.9203
5487 -1.3249 2.0876 0.8739
5488 -1.2910 2.0343 0.8213
5489 -1.2578 1.9820 0.8001
5490 -1.2176 1.9186 0.8320
5491 -1.1702 1.8439 0.8779
5492 -1.1234 1.7703 0.8933
5493 -1.0802 1.7021 0.8804
5494 -1.0405 1.6396 0.8496
5495 -1.0138 1.5975 0.7837
5496 -1.0073 1.5873 0.6815
5497 -1.0072 1.5872 0.5824
5498 -0.9941 1.5664 0.5166
5499 -0.9682 1.5256 0.4710
5500 -0.9381 1.4782 0.4274
5501 -0.8986 1.4159 0.3873
5502 -0.8483 1.3367 0.3465
5503 -0.8105 1.2771 0.2869
5504 -0.8062 1.2704 0.2061
5505 -0.8248 1.2996 0.1214
5506 -0.8464 1.3338 0.0434
5507 -0.8713 1.3730 -0.0275
5508 -0.8995 1.4174 -0.0907
5509 -0.9109 1.4353 -0.1526
5510 -0.8938 1.4083 -0.2276
5511 -0.8691 1.3695 -0.3161
5512 -0.8609 1.3566 -0.4033
5513 -0.8678 1.3675 -0.4840
5514 -0.8843 1.3935 -0.5581
5515 -0.9196 1.4491 -0.6079
5516 -0.9744 1.5354 -0.6201
5517 -1.0275 1.6191 -0.6202
5518 -1.0628 1.6746 -0.6448
5519 -1.0872 1.7131 -0.6931
5520 -1.1106 1.7500 -0.7493
5521 -1.2295 1.8092 -0.7895
5522 -1.2520 1.8423 -0.8859
5523 -1.2848 1.8905 -0.9586
5524 -1.3289 1.9555 -0.9536
5525 -1.3732 2.0206 -0.9061
5526 -1.4129 2.0790 -0.8680
5527 -1.4490 2.1322 -0.8247
5528 -1.4799 2.1776 -0.7615
5529 -1.5106 2.2228 -0.7303
5530 -1.5526 2.2845 -0.7657
5531 -1.6032 2.3591 -0.8142
5532 -1.6490 2.4264 -0.8191
5533 -1.6896 2.4861 -0.7972
5534 -1.7303 2.5460 -0.7703
5535 -1.7568 2.5851 -0.7095
5536 -1.7556 2.5833 -0.6041
5537 -1.7475 2.5713 -0.5038
5538 -1.7607 2.5908 -0.4445
5539 -1.7884 2.6315 -0.4032
5540 -1.8137 2.6688 -0.3561
5541 -1.8489 2.7206 -0.3126
5542 -1.9032 2.8004 -0.2725
5543 -1.9440 2.8605 -0.2143
5544 -1.9412 2.8564 -0.1357
5545 -1.9145 2.8171 -0.0570
5546 -1.8931 2.7856 0.0136
5547 -1.8687 2.7498 0.0780
5548 -1.8332 2.6975 0.1329
5549 -1.8157 2.6717 0.1875
5550 -1.8356 2.7010 0.2622
5551 -1.8628 2.7411 0.3523
5552 -1.8656 2.7452 0.4337
5553 -1.8533 2.7271 0.5059
5554 -1.8382 2.7048 0.5783
5555 -1.8040 2.6545 0.6255
5556 -1.7448 2.5674 0.6234
5557 -1.6884 2.4843 0.6089
5558 -1.6550 2.4353 0.6324
5559 -1.6318 2.4012 0.6817
5560 -1.6053 2.3622 0.7268
5561 -1.5809 2.3262 0.7895
5562 -1.5584 2.2931 0.8859
5563 -1.5256 2.2449 0.9586
5564 -1.4815 2.1800 0.9536
5565 -1.4372 2.1148 0.9061
5566 -1.3975 2.0564 0.8680
5567 -1.3614 2.0032 0.8247
5568 -1.3305 1.9578 0.7615
5569 -1.2998 1.9126 0.7303
5570 -1.2579 1.8509 0.7657
5571 -1.2072 1.7763 0.8142
5572 -1.1614 1.7090 0.8191
5573 -1.1208 1.6493 0.7972
5574 -1.0801 1.5894 0.7703
5575 -1.0536 1.5503 0.7095
5576 -1.0548 1.5521 0.6041
5577 -1.0629 1.5641 0.5038
5578 -1.0497 1.5446 0.4445
5579 -1.0220 1.5039 0.4032
5580 -0.9967 1.4666 0.3561
5581 -0.9615 1.4148 0.3126
5582 -0.9073 1.3350 0.2725
5583 -0.8664 1.2749 0.2143
5584 -0.8692 1.2790 0.1357
5585 -0.8959 1.3183 0.0570
5586 -0.9173 1.3498 -0.0136
5587 -0.9417 1.3856 -0.0780
5588 -0.9772 1.4379 -0.1329
5589 -0.9947 1.4637 -0.1875
5590 -0.9748 1.4344 -0.2622
5591 -0.9476 1.3943 -0.3523
5592 -0.9448 1.3902 -0.4337
5593 -0.9571 1.4084 -0.5059
5594 -0.9723 1.4306 -0.5783
5595 -1.0064 1.4809 -0.6255
5596 -1.0656 1.5680 -0.6234
5597 -1.1221 1.6511 -0.6089
5598 -1.1554 1.7001 -0.6324
5599 -1.1786 1.7342 -0.6817
5600 -1.2051 1.7732 -0.7268
5601 -1.3242 1.8225 -0.7608
5602 -1.3516 1.8604 -0.8351
5603 -1.3872 1.9093 -0.8841
5604 -1.4282 1.9657 -0.8923
5605 -1.4695 2.0225 -0.8588
5606 -1.5064 2.0733 -0.7975
5607 -1.5376 2.1164 -0.7321
5608 -1.5662 2.1557 -0.6854
5609 -1.5975 2.1988 -0.6704
5610 -1.6362 2.2520 -0.6848
5611 -1.6829 2.3164 -0.7128
5612 -1.7332 2.3856 -0.7322
5613 -1.7787 2.4482 -0.7242
5614 -1.8112 2.4928 -0.6806
5615 -1.8264 2.5138 -0.6072
5616 -1.8270 2.5147 -0.5196
5617 -1.8219 2.5077 -0.4357
5618 -1.8227 2.5088 -0.3683
5619 -1.8386 2.5307 -0.3200
5620 -1.8720 2.5766 -0.2837
5621 -1.9167 2.6381 -0.2472
5622 -1.9603 2.6981 -0.2005
5623 -1.9891 2.7378 -0.1400
5624 -1.9940 2.7445 -0.0702
5625 -1.9742 2.7173 -0.0000
5626 -1.9382 2.6678 0.0628
5627 -1.8998 2.6148 0.1160
5628 -1.8723 2.5771 0.1646
5629 -1.8635 2.5649 0.2178
5630 -1.8720 2.5766 0.2837
5631 -1.8884 2.5992 0.3632
5632 -1.8999 2.6149 0.4487
5633 -1.8951 2.6084 0.5261
5634 -1.8695 2.5732 0.5813
5635 -1.8264 2.5138 0.6072
5636 -1.7749 2.4429 0.6083
5637 -1.7255 2.3750 0.5997
5638 -1.6859 2.3205 0.6010
5639 -1.6576 2.2814 0.6281
5640 -1.6362 2.2520 0.6848
5641 -1.6148 2.2225 0.7608
5642 -1.5873 2.1847 0.8351
5643 -1.5518 2.1358 0.8841
5644 -1.5107 2.0794 0.8923
5645 -1.4695 2.0225 0.8588
5646 -1.4326 1.9718 0.7975
5647 -1.4013 1.9287 0.7321
5648 -1.3727 1.8894 0.6854
5649 -1.3414 1.8463 0.6704
5650 -1.3027 1.7931 0.6848
5651 -1.2560 1.7287 0.7128
5652 -1.2057 1.6595 0.7322
5653 -1.1602 1.5969 0.7242
5654 -1.1278 1.5522 0.6806
5655 -1.1125 1.5313 0.6072
5656 -1.1119 1.5304 0.5196
5657 -1.1170 1.5374 0.4357
5658 -1.1162 1.5363 0.3683
5659 -1.1003 1.5144 0.3200
5660 -1.0669 1.4685 0.2837
5661 -1.0222 1.4070 0.2472
5662 -0.9786 1.3470 0.2005
5663 -0.9498 1.3073 0.1400
5664 -0.9450 1.3006 0.0702
5665 -0.9647 1.3278 0.0000
5666 -1.0007 1.3773 -0.0628
5667 -1.0391 1.4303 -0.1160
5668 -1.0666 1.4680 -0.1646
5669 -1.0754 1.4802 -0.2178
5670 -1.0669 1.4685 -0.2837
5671 -1.0505 1.4459 -0.3632
5672 -1.0391 1.4302 -0.4487
5673 -1.0438 1.4367 -0.5261
5674 -1.0694 1.4719 -0.5813
5675 -1.1125 1.5313 -0.6072
5676 -1.1641 1.6022 -0.6083
5677 -1.2134 1.6701 -0.5997
5678 -1.2530 1.7246 -0.6010
5679 -1.2814 1.7636 -0.6281
5680 -1.3027 1.7931 -0.6848
5681 -1.4178 1.8278 -0.7273
5682 -1.4489 1.8680 -0.7789
5683 -1.4857 1.9153 -0.8044
5684 -1.5243 1.9651 -0.8269
5685 -1.5634 2.0156 -0.8081
5686 -1.5955 2.0569 -0.7246
5687 -1.6197 2.0881 -0.6383
5688 -1.6470 2.1233 -0.6086
5689 -1.6802 2.1661 -0.6098
5690 -1.7138 2.2094 -0.6045
5691 -1.7547 2.2621 -0.6136
5692 -1.8109 2.3346 -0.6469
5693 -1.8628 2.4015 -0.6519
5694 -1.8850 2.4301 -0.5939
5695 -1.8870 2.4328 -0.5103
5696 -1.8910 2.4379 -0.4394
5697 -1.8904 2.4372 -0.3709
5698 -1.8772 2.4201 -0.2980
5699 -1.8798 2.4234 -0.2453
5700 -1.9226 2.4786 -0.2180
5701 -1.9781 2.5501 -0.1867
5702 -2.0097 2.5908 -0.1359
5703 -2.0253 2.6110 -0.0760
5704 -2.0391 2.6288 -0.0130
5705 -2.0276 2.6139 0.0508
5706 -1.9764 2.5479 0.1031
5707 -1.9235 2.4798 0.1427
5708 -1.9053 2.4563 0.1872
5709 -1.9060 2.4572 0.2414
5710 -1.9028 2.4530 0.2961
5711 -1.9084 2.4602 0.3629
5712 -1.9288 2.4865 0.4546
5713 -1.9318 2.4905 0.5393
5714 -1.8963 2.4447 0.5755
5715 -1.8450 2.3786 0.5788
5716 -1.8016 2.3226 0.5853
5717 -1.7596 2.2684 0.5844
5718 -1.7149 2.2108 0.5628
5719 -1.6826 2.1693 0.5670
5720 -1.6659 2.1477 0.6368
5721 -1.6467 2.1229 0.7273
5722 -1.6156 2.0828 0.7789
5723 -1.5789 2.0355 0.8044
5724 -1.5402 1.9857 0.8269
5725 -1.5011 1.9352 0.8081
5726 -1.4691 1.8939 0.7246
5727 -1.4448 1.8626 0.6383
5728 -1.4175 1.8274 0.6086
5729 -1.3843 1.7846 0.6098
5730 -1.3508 1.7414 0.6045
5731 -1.3099 1.6887 0.6136
5732 -1.2536 1.6161 0.6469
5733 -1.2017 1.5493 0.6519
5734 -1.1795 1.5206 0.5939
5735 -1.1775 1.5180 0.5103
5736 -1.1735 1.5129 0.4394
5737 -1.1741 1.5136 0.3709
5738 -1.1873 1.5307 0.2980
5739 -1.1848 1.5274 0.2453
5740 -1.1419 1.4722 0.2180
5741 -1.0865 1.4007 0.1867
5742 -1.0549 1.3599 0.1359
5743 -1.0392 1.3398 0.0760
5744 -1.0255 1.3220 0.0130
5745 -1.0370 1.3369 -0.0508
5746 -1.0882 1.4028 -0.1031
5747 -1.1410 1.4710 -0.1427
5748 -1.1592 1.4945 -0.1872
5749 -1.1585 1.4936 -0.2414
5750 -1.1618 1.4978 -0.2961
5751 -1.1562 1.4905 -0.3629
5752 -1.1358 1.4642 -0.4546
5753 -1.1327 1.4603 -0.5393
5754 -1.1683 1.5061 -0.5755
5755 -1.2195 1.5722 -0.5788
5756 -1.2629 1.6282 -0.5853
5757 -1.3050 1.6823 -0.5844
5758 -1.3496 1.7399 -0.5628
5759 -1.3819 1.7815 -0.5670
5760 -1.3986 1.8031 -0.6368
5761 -1.5111 1.8266 -0.6782
5762 -1.5420 1.8639 -0.7330
5763 -1.5783 1.9078 -0.7616
5764 -1.6168 1.9544 -0.7729
5765 -1.6534 1.9986 -0.7433
5766 -1.6813 2.0323 -0.6645
5767 -1.7017 2.0570 -0.5840
5768 -1.7250 2.0852 -0.5459
5769 -1.7551 2.1216 -0.5386
5770 -1.7893 2.1629 -0.5384
5771 -1.8325 2.2151 -0.5516
5772 -1.8875 2.2815 -0.5755
5773 -1.9363 2.3406 -0.5726
5774 -1.9584 2.3672 -0.5207
5775 -1.9591 2.3681 -0.4448
5776 -1.9551 2.3633 -0.3726
5777 -1.9464 2.3528 -0.3043
5778 -1.9326 2.3361 -0.2401
5779 -1.9365 2.3408 -0.1937
5780 -1.9747 2.3870 -0.1636
5781 -2.0258 2.4488 -0.1294
5782 -2.0608 2.4910 -0.0809
5783 -2.0790 2.5131 -0.0239
5784 -2.0862 2.5218 0.0364
5785 -2.0673 2.4990 0.0939
5786 -2.0172 2.4383 0.1376
5787 -1.9658 2.3762 0.1697
5788 -1.9415 2.3469 0.2063
5789 -1.9369 2.3413 0.2535
5790 -1.9368 2.3412 0.3071
5791 -1.9451 2.3513 0.3748
5792 -1.9604 2.3697 0.4611
5793 -1.9586 2.3675 0.5377
5794 -1.9255 2.3275 0.5723
5795 -1.8771 2.2690 0.5734
5796 -1.8311 2.2134 0.5672
5797 -1.7875 2.1607 0.5535
5798 -1.7466 2.1113 0.5318
5799 -1.7170 2.0755 0.5380
5800 -1.6978 2.0523 0.5979
5801 -1.6760 2.0260 0.6782
5802 -1.6451 1.9886 0.7330
5803 -1.6088 1.9447 0.7616
5804 -1.5703 1.8982 0.7729
5805 -1.5337 1.8539 0.7433
5806 -1.5058 1.8202 0.6645
5807 -1.4854 1.7956 0.5840
5808 -1.4621 1.7674 0.5459
5809 -1.4320 1.7310 0.5386
5810 -1.3978 1.6896 0.5384
5811 -1.3546 1.6375 0.5516
5812 -1.2997 1.5710 0.5755
5813 -1.2508 1.5120 0.5726
5814 -1.2288 1.4853 0.5207
5815 -1.2281 1.4845 0.4448
5816 -1.2320 1.4892 0.3726
5817 -1.2407 1.4998 0.3043
5818 -1.2546 1.5165 0.2401
5819 -1.2506 1.5118 0.1937
5820 -1.2124 1.4656 0.1636
5821 -1.1613 1.4037 0.1294
5822 -1.1263 1.3615 0.0809
5823 -1.1081 1.3394 0.0239
5824 -1.1009 1.3308 -0.0364
5825 -1.1198 1.3536 -0.0939
5826 -1.1700 1.4142 -0.1376
5827 -1.2213 1.4763 -0.1697
5828 -1.2456 1.5057 -0.2063
5829 -1.2502 1.5113 -0.2535
5830 -1.2503 1.5114 -0.3071
5831 -1.2420 1.5013 -0.3748
5832 -1.2267 1.4828 -0.4611
5833 -1.2286 1.4851 -0.5377
5834 -1.2616 1.5250 -0.5723
5835 -1.3101 1.5836 -0.5734
5836 -1.3561 1.6392 -0.5672
5837 -1.3996 1.6918 -0.5535
5838 -1.4405 1.7413 -0.5318
5839 -1.4701 1.7770 -0.5380
5840 -1.4893 1.8003 -0.5979
5841 -1.6002 1.8151 -0.6350
5842 -1.6311 1.8502 -0.7098
5843 -1.6690 1.8932 -0.7583
5844 -1.7075 1.9368 -0.7424
5845 -1.7399 1.9735 -0.6865
5846 -1.7670 2.0043 -0.6287
5847 -1.7888 2.0290 -0.5691
5848 -1.8048 2.0471 -0.5074
5849 -1.8269 2.0722 -0.4776
5850 -1.8686 2.1195 -0.4957
5851 -1.9223 2.1804 -0.5243
5852 -1.9696 2.2340 -0.5256
5853 -2.0077 2.2773 -0.5033
5854 -2.0388 2.3126 -0.4670
5855 -2.0484 2.3234 -0.4060
5856 -2.0277 2.3000 -0.3230
5857 -2.0011 2.2698 -0.2475
5858 -1.9977 2.2659 -0.1968
5859 -2.0143 2.2848 -0.1586
5860 -2.0373 2.3109 -0.1203
5861 -2.0732 2.3516 -0.0802
5862 -2.1227 2.4077 -0.0335
5863 -2.1548 2.4441 0.0238
5864 -2.1443 2.4322 0.0820
5865 -2.1073 2.3902 0.1310
5866 -2.0691 2.3469 0.1720
5867 -2.0296 2.3021 0.2049
5868 -1.9888 2.2559 0.2291
5869 -1.9691 2.2335 0.2625
5870 -1.9811 2.2471 0.3256
5871 -2.0000 2.2686 0.4067
5872 -2.0009 2.2695 0.4783
5873 -1.9861 2.2528 0.5359
5874 -1.9621 2.2256 0.5829
5875 -1.9218 2.1799 0.5975
5876 -1.8669 2.1175 0.5662
5877 -1.8170 2.0609 0.5260
5878 -1.7834 2.0229 0.5208
5879 -1.7582 1.9942 0.5459
5880 -1.7328 1.9655 0.5807
5881 -1.7063 1.9355 0.6350
5882 -1.6754 1.9004 0.7098
5883 -1.6375 1.8574 0.7583
5884 -1.5991 1.8138 0.7424
5885 -1.5667 1.7770 0.6865
5886 -1.5395 1.7463 0.6287
5887 -1.5178 1.7216 0.5691
5888 -1.5018 1.7034 0.5074
5889 -1.4797 1.6783 0.4776
5890 -1.4380 1.6310 0.4957
5891 -1.3843 1.5702 0.5243
5892 -1.3370 1.5165 0.5256
5893 -1.2989 1.4733 0.5033
5894 -1.2678 1.4380 0.4670
5895 -1.2582 1.4271 0.4060
5896 -1.2788 1.4506 0.3230
5897 -1.3054 1.4807 0.2475
5898 -1.3089 1.4846 0.1968
5899 -1.2923 1.4658 0.1586
5900 -1.2692 1.4397 0.1203
5901 -1.2333 1.3989 0.0802
5902 -1.1839 1.3428 0.0335
5903 -1.1518 1.3064 -0.0238
5904 -1.1623 1.3184 -0.0820
5905 -1.1993 1.3603 -0.1310
5906 -1.2375 1.4037 -0.1720
5907 -1.2769 1.4484 -0.2049
5908 -1.3177 1.4947 -0.2291
5909 -1.3375 1.5170 -0.2625
5910 -1.3255 1.5035 -0.3256
5911 -1.3065 1.4820 -0.4067
5912 -1.3057 1.4810 -0.4783
5913 -1.3205 1.4978 -0.5359
5914 -1.3444 1.5250 -0.5829
5915 -1.3848 1.5707 -0.5975
5916 -1.4397 1.6330 -0.5662
5917 -1.4896 1.6896 -0.5260
5918 -1.5231 1.7277 -0.5208
5919 -1.5484 1.7563 -0.5459
5920 -1.5737 1.7851 -0.5807
5921 -1.6839 1.7932 -0.6371
5922 -1.7191 1.8306 -0.7160
5923 -1.7611 1.8753 -0.7680
5924 -1.7999 1.9167 -0.7412
5925 -1.8300 1.9488 -0.6752
5926 -1.8571 1.9776 -0.6219
5927 -1.8793 2.0012 -0.5668
5928 -1.8915 2.0142 -0.4969
5929 -1.9106 2.0346 -0.4587
5930 -1.9574 2.0844 -0.4787
5931 -2.0176 2.1485 -0.5073
5932 -2.0634 2.1973 -0.4984
5933 -2.0982 2.2344 -0.4675
5934 -2.1328 2.2712 -0.4327
5935 -2.1445 2.2837 -0.3742
5936 -2.1155 2.2527 -0.2892
5937 -2.0802 2.2152 -0.2133
5938 -2.0792 2.2142 -0.1653
5939 -2.0997 2.2359 -0.1268
5940 -2.1170 2.2544 -0.0843
5941 -2.1475 2.2868 -0.0401
5942 -2.2015 2.3444 0.0112
5943 -2.2371 2.3823 0.0726
5944 -2.2188 2.3628 0.1294
5945 -2.1736 2.3146 0.1734
5946 -2.1371 2.2758 0.2129
5947 -2.0994 2.2356 0.2453
5948 -2.0515 2.1846 0.2631
5949 -2.0253 2.1568 0.2911
5950 -2.0390 2.1714 0.3594
5951 -2.0587 2.1923 0.4473
5952 -2.0525 2.1857 0.5143
5953 -2.0314 2.1632 0.5651
5954 -2.0075 2.1378 0.6156
5955 -1.9675 2.0952 0.6328
5956 -1.9093 2.0332 0.5903
5957 -1.8574 1.9779 0.5388
5958 -1.8245 1.9429 0.5374
5959 -1.7982 1.9149 0.5673
5960 -1.7691 1.8839 0.5926
5961 -1.7388 1.8516 0.6371
5962 -1.7037 1.8142 0.7160
5963 -1.6617 1.7695 0.7680
5964 -1.6228 1.7281 0.7412
5965 -1.5927 1.6960 0.6752
5966 -1.5656 1.6672 0.6219
5967 -1.5435 1.6436 0.5668
5968 -1.5313 1.6306 0.4969
5969 -1.5121 1.6102 0.4587
5970 -1.4653 1.5604 0.4787
5971 -1.4052 1.4964 0.5073
5972 -1.3593 1.4475 0.4984
5973 -1.3245 1.4105 0.4675
5974 -1.2900 1.3737 0.4327
5975 -1.2782 1.3612 0.3742
5976 -1.3073 1.3921 0.2892
5977 -1.3425 1.4296 0.2133
5978 -1.3435 1.4307 0.1653
5979 -1.3231 1.4089 0.1268
5980 -1.3057 1.3904 0.0843
5981 -1.2753 1.3580 0.0401
5982 -1.2212 1.3005 -0.0112
5983 -1.1856 1.2625 -0.0726
5984 -1.2040 1.2821 -0.1294
5985 -1.2492 1.3302 -0.1734
5986 -1.2856 1.3691 -0.2129
5987 -1.3234 1.4092 -0.2453
5988 -1.3712 1.4602 -0.2631
5989 -1.3974 1.4881 -0.2911
5990 -1.3837 1.4735 -0.3594
5991 -1.3641 1.4526 -0.4473
5992 -1.3702 1.4591 -0.5143
5993 -1.3913 1.4816 -0.5651
5994 -1.4152 1.5070 -0.6156
5995 -1.4552 1.5496 -0.6328
5996 -1.5134 1.6116 -0.5903
5997 -1.5653 1.6669 -0.5388
5998 -1.5982 1.7019 -0.5374
5999 -1.6246 1.7300 -0.5673
6000 -1.6536 1.7609 -0.5926
6001 -1.7678 1.7678 -0.6939
6002 -1.8095 1.8095 -0.7504
6003 -1.8550 1.8550 -0.7793
6004 -1.8980 1.8980 -0.7672
6005 -1.9322 1.9322 -0.7159
6006 -1.9555 1.9555 -0.6411
6007 -1.9717 1.9717 -0.5659
6008 -1.9890 1.9890 -0.5106
6009 -2.0167 2.0167 -0.4845
6010 -2.0594 2.0594 -0.4830
6011 -2.1147 2.1147 -0.4907
6012 -2.1725 2.1725 -0.4888
6013 -2.2191 2.2191 -0.4638
6014 -2.2435 2.2435 -0.4123
6015 -2.2420 2.2420 -0.3417
6016 -2.2211 2.2211 -0.2656
6017 -2.1949 2.1949 -0.1963
6018 -2.1795 2.1795 -0.1398
6019 -2.1860 2.1860 -0.0937
6020 -2.2155 2.2155 -0.0498
6021 -2.2585 2.2585 -0.0000
6022 -2.2984 2.2984 0.0591
6023 -2.3188 2.3188 0.1234
6024 -2.3103 2.3103 0.1842
6025 -2.2740 2.2740 0.2326
6026 -2.2211 2.2211 0.2656
6027 -2.1679 2.1679 0.2884
6028 -2.1288 2.1288 0.3129
6029 -2.1103 2.1103 0.3520
6030 -2.1093 2.1093 0.4125
6031 -2.1147 2.1147 0.4907
6032 -2.1134 2.1134 0.5724
6033 -2.0957 2.0957 0.6383
6034 -2.0593 2.0593 0.6728
6035 -2.0094 2.0094 0.6707
6036 -1.9555 1.9555 0.6411
6037 -1.9066 1.9066 0.6041
6038 -1.8666 1.8666 0.5823
6039 -1.8340 1.8340 0.5915
6040 -1.8030 1.8030 0.6332
6041 -1.7678 1.7678 0.6939
6042 -1.7260 1.7260 0.7504
6043 -1.6805 1.6805 0.7793
6044 -1.6375 1.6375 0.7672
6045 -1.6033 1.6033 0.7159
6046 -1.5800 1.5800 0.6411
6047 -1.5639 1.5639 0.5659
6048 -1.5465 1.5465 0.5106
6049 -1.5189 1.5189 0.4845
6050 -1.4761 1.4761 0.4830
6051 -1.4208 1.4208 0.4907
6052 -1.3630 1.3630 0.4888
6053 -1.3164 1.3164 0.4638
6054 -1.2920 1.2920 0.4123
6055 -1.2935 1.2935 0.3417
6056 -1.3144 1.3144 0.2656
6057 -1.3406 1.3406 0.1963
6058 -1.3560 1.3560 0.1398
6059 -1.3495 1.3495 0.0937
6060 -1.3200 1.3200 0.0498
6061 -1.2771 1.2771 0.0000
6062 -1.2372 1.2372 -0.0591
6063 -1.2167 1.2167 -0.1234
6064 -1.2252 1.2252 -0.1842
6065 -1.2616 1.2616 -0.2326
6066 -1.3144 1.3144 -0.2656
6067 -1.3676 1.3676 -0.2884
6068 -1.4067 1.4067 -0.3129
6069 -1.4252 1.4252 -0.3520
6070 -1.4263 1.4263 -0.4125
6071 -1.4208 1.4208 -0.4907
6072 -1.4221 1.4221 -0.5724
6073 -1.4398 1.4398 -0.6383
6074 -1.4762 1.4762 -0.6728
6075 -1.5261 1.5261 -0.6707
6076 -1.5800 1.5800 -0.6411
6077 -1.6290 1.6290 -0.6041
6078 -1.6689 1.6689 -0.5823
6079 -1.7015 1.7015 -0.5915
6080 -1.7325 1.7325 -0.6332
6081 -1.8578 1.7446 -0.7711
6082 -1.9059 1.7897 -0.8043
6083 -1.9544 1.8353 -0.8097
6084 -2.0043 1.8822 -0.8112
6085 -2.0455 1.9209 -0.7731
6086 -2.0641 1.9383 -0.6768
6087 -2.0732 1.9469 -0.5817
6088 -2.0985 1.9706 -0.5388
6089 -2.1373 2.0070 -0.5221
6090 -2.1749 2.0424 -0.4990
6091 -2.2241 2.0886 -0.4858
6092 -2.2960 2.1561 -0.4878
6093 -2.3565 2.2129 -0.4650
6094 -2.3692 2.2248 -0.3972
6095 -2.3532 2.2098 -0.3151
6096 -2.3422 2.1995 -0.2441
6097 -2.3265 2.1847 -0.1775
6098 -2.2953 2.1555 -0.1132
6099 -2.2865 2.1472 -0.0602
6100 -2.3289 2.1870 -0.0109
6101 -2.3846 2.2393 0.0485
6102 -2.4087 2.2620 0.1145
6103 -2.4127 2.2657 0.1810
6104 -2.4138 2.2667 0.2496
6105 -2.3860 2.2406 0.3061
6106 -2.3158 2.1747 0.3316
6107 -2.2465 2.1096 0.3440
6108 -2.2152 2.0802 0.3787
6109 -2.2030 2.0688 0.4319
6110 -2.1862 2.0530 0.4836
6111 -2.1766 2.0439 0.5511
6112 -2.1780 2.0453 0.6497
6113 -2.1614 2.0297 0.7327
6114 -2.1119 1.9832 0.7501
6115 -2.0521 1.9271 0.7282
6116 -2.0004 1.8785 0.7130
6117 -1.9518 1.8329 0.6915
6118 -1.9050 1.7889 0.6487
6119 -1.8663 1.7526 0.6367
6120 -1.8304 1.7188 0.6948
6121 -1.7871 1.6782 0.7711
6122 -1.7390 1.6330 0.8043
6123 -1.6905 1.5875 0.8097
6124 -1.6405 1.5405 0.8112
6125 -1.5993 1.5018 0.7731
6126 -1.5807 1.4844 0.6768
6127 -1.5716 1.4759 0.5817
6128 -1.5464 1.4522 0.5388
6129 -1.5076 1.4157 0.5221
6130 -1.4699 1.3803 0.4990
6131 -1.4207 1.3341 0.4858
6132 -1.3488 1.2666 0.4878
6133 -1.2883 1.2098 0.4650
6134 -1.2756 1.1979 0.3972
6135 -1.2916 1.2129 0.3151
6136 -1.3027 1.2233 0.2441
6137 -1.3184 1.2380 0.1775
6138 -1.3495 1.2673 0.1132
6139 -1.3583 1.2755 0.0602
6140 -1.3159 1.2358 0.0109
6141 -1.2603 1.1835 -0.0485
6142 -1.2361 1.1608 -0.1145
6143 -1.2321 1.1571 -0.1810
6144 -1.2311 1.1560 -0.2496
6145 -1.2589 1.1822 -0.3061
6146 -1.3291 1.2481 -0.3316
6147 -1.3984 1.3131 -0.3440
6148 -1.4297 1.3425 -0.3787
6149 -1.4418 1.3540 -0.4319
6150 -1.4587 1.3698 -0.4836
6151 -1.4683 1.3788 -0.5511
6152 -1.4668 1.3774 -0.6497
6153 -1.4835 1.3931 -0.7327
6154 -1.5329 1.4395 -0.7501
6155 -1.5927 1.4957 -0.7282
6156 -1.6445 1.5443 -0.7130
6157 -1.6930 1.5898 -0.6915
6158 -1.7399 1.6339 -0.6487
6159 -1.7785 1.6702 -0.6367
6160 -1.8145 1.7039 -0.6948
6161 -1.9538 1.7225 -0.8286
6162 -2.0095 1.7716 -0.8639
6163 -2.0651 1.8206 -0.8708
6164 -2.1188 1.8680 -0.8593
6165 -2.1608 1.9050 -0.8089
6166 -2.1813 1.9231 -0.7153
6167 -2.1927 1.9332 -0.6227
6168 -2.2169 1.9544 -0.5684
6169 -2.2553 1.9883 -0.5395
6170 -2.2995 2.0273 -0.5146
6171 -2.3564 2.0774 -0.4975
6172 -2.4284 2.1409 -0.4844
6173 -2.4868 2.1924 -0.4482
6174 -2.5033 2.2069 -0.3780
6175 -2.4896 2.1949 -0.2949
6176 -2.4711 2.1785 -0.2173
6177 -2.4474 2.1577 -0.1455
6178 -2.4183 2.1320 -0.0799
6179 -2.4125 2.1269 -0.0225
6180 -2.4482 2.1584 0.0360
6181 -2.4968 2.2013 0.1047
6182 -2.5233 2.2246 0.1789
6183 -2.5285 2.2292 0.2530
6184 -2.5198 2.2215 0.3247
6185 -2.4821 2.1882 0.3806
6186 -2.4118 2.1263 0.4080
6187 -2.3424 2.0651 0.4232
6188 -2.3017 2.0292 0.4554
6189 -2.2800 2.0101 0.5066
6190 -2.2613 1.9936 0.5656
6191 -2.2485 1.9823 0.6414
6192 -2.2386 1.9736 0.7374
6193 -2.2115 1.9497 0.8153
6194 -2.1588 1.9033 0.8372
6195 -2.0965 1.8483 0.8190
6196 -2.0383 1.7970 0.7943
6197 -1.9844 1.7495 0.7627
6198 -1.9352 1.7061 0.7240
6199 -1.8922 1.6682 0.7163
6200 -1.8483 1.6295 0.7638
6201 -1.7968 1.5841 0.8286
6202 -1.7411 1.5350 0.8639
6203 -1.6855 1.4860 0.8708
6204 -1.6317 1.4386 0.8593
6205 -1.5898 1.4016 0.8089
6206 -1.5692 1.3835 0.7153
6207 -1.5578 1.3734 0.6227
6208 -1.5337 1.3521 0.5684
6209 -1.4952 1.3182 0.5395
6210 -1.4510 1.2793 0.5146
6211 -1.3942 1.2291 0.4975
6212 -1.3222 1.1656 0.4844
6213 -1.2637 1.1141 0.4482
6214 -1.2473 1.0996 0.3780
6215 -1.2609 1.1116 0.2949
6216 -1.2795 1.1280 0.2173
6217 -1.3032 1.1489 0.1455
6218 -1.3322 1.1745 0.0799
6219 -1.3380 1.1796 0.0225
6220 -1.3023 1.1481 -0.0360
6221 -1.2537 1.1053 -0.1047
6222 -1.2272 1.0820 -0.1789
6223 -1.2221 1.0774 -0.2530
6224 -1.2307 1.0850 -0.3247
6225 -1.2685 1.1183 -0.3806
6226 -1.3387 1.1803 -0.4080
6227 -1.4082 1.2415 -0.4232
6228 -1.4489 1.2774 -0.4554
6229 -1.4706 1.2965 -0.5066
6230 -1.4892 1.3129 -0.5656
6231 -1.5021 1.3243 -0.6414
6232 -1.5119 1.3330 -0.7374
6233 -1.5391 1.3569 -0.8153
6234 -1.5917 1.4033 -0.8372
6235 -1.6541 1.4583 -0.8190
6236 -1.7123 1.5096 -0.7943
6237 -1.7661 1.5571 -0.7627
6238 -1.8153 1.6004 -0.7240
6239 -1.8584 1.6384 -0.7163
6240 -1.9023 1.6771 -0.7638
6241 -2.0528 1.6982 -0.8609
6242 -2.1188 1.7528 -0.9134
6243 -2.1860 1.8084 -0.9362
6244 -2.2381 1.8515 -0.8962
6245 -2.2734 1.8807 -0.8195
6246 -2.3020 1.9044 -0.7423
6247 -2.3235 1.9222 -0.6646
6248 -2.3375 1.9338 -0.5866
6249 -2.3651 1.9566 -0.5348
6250 -2.4250 2.0062 -0.5186
6251 -2.4998 2.0680 -0.5058
6252 -2.5601 2.1179 -0.4692
6253 -2.6036 2.1539 -0.4137
6254 -2.6350 2.1799 -0.3476
6255 -2.6356 2.1804 -0.2675
6256 -2.5964 2.1479 -0.1801
6257 -2.5513 2.1106 -0.1025
6258 -2.5367 2.0985 -0.0374
6259 -2.5461 2.1063 0.0253
6260 -2.5615 2.1190 0.0910
6261 -2.5896 2.1423 0.1642
6262 -2.6301 2.1758 0.2499
6263 -2.6476 2.1903 0.3371
6264 -2.6168 2.1648 0.4046
6265 -2.5577 2.1159 0.4505
6266 -2.4983 2.0667 0.4876
6267 -2.4384 2.0172 0.5155
6268 -2.3782 1.9675 0.5337
6269 -2.3384 1.9345 0.5695
6270 -2.3258 1.9241 0.6473
6271 -2.3160 1.9160 0.7443
6272 -2.2878 1.8926 0.8225
6273 -2.2450 1.8572 0.8791
6274 -2.1941 1.8151 0.9198
6275 -2.1324 1.7641 0.9206
6276 -2.0651 1.7084 0.8697
6277 -2.0052 1.6589 0.8112
6278 -1.9551 1.6174 0.7922
6279 -1.9068 1.5774 0.8044
6280 -1.8562 1.5355 0.8244
6281 -1.7997 1.4889 0.8609
6282 -1.7338 1.4343 0.9134
6283 -1.6666 1.3787 0.9362
6284 -1.6145 1.3356 0.8962
6285 -1.5791 1.3064 0.8195
6286 -1.5506 1.2827 0.7423
6287 -1.5290 1.2649 0.6646
6288 -1.5150 1.2533 0.5866
6289 -1.4874 1.2305 0.5348
6290 -1.4275 1.1810 0.5186
6291 -1.3528 1.1191 0.5058
6292 -1.2925 1.0692 0.4692
6293 -1.2490 1.0332 0.4137
6294 -1.2176 1.0073 0.3476
6295 -1.2169 1.0067 0.2675
6296 -1.2562 1.0392 0.1801
6297 -1.3013 1.0765 0.1025
6298 -1.3159 1.0886 0.0374
6299 -1.3065 1.0808 -0.0253
6300 -1.2911 1.0681 -0.0910
6301 -1.2630 1.0448 -0.1642
6302 -1.2225 1.0113 -0.2499
6303 -1.2049 0.9968 -0.3371
6304 -1.2358 1.0223 -0.4046
6305 -1.2948 1.0712 -0.4505
6306 -1.3543 1.1204 -0.4876
6307 -1.4142 1.1699 -0.5155
6308 -1.4743 1.2197 -0.5337
6309 -1.5142 1.2526 -0.5695
6310 -1.5267 1.2630 -0.6473
6311 -1.5365 1.2711 -0.7443
6312 -1.5648 1.2945 -0.8225
6313 -1.6076 1.3299 -0.8791
6314 -1.6585 1.3720 -0.9198
6315 -1.7202 1.4231 -0.9206
6316 -1.7875 1.4788 -0.8697
6317 -1.8473 1.5282 -0.8112
6318 -1.8975 1.5697 -0.7922
6319 -1.9458 1.6097 -0.8044
6320 -1.9964 1.6516 -0.8244
6321 -2.1551 1.6717 -0.8859
6322 -2.2294 1.7293 -0.9389
6323 -2.3042 1.7873 -0.9616
6324 -2.3558 1.8273 -0.9092
6325 -2.3875 1.8519 -0.8219
6326 -2.4183 1.8759 -0.7466
6327 -2.4425 1.8946 -0.6705
6328 -2.4512 1.9013 -0.5836
6329 -2.4743 1.9193 -0.5224
6330 -2.5410 1.9710 -0.5031
6331 -2.6233 2.0349 -0.4849
6332 -2.6796 2.0785 -0.4366
6333 -2.7172 2.1077 -0.3717
6334 -2.7523 2.1349 -0.3025
6335 -2.7553 2.1373 -0.2206
6336 -2.7058 2.0988 -0.1316
6337 -2.6503 2.0558 -0.0537
6338 -2.6379 2.0462 0.0132
6339 -2.6500 2.0555 0.0807
6340 -2.6564 2.0605 0.1504
6341 -2.6754 2.0752 0.2275
6342 -2.7173 2.1077 0.3215
6343 -2.7352 2.1216 0.4161
6344 -2.6938 2.0895 0.4814
6345 -2.6248 2.0360 0.5216
6346 -2.5653 1.9899 0.5606
6347 -2.5052 1.9432 0.5911
6348 -2.4365 1.8899 0.6022
6349 -2.3882 1.8524 0.6315
6350 -2.3729 1.8406 0.7158
6351 -2.3586 1.8295 0.8200
6352 -2.3204 1.7999 0.8912
6353 -2.2691 1.7601 0.9388
6354 -2.2144 1.7177 0.9833
6355 -2.1497 1.6675 0.9871
6356 -2.0793 1.6129 0.9243
6357 -2.0178 1.5652 0.8542
6358 -1.9650 1.5242 0.8384
6359 -1.9116 1.4828 0.8538
6360 -1.8565 1.4401 0.8618
6361 -1.7957 1.3929 0.8859
6362 -1.7214 1.3352 0.9389
6363 -1.6466 1.2772 0.9616
6364 -1.5950 1.2372 0.9092
6365 -1.5633 1.2126 0.8219
6366 -1.5324 1.1887 0.7466
6367 -1.5083 1.1700 0.6705
6368 -1.4996 1.1632 0.5836
6369 -1.4764 1.1452 0.5224
6370 -1.4098 1.0936 0.5031
6371 -1.3275 1.0297 0.4849
6372 -1.2712 0.9860 0.4366
6373 -1.2336 0.9569 0.3717
6374 -1.1984 0.9296 0.3025
6375 -1.1954 0.9273 0.2206
6376 -1.2450 0.9657 0.1316
6377 -1.3005 1.0087 0.0537
6378 -1.3129 1.0184 -0.0132
6379 -1.3008 1.0090 -0.0807
6380 -1.2944 1.0040 -0.1504
6381 -1.2754 0.9893 -0.2275
6382 -1.2335 0.9568 -0.3215
6383 -1.2156 0.9429 -0.4161
6384 -1.2570 0.9750 -0.4814
6385 -1.3260 1.0285 -0.5216
6386 -1.3854 1.0747 -0.5606
6387 -1.4456 1.1213 -0.5911
6388 -1.5143 1.1746 -0.6022
6389 -1.5626 1.2121 -0.6315
6390 -1.5779 1.2239 -0.7158
6391 -1.5922 1.2350 -0.8200
6392 -1.6304 1.2647 -0.8912
6393 -1.6817 1.3044 -0.9388
6394 -1.7364 1.3469 -0.9833
6395 -1.8010 1.3970 -0.9871
6396 -1.8714 1.4516 -0.9243
6397 -1.9329 1.4993 -0.8542
6398 -1.9858 1.5403 -0.8384
6399 -2.0392 1.5817 -0.8538
6400 -2.0942 1.6245 -0.8618
6401 -2.2600 1.6420 -0.9035
6402 -2.3349 1.6964 -0.9320
6403 -2.4064 1.7483 -0.9312
6404 -2.4643 1.7904 -0.8911
6405 -2.5022 1.8180 -0.8161
6406 -2.5217 1.8321 -0.7224
6407 -2.5324 1.8399 -0.6302
6408 -2.5485 1.8516 -0.5552
6409 -2.5821 1.8760 -0.5025
6410 -2.6373 1.9161 -0.4657
6411 -2.7073 1.9670 -0.4313
6412 -2.7765 2.0173 -0.3860
6413 -2.8267 2.0537 -0.3230
6414 -2.8447 2.0668 -0.2440
6415 -2.8286 2.0551 -0.1578
6416 -2.7887 2.0261 -0.0745
6417 -2.7436 1.9933 -0.0000
6418 -2.7120 1.9704 0.0671
6419 -2.7057 1.9658 0.1337
6420 -2.7236 1.9788 0.2081
6421 -2.7535 2.0005 0.2936
6422 -2.7765 2.0173 0.3860
6423 -2.7759 2.0168 0.4745
6424 -2.7435 1.9932 0.5461
6425 -2.6828 1.9492 0.5929
6426 -2.6070 1.8941 0.6170
6427 -2.5324 1.8399 0.6302
6428 -2.4717 1.7958 0.6501
6429 -2.4291 1.7648 0.6916
6430 -2.3993 1.7432 0.7599
6431 -2.3715 1.7230 0.8465
6432 -2.3349 1.6964 0.9320
6433 -2.2838 1.6593 0.9940
6434 -2.2199 1.6129 1.0162
6435 -2.1502 1.5622 0.9964
6436 -2.0828 1.5133 0.9471
6437 -2.0225 1.4695 0.8912
6438 -1.9683 1.4300 0.8523
6439 -1.9143 1.3909 0.8444
6440 -1.8542 1.3472 0.8666
6441 -1.7850 1.2969 0.9035
6442 -1.7102 1.2426 0.9320
6443 -1.6387 1.1906 0.9312
6444 -1.5808 1.1485 0.8911
6445 -1.5428 1.1209 0.8161
6446 -1.5234 1.1068 0.7224
6447 -1.5127 1.0990 0.6302
6448 -1.4966 1.0874 0.5552
6449 -1.4630 1.0629 0.5025
6450 -1.4078 1.0228 0.4657
6451 -1.3377 0.9719 0.4313
6452 -1.2685 0.9217 0.3860
6453 -1.2184 0.8852 0.3230
6454 -1.2004 0.8721 0.2440
6455 -1.2165 0.8838 0.1578
6456 -1.2563 0.9128 0.0745
6457 -1.3015 0.9456 0.0000
6458 -1.3331 0.9685 -0.0671
6459 -1.3394 0.9732 -0.1337
6460 -1.3215 0.9601 -0.2081
6461 -1.2916 0.9384 -0.2936
6462 -1.2685 0.9217 -0.3860
6463 -1.2692 0.9221 -0.4745
6464 -1.3016 0.9457 -0.5461
6465 -1.3623 0.9898 -0.5929
6466 -1.4381 1.0449 -0.6170
6467 -1.5127 1.0990 -0.6302
6468 -1.5734 1.1431 -0.6501
6469 -1.6160 1.1741 -0.6916
6470 -1.6458 1.1958 -0.7599
6471 -1.6736 1.2160 -0.8465
6472 -1.7102 1.2426 -0.9320
6473 -1.7613 1.2796 -0.9940
6474 -1.8252 1.3261 -1.0162
6475 -1.8949 1.3767 -0.9964
6476 -1.9622 1.4257 -0.9471
6477 -2.0225 1.4695 -0.8912
6478 -2.0768 1.5089 -0.8523
6479 -2.1307 1.5481 -0.8444
6480 -2.1909 1.5918 -0.8666
6481 -2.3578 1.6023 -0.8858
6482 -2.4288 1.6506 -0.8912
6483 -2.4928 1.6941 -0.8691
6484 -2.5570 1.7377 -0.8417
6485 -2.6009 1.7676 -0.7793
6486 -2.6051 1.7704 -0.6705
6487 -2.5987 1.7661 -0.5660
6488 -2.6223 1.7821 -0.5035
6489 -2.6666 1.8122 -0.4595
6490 -2.7072 1.8398 -0.4094
6491 -2.7620 1.8770 -0.3632
6492 -2.8443 1.9330 -0.3215
6493 -2.9071 1.9756 -0.2606
6494 -2.9059 1.9748 -0.1769
6495 -2.8692 1.9499 -0.0916
6496 -2.8398 1.9299 -0.0147
6497 -2.8056 1.9067 0.0561
6498 -2.7543 1.8718 0.1182
6499 -2.7292 1.8548 0.1788
6500 -2.7593 1.8752 0.2572
6501 -2.8003 1.9031 0.3507
6502 -2.8048 1.9062 0.4366
6503 -2.7865 1.8937 0.5140
6504 -2.7638 1.8783 0.5915
6505 -2.7123 1.8433 0.6447
6506 -2.6222 1.7821 0.6497
6507 -2.5358 1.7233 0.6420
6508 -2.4841 1.6882 0.6706
6509 -2.4478 1.6635 0.7241
6510 -2.4063 1.6353 0.7732
6511 -2.3681 1.6094 0.8394
6512 -2.3336 1.5859 0.9389
6513 -2.2832 1.5517 1.0149
6514 -2.2140 1.5046 1.0134
6515 -2.1435 1.4567 0.9691
6516 -2.0798 1.4135 0.9335
6517 -2.0213 1.3737 0.8921
6518 -1.9700 1.3388 0.8302
6519 -1.9198 1.3047 0.7998
6520 -1.8549 1.2606 0.8362
6521 -1.7776 1.2081 0.8858
6522 -1.7066 1.1598 0.8912
6523 -1.6426 1.1163 0.8691
6524 -1.5784 1.0727 0.8417
6525 -1.5345 1.0428 0.7793
6526 -1.5303 1.0400 0.6705
6527 -1.5367 1.0444 0.5660
6528 -1.5131 1.0283 0.5035
6529 -1.4688 0.9982 0.4595
6530 -1.4282 0.9706 0.4094
6531 -1.3734 0.9334 0.3632
6532 -1.2911 0.8775 0.3215
6533 -1.2283 0.8348 0.2606
6534 -1.2295 0.8356 0.1769
6535 -1.2662 0.8605 0.0916
6536 -1.2956 0.8805 0.0147
6537 -1.3298 0.9038 -0.0561
6538 -1.3811 0.9386 -0.1182
6539 -1.4062 0.9557 -0.1788
6540 -1.3761 0.9352 -0.2572
6541 -1.3351 0.9073 -0.3507
6542 -1.3306 0.9043 -0.4366
6543 -1.3489 0.9167 -0.5140
6544 -1.3716 0.9321 -0.5915
6545 -1.4231 0.9672 -0.6447
6546 -1.5132 1.0283 -0.6497
6547 -1.5996 1.0871 -0.6420
6548 -1.6513 1.1222 -0.6706
6549 -1.6877 1.1469 -0.7241
6550 -1.7291 1.1751 -0.7732
6551 -1.7673 1.2010 -0.8394
6552 -1.8018 1.2245 -0.9389
6553 -1.8522 1.2587 -1.0149
6554 -1.9214 1.3058 -1.0134
6555 -1.9919 1.3537 -0.9691
6556 -2.0556 1.3970 -0.9335
6557 -2.1141 1.4368 -0.8921
6558 -2.1654 1.4716 -0.8302
6559 -2.2156 1.5057 -0.7998
6560 -2.2805 1.5498 -0.8362
6561 -2.4343 1.5449 -0.8143
6562 -2.5070 1.5910 -0.8225
6563 -2.5719 1.6322 -0.8035
6564 -2.6299 1.6690 -0.7674
6565 -2.6649 1.6912 -0.6989
6566 -2.6655 1.6916 -0.5977
6567 -2.6563 1.6857 -0.5011
6568 -2.6705 1.6947 -0.4354
6569 -2.7063 1.7175 -0.3877
6570 -2.7491 1.7446 -0.3413
6571 -2.8071 1.7814 -0.2969
6572 -2.8820 1.8290 -0.2499
6573 -2.9361 1.8633 -0.1864
6574 -2.9360 1.8632 -0.1079
6575 -2.9000 1.8404 -0.0294
6576 -2.8599 1.8149 0.0418
6577 -2.8154 1.7867 0.1054
6578 -2.7665 1.7557 0.1608
6579 -2.7443 1.7416 0.2180
6580 -2.7659 1.7553 0.2932
6581 -2.7983 1.7759 0.3832
6582 -2.8053 1.7803 0.4692
6583 -2.7893 1.7701 0.5461
6584 -2.7587 1.7507 0.6148
6585 -2.7009 1.7140 0.6563
6586 -2.6155 1.6599 0.6569
6587 -2.5339 1.6081 0.6461
6588 -2.4784 1.5729 0.6628
6589 -2.4382 1.5473 0.7053
6590 -2.3990 1.5224 0.7559
6591 -2.3615 1.4986 0.8246
6592 -2.3218 1.4735 0.9134
6593 -2.2682 1.4395 0.9774
6594 -2.2019 1.3974 0.9773
6595 -2.1356 1.3553 0.9347
6596 -2.0755 1.3171 0.8872
6597 -2.0218 1.2831 0.8345
6598 -1.9750 1.2534 0.7766
6599 -1.9268 1.2228 0.7503
6600 -1.8633 1.1825 0.7758
6601 -1.7873 1.1343 0.8143
6602 -1.7147 1.0882 0.8225
6603 -1.6498 1.0470 0.8035
6604 -1.5917 1.0101 0.7674
6605 -1.5567 0.9879 0.6989
6606 -1.5562 0.9876 0.5977
6607 -1.5653 0.9934 0.5011
6608 -1.5512 0.9844 0.4354
6609 -1.5153 0.9617 0.3877
6610 -1.4726 0.9345 0.3413
6611 -1.4146 0.8977 0.2969
6612 -1.3396 0.8502 0.2499
6613 -1.2856 0.8158 0.1864
6614 -1.2856 0.8159 0.1079
6615 -1.3216 0.8387 0.0294
6616 -1.3617 0.8642 -0.0418
6617 -1.4062 0.8924 -0.1054
6618 -1.4551 0.9235 -0.1608
6619 -1.4773 0.9375 -0.2180
6620 -1.4558 0.9238 -0.2932
6621 -1.4233 0.9033 -0.3832
6622 -1.4163 0.8988 -0.4692
6623 -1.4324 0.9090 -0.5461
6624 -1.4629 0.9284 -0.6148
6625 -1.5207 0.9651 -0.6563
6626 -1.6061 1.0193 -0.6569
6627 -1.6877 1.0710 -0.6461
6628 -1.7432 1.1063 -0.6628
6629 -1.7835 1.1318 -0.7053
6630 -1.8226 1.1567 -0.7559
6631 -1.8602 1.1805 -0.8246
6632 -1.8998 1.2057 -0.9134
6633 -1.9534 1.2397 -0.9774
6634 -2.0197 1.2818 -0.9773
6635 -2.0860 1.3238 -0.9347
6636 -2.1461 1.3620 -0.8872
6637 -2.1998 1.3961 -0.8345
6638 -2.2466 1.4257 -0.7766
6639 -2.2949 1.4564 -0.7503
6640 -2.3583 1.4967 -0.7758
6641 -2.4884 1.4717 -0.7113
6642 -2.5688 1.5192 -0.7374
6643 -2.6427 1.5629 -0.7351
6644 -2.6840 1.5873 -0.6794
6645 -2.6980 1.5956 -0.5959
6646 -2.7050 1.5997 -0.5149
6647 -2.7046 1.5995 -0.4364
6648 -2.6964 1.5947 -0.3609
6649 -2.7100 1.6027 -0.3051
6650 -2.7676 1.6367 -0.2703
6651 -2.8422 1.6809 -0.2330
6652 -2.8955 1.7124 -0.1789
6653 -2.9262 1.7306 -0.1137
6654 -2.9416 1.7397 -0.0433
6655 -2.9210 1.7275 0.0281
6656 -2.8564 1.6892 0.0904
6657 -2.7885 1.6491 0.1411
6658 -2.7566 1.6302 0.1922
6659 -2.7512 1.6271 0.2507
6660 -2.7517 1.6274 0.3147
6661 -2.7641 1.6347 0.3910
6662 -2.7866 1.6480 0.4844
6663 -2.7846 1.6468 0.5702
6664 -2.7366 1.6184 0.6182
6665 -2.6648 1.5759 0.6346
6666 -2.5950 1.5347 0.6427
6667 -2.5275 1.4948 0.6422
6668 -2.4625 1.4563 0.6327
6669 -2.4145 1.4279 0.6484
6670 -2.3845 1.4102 0.7153
6671 -2.3524 1.3912 0.8021
6672 -2.3058 1.3637 0.8639
6673 -2.2497 1.3305 0.8997
6674 -2.1891 1.2946 0.9176
6675 -2.1277 1.2583 0.8936
6676 -2.0741 1.2266 0.8185
6677 -2.0304 1.2008 0.7396
6678 -1.9864 1.1748 0.7025
6679 -1.9361 1.1450 0.6964
6680 -1.8810 1.1124 0.6969
6681 -1.8153 1.0735 0.7113
6682 -1.7349 1.0260 0.7374
6683 -1.6611 0.9823 0.7351
6684 -1.6197 0.9579 0.6794
6685 -1.6057 0.9496 0.5959
6686 -1.5987 0.9455 0.5149
6687 -1.5991 0.9457 0.4364
6688 -1.6073 0.9505 0.3609
6689 -1.5937 0.9425 0.3051
6690 -1.5361 0.9085 0.2703
6691 -1.4615 0.8643 0.2330
6692 -1.4082 0.8328 0.1789
6693 -1.3775 0.8146 0.1137
6694 -1.3621 0.8055 0.0433
6695 -1.3827 0.8177 -0.0281
6696 -1.4473 0.8560 -0.0904
6697 -1.5153 0.8961 -0.1411
6698 -1.5471 0.9150 -0.1922
6699 -1.5525 0.9181 -0.2507
6700 -1.5520 0.9178 -0.3147
6701 -1.5396 0.9105 -0.3910
6702 -1.5172 0.8972 -0.4844
6703 -1.5191 0.8984 -0.5702
6704 -1.5671 0.9268 -0.6182
6705 -1.6389 0.9693 -0.6346
6706 -1.7087 1.0105 -0.6427
6707 -1.7762 1.0504 -0.6422
6708 -1.8412 1.0889 -0.6327
6709 -1.8892 1.1173 -0.6484
6710 -1.9192 1.1350 -0.7153
6711 -1.9513 1.1540 -0.8021
6712 -1.9979 1.1815 -0.8639
6713 -2.0540 1.2147 -0.8997
6714 -2.1146 1.2506 -0.9176
6715 -2.1760 1.2869 -0.8936
6716 -2.2296 1.3186 -0.8185
6717 -2.2733 1.3444 -0.7396
6718 -2.3173 1.3704 -0.7025
6719 -2.3676 1.4002 -0.6964
6720 -2.4227 1.4328 -0.6969
6721 -2.5357 1.3940 -0.6203
6722 -2.6182 1.4394 -0.6497
6723 -2.6937 1.4808 -0.6509
6724 -2.7249 1.4980 -0.5907
6725 -2.7265 1.4989 -0.5057
6726 -2.7311 1.5014 -0.4334
6727 -2.7292 1.5004 -0.3634
6728 -2.7090 1.4893 -0.2897
6729 -2.7118 1.4908 -0.2354
6730 -2.7728 1.5243 -0.2043
6731 -2.8516 1.5677 -0.1686
6732 -2.8956 1.5919 -0.1145
6733 -2.9164 1.6033 -0.0521
6734 -2.9344 1.6132 0.0133
6735 -2.9161 1.6032 0.0782
6736 -2.8414 1.5621 0.1296
6737 -2.7644 1.5197 0.1681
6738 -2.7367 1.5045 0.2133
6739 -2.7357 1.5040 0.2691
6740 -2.7289 1.5002 0.3251
6741 -2.7343 1.5032 0.3936
6742 -2.7601 1.5174 0.4878
6743 -2.7612 1.5180 0.5739
6744 -2.7084 1.4889 0.6095
6745 -2.6339 1.4480 0.6113
6746 -2.5705 1.4132 0.6166
6747 -2.5092 1.3795 0.6145
6748 -2.4446 1.3440 0.5914
6749 -2.3971 1.3178 0.5946
6750 -2.3698 1.3028 0.6642
6751 -2.3385 1.2856 0.7541
6752 -2.2911 1.2595 0.8043
6753 -2.2364 1.2295 0.8281
6754 -2.1791 1.1980 0.8486
6755 -2.1222 1.1667 0.8278
6756 -2.0772 1.1420 0.7424
6757 -2.0435 1.1234 0.6546
6758 -2.0038 1.1016 0.6230
6759 -1.9550 1.0747 0.6218
6760 -1.9058 1.0477 0.6141
6761 -1.8458 1.0148 0.6203
6762 -1.7633 0.9694 0.6497
6763 -1.6879 0.9279 0.6509
6764 -1.6566 0.9107 0.5907
6765 -1.6551 0.9099 0.5057
6766 -1.6504 0.9073 0.4334
6767 -1.6523 0.9084 0.3634
6768 -1.6725 0.9195 0.2897
6769 -1.6697 0.9179 0.2354
6770 -1.6088 0.8844 0.2043
6771 -1.5300 0.8411 0.1686
6772 -1.4859 0.8169 0.1145
6773 -1.4651 0.8054 0.0521
6774 -1.4471 0.7955 -0.0133
6775 -1.4654 0.8056 -0.0782
6776 -1.5402 0.8467 -0.1296
6777 -1.6171 0.8890 -0.1681
6778 -1.6448 0.9042 -0.2133
6779 -1.6458 0.9048 -0.2691
6780 -1.6526 0.9085 -0.3251
6781 -1.6472 0.9056 -0.3936
6782 -1.6214 0.8914 -0.4878
6783 -1.6204 0.8908 -0.5739
6784 -1.6732 0.9198 -0.6095
6785 -1.7476 0.9607 -0.6113
6786 -1.8110 0.9956 -0.6166
6787 -1.8723 1.0293 -0.6145
6788 -1.9369 1.0648 -0.5914
6789 -1.9845 1.0910 -0.5946
6790 -2.0117 1.1060 -0.6642
6791 -2.0431 1.1232 -0.7541
6792 -2.0905 1.1492 -0.8043
6793 -2.1451 1.1793 -0.8281
6794 -2.2024 1.2108 -0.8486
6795 -2.2593 1.2421 -0.8278
6796 -2.3043 1.2668 -0.7424
6797 -2.3381 1.2854 -0.6546
6798 -2.3777 1.3071 -0.6230
6799 -2.4266 1.3340 -0.6218
6800 -2.4757 1.3610 -0.6141
6801 -2.5909 1.3202 -0.5614
6802 -2.6631 1.3569 -0.5724
6803 -2.7246 1.3883 -0.5579
6804 -2.7621 1.4074 -0.5124
6805 -2.7701 1.4114 -0.4424
6806 -2.7547 1.4036 -0.3626
6807 -2.7318 1.3919 -0.2884
6808 -2.7205 1.3861 -0.2292
6809 -2.7350 1.3935 -0.1850
6810 -2.7778 1.4154 -0.1483
6811 -2.8382 1.4461 -0.1086
6812 -2.8961 1.4756 -0.0591
6813 -2.9306 1.4932 -0.0000
6814 -2.9284 1.4921 0.0619
6815 -2.8899 1.4725 0.1178
6816 -2.8287 1.4413 0.1620
6817 -2.7657 1.4092 0.1963
6818 -2.7205 1.3861 0.2292
6819 -2.7029 1.3772 0.2719
6820 -2.7100 1.3808 0.3319
6821 -2.7277 1.3898 0.4079
6822 -2.7375 1.3948 0.4888
6823 -2.7246 1.3883 0.5579
6824 -2.6841 1.3676 0.6000
6825 -2.6217 1.3358 0.6090
6826 -2.5506 1.2996 0.5917
6827 -2.4844 1.2659 0.5659
6828 -2.4317 1.2390 0.5532
6829 -2.3924 1.2190 0.5695
6830 -2.3596 1.2023 0.6176
6831 -2.3242 1.1843 0.6854
6832 -2.2801 1.1618 0.7504
6833 -2.2275 1.1350 0.7890
6834 -2.1724 1.1069 0.7866
6835 -2.1226 1.0815 0.7434
6836 -2.0832 1.0614 0.6748
6837 -2.0526 1.0459 0.6041
6838 -2.0233 1.0309 0.5532
6839 -1.9853 1.0116 0.5336
6840 -1.9318 0.9843 0.5416
6841 -1.8641 0.9498 0.5614
6842 -1.7919 0.9130 0.5724
6843 -1.7304 0.8817 0.5579
6844 -1.6929 0.8626 0.5124
6845 -1.6849 0.8585 0.4424
6846 -1.7003 0.8664 0.3626
6847 -1.7233 0.8781 0.2884
6848 -1.7346 0.8838 0.2292
6849 -1.7201 0.8764 0.1850
6850 -1.6772 0.8546 0.1483
6851 -1.6168 0.8238 0.1086
6852 -1.5589 0.7943 0.0591
6853 -1.5245 0.7768 0.0000
6854 -1.5266 0.7779 -0.0619
6855 -1.5651 0.7975 -0.1178
6856 -1.6263 0.8286 -0.1620
6857 -1.6893 0.8607 -0.1963
6858 -1.7346 0.8838 -0.2292
6859 -1.7521 0.8927 -0.2719
6860 -1.7450 0.8891 -0.3319
6861 -1.7273 0.8801 -0.4079
6862 -1.7175 0.8751 -0.4888
6863 -1.7304 0.8817 -0.5579
6864 -1.7709 0.9023 -0.6000
6865 -1.8333 0.9341 -0.6090
6866 -1.9045 0.9704 -0.5917
6867 -1.9706 1.0041 -0.5659
6868 -2.0233 1.0309 -0.5532
6869 -2.0626 1.0510 -0.5695
6870 -2.0954 1.0677 -0.6176
6871 -2.1308 1.0857 -0.6854
6872 -2.1749 1.1082 -0.7504
6873 -2.2275 1.1350 -0.7890
6874 -2.2827 1.1631 -0.7866
6875 -2.3324 1.1884 -0.7434
6876 -2.3719 1.2085 -0.6748
6877 -2.4024 1.2241 -0.6041
6878 -2.4317 1.2390 -0.5532
6879 -2.4697 1.2584 -0.5336
6880 -2.5232 1.2856 -0.5416
6881 -2.6522 1.2480 -0.5211
6882 -2.7130 1.2766 -0.5143
6883 -2.7599 1.2987 -0.4850
6884 -2.8065 1.3206 -0.4518
6885 -2.8237 1.3287 -0.3939
6886 -2.7877 1.3118 -0.3076
6887 -2.7433 1.2909 -0.2302
6888 -2.7434 1.2909 -0.1821
6889 -2.7715 1.3042 -0.1446
6890 -2.7956 1.3155 -0.1029
6891 -2.8371 1.3350 -0.0601
6892 -2.9100 1.3693 -0.0112
6893 -2.9587 1.3923 0.0484
6894 -2.9361 1.3816 0.1060
6895 -2.8776 1.3541 0.1521
6896 -2.8306 1.3320 0.1933
6897 -2.7816 1.3089 0.2273
6898 -2.7189 1.2794 0.2473
6899 -2.6851 1.2635 0.2765
6900 -2.7052 1.2730 0.3442
6901 -2.7336 1.2863 0.4311
6902 -2.7274 1.2834 0.4984
6903 -2.7009 1.2710 0.5502
6904 -2.6709 1.2568 0.6017
6905 -2.6185 1.2322 0.6207
6906 -2.5404 1.1954 0.5809
6907 -2.4703 1.1624 0.5319
6908 -2.4269 1.1420 0.5319
6909 -2.3929 1.1260 0.5630
6910 -2.3552 1.1083 0.5896
6911 -2.3164 1.0900 0.6355
6912 -2.2722 1.0692 0.7160
6913 -2.2182 1.0438 0.7699
6914 -2.1661 1.0193 0.7449
6915 -2.1245 0.9997 0.6803
6916 -2.0872 0.9822 0.6283
6917 -2.0564 0.9676 0.5742
6918 -2.0383 0.9591 0.5049
6919 -2.0119 0.9467 0.4676
6920 -1.9506 0.9179 0.4897
6921 -1.8720 0.8809 0.5211
6922 -1.8111 0.8523 0.5143
6923 -1.7643 0.8302 0.4850
6924 -1.7176 0.8082 0.4518
6925 -1.7004 0.8002 0.3939
6926 -1.7364 0.8171 0.3076
6927 -1.7808 0.8380 0.2302
6928 -1.7808 0.8380 0.1821
6929 -1.7527 0.8247 0.1446
6930 -1.7285 0.8134 0.1029
6931 -1.6871 0.7939 0.0601
6932 -1.6142 0.7596 0.0112
6933 -1.5654 0.7366 -0.0484
6934 -1.5880 0.7473 -0.1060
6935 -1.6465 0.7748 -0.1521
6936 -1.6936 0.7969 -0.1933
6937 -1.7425 0.8200 -0.2273
6938 -1.8052 0.8495 -0.2473
6939 -1.8390 0.8654 -0.2765
6940 -1.8190 0.8559 -0.3442
6941 -1.7905 0.8426 -0.4311
6942 -1.7967 0.8455 -0.4984
6943 -1.8232 0.8579 -0.5502
6944 -1.8533 0.8721 -0.6017
6945 -1.9056 0.8967 -0.6207
6946 -1.9838 0.9335 -0.5809
6947 -2.0538 0.9664 -0.5319
6948 -2.0973 0.9869 -0.5319
6949 -2.1313 1.0029 -0.5630
6950 -2.1690 1.0206 -0.5896
6951 -2.2077 1.0389 -0.6355
6952 -2.2519 1.0597 -0.7160
6953 -2.3059 1.0851 -0.7699
6954 -2.3580 1.1096 -0.7449
6955 -2.3997 1.1292 -0.6803
6956 -2.4370 1.1467 -0.6283
6957 -2.4678 1.1612 -0.5742
6958 -2.4859 1.1698 -0.5049
6959 -2.5123 1.1822 -0.4676
6960 -2.5735 1.2110 -0.4897
6961 -2.7113 1.1733 -0.4837
6962 -2.7768 1.2016 -0.4783
6963 -2.8275 1.2236 -0.4506
6964 -2.8673 1.2408 -0.4101
6965 -2.8754 1.2443 -0.3480
6966 -2.8396 1.2288 -0.2682
6967 -2.7963 1.2101 -0.1969
6968 -2.7872 1.2061 -0.1469
6969 -2.8069 1.2146 -0.1065
6970 -2.8354 1.2270 -0.0651
6971 -2.8815 1.2470 -0.0201
6972 -2.9458 1.2748 0.0335
6973 -2.9852 1.2918 0.0951
6974 -2.9657 1.2834 0.1515
6975 -2.9103 1.2594 0.1950
6976 -2.8540 1.2350 0.2304
6977 -2.7966 1.2102 0.2575
6978 -2.7382 1.1849 0.2758
6979 -2.7081 1.1719 0.3063
6980 -2.7192 1.1767 0.3708
6981 -2.7383 1.1850 0.4543
6982 -2.7333 1.1828 0.5256
6983 -2.7079 1.1718 0.5809
6984 -2.6708 1.1557 0.6243
6985 -2.6138 1.1311 0.6330
6986 -2.5406 1.0994 0.5941
6987 -2.4751 1.0711 0.5469
6988 -2.4292 1.0512 0.5370
6989 -2.3922 1.0352 0.5584
6990 -2.3541 1.0187 0.5895
6991 -2.3128 1.0009 0.6398
6992 -2.2637 0.9796 0.7098
6993 -2.2071 0.9551 0.7527
6994 -2.1554 0.9327 0.7314
6995 -2.1154 0.9154 0.6711
6996 -2.0829 0.9014 0.6098
6997 -2.0580 0.8906 0.5473
6998 -2.0412 0.8833 0.4836
6999 -2.0133 0.8712 0.4507
7000 -1.9541 0.8456 0.4628
7001 -1.8775 0.8125 0.4837
7002 -1.8120 0.7841 0.4783
7003 -1.7612 0.7622 0.4506
7004 -1.7214 0.7449 0.4101
7005 -1.7134 0.7415 0.3480
7006 -1.7492 0.7569 0.2682
7007 -1.7924 0.7757 0.1969
7008 -1.8015 0.7796 0.1469
7009 -1.7819 0.7711 0.1065
7010 -1.7534 0.7588 0.0651
7011 -1.7072 0.7388 0.0201
7012 -1.6429 0.7110 -0.0335
7013 -1.6036 0.6939 -0.0951
7014 -1.6231 0.7024 -0.1515
7015 -1.6785 0.7263 -0.1950
7016 -1.7348 0.7507 -0.2304
7017 -1.7921 0.7755 -0.2575
7018 -1.8506 0.8008 -0.2758
7019 -1.8807 0.8139 -0.3063
7020 -1.8696 0.8091 -0.3708
7021 -1.8504 0.8008 -0.4543
7022 -1.8555 0.8029 -0.5256
7023 -1.8808 0.8139 -0.5809
7024 -1.9180 0.8300 -0.6243
7025 -1.9750 0.8547 -0.6330
7026 -2.0482 0.8863 -0.5941
7027 -2.1137 0.9147 -0.5469
7028 -2.1596 0.9345 -0.5370
7029 -2.1966 0.9506 -0.5584
7030 -2.2347 0.9670 -0.5895
7031 -2.2759 0.9849 -0.6398
7032 -2.3251 1.0062 -0.7098
7033 -2.3817 1.0306 -0.7527
7034 -2.4334 1.0530 -0.7314
7035 -2.4733 1.0703 -0.6711
7036 -2.5058 1.0844 -0.6098
7037 -2.5307 1.0951 -0.5473
7038 -2.5475 1.1024 -0.4836
7039 -2.5755 1.1145 -0.4507
7040 -2.6347 1.1401 -0.4628
7041 -2.7764 1.0993 -0.4565
7042 -2.8595 1.1322 -0.4611
7043 -2.9285 1.1595 -0.4415
7044 -2.9493 1.1677 -0.3834
7045 -2.9349 1.1620 -0.3090
7046 -2.9147 1.1540 -0.2399
7047 -2.8884 1.1436 -0.1762
7048 -2.8557 1.1307 -0.1183
7049 -2.8519 1.1291 -0.0717
7050 -2.9001 1.1482 -0.0292
7051 -2.9660 1.1743 0.0217
7052 -3.0059 1.1901 0.0809
7053 -3.0204 1.1959 0.1428
7054 -3.0184 1.1951 0.2042
7055 -2.9798 1.1798 0.2538
7056 -2.8995 1.1480 0.2793
7057 -2.8199 1.1165 0.2930
7058 -2.7779 1.0999 0.3204
7059 -2.7618 1.0935 0.3649
7060 -2.7507 1.0891 0.4172
7061 -2.7489 1.0884 0.4861
7062 -2.7531 1.0900 0.5755
7063 -2.7350 1.0828 0.6497
7064 -2.6809 1.0614 0.6721
7065 -2.6117 1.0341 0.6566
7066 -2.5475 1.0086 0.6348
7067 -2.4883 0.9852 0.6065
7068 -2.4345 0.9639 0.5714
7069 -2.3911 0.9467 0.5673
7070 -2.3516 0.9311 0.6192
7071 -2.3043 0.9123 0.6901
7072 -2.2492 0.8905 0.7330
7073 -2.1917 0.8677 0.7485
7074 -2.1346 0.8452 0.7463
7075 -2.0885 0.8269 0.7049
7076 -2.0648 0.8175 0.6185
7077 -2.0521 0.8125 0.5329
7078 -2.0266 0.8024 0.4877
7079 -1.9852 0.7860 0.4704
7080 -1.9366 0.7667 0.4585
7081 -1.8724 0.7414 0.4565
7082 -1.7893 0.7085 0.4611
7083 -1.7204 0.6811 0.4415
7084 -1.6995 0.6729 0.3834
7085 -1.7139 0.6786 0.3090
7086 -1.7342 0.6866 0.2399
7087 -1.7605 0.6970 0.1762
7088 -1.7932 0.7100 0.1183
7089 -1.7970 0.7115 0.0717
7090 -1.7487 0.6924 0.0292
7091 -1.6828 0.6663 -0.0217
7092 -1.6429 0.6505 -0.0809
7093 -1.6285 0.6448 -0.1428
7094 -1.6305 0.6456 -0.2042
7095 -1.6691 0.6608 -0.2538
7096 -1.7494 0.6926 -0.2793
7097 -1.8290 0.7241 -0.2930
7098 -1.8710 0.7408 -0.3204
7099 -1.8871 0.7472 -0.3649
7100 -1.8982 0.7515 -0.4172
7101 -1.9000 0.7523 -0.4861
7102 -1.8957 0.7506 -0.5755
7103 -1.9139 0.7578 -0.6497
7104 -1.9680 0.7792 -0.6721
7105 -2.0372 0.8066 -0.6566
7106 -2.1014 0.8320 -0.6348
7107 -2.1606 0.8554 -0.6065
7108 -2.2144 0.8767 -0.5714
7109 -2.2578 0.8939 -0.5673
7110 -2.2973 0.9096 -0.6192
7111 -2.3446 0.9283 -0.6901
7112 -2.3997 0.9501 -0.7330
7113 -2.4572 0.9729 -0.7485
7114 -2.5143 0.9955 -0.7463
7115 -2.5604 1.0137 -0.7049
7116 -2.5841 1.0231 -0.6185
7117 -2.5968 1.0282 -0.5329
7118 -2.6223 1.0383 -0.4877
7119 -2.6637 1.0546 -0.4704
7120 -2.7123 1.0739 -0.4585
7121 -2.8690 1.0329 -0.4544
7122 -2.9609 1.0660 -0.4546
7123 -3.0374 1.0935 -0.4307
7124 -3.0510 1.0984 -0.3638
7125 -3.0273 1.0899 -0.2841
7126 -3.0104 1.0838 -0.2152
7127 -2.9877 1.0757 -0.1510
7128 -2.9454 1.0604 -0.0897
7129 -2.9323 1.0557 -0.0388
7130 -2.9855 1.0748 0.0106
7131 -3.0556 1.1001 0.0707
7132 -3.0851 1.1107 0.1359
7133 -3.0885 1.1119 0.2009
7134 -3.0884 1.1119 0.2679
7135 -3.0514 1.0986 0.3216
7136 -2.9608 1.0660 0.3425
7137 -2.8718 1.0339 0.3505
7138 -2.8313 1.0193 0.3823
7139 -2.8151 1.0135 0.4337
7140 -2.7929 1.0055 0.4834
7141 -2.7797 1.0008 0.5493
7142 -2.7800 1.0009 0.6469
7143 -2.7574 0.9927 0.7282
7144 -2.6945 0.9701 0.7427
7145 -2.6195 0.9431 0.7175
7146 -2.5547 0.9197 0.6995
7147 -2.4943 0.8980 0.6755
7148 -2.4366 0.8772 0.6304
7149 -2.3887 0.8600 0.6166
7150 -2.3423 0.8433 0.6730
7151 -2.2857 0.8229 0.7476
7152 -2.2243 0.8008 0.7789
7153 -2.1631 0.7788 0.7826
7154 -2.1002 0.7561 0.7824
7155 -2.0496 0.7379 0.7431
7156 -2.0300 0.7308 0.6468
7157 -2.0224 0.7281 0.5523
7158 -1.9925 0.7173 0.5092
7159 -1.9441 0.6999 0.4919
7160 -1.8974 0.6831 0.4684
7161 -1.8354 0.6608 0.4544
7162 -1.7436 0.6277 0.4546
7163 -1.6670 0.6002 0.4307
7164 -1.6534 0.5953 0.3638
7165 -1.6771 0.6038 0.2841
7166 -1.6940 0.6099 0.2152
7167 -1.7167 0.6180 0.1510
7168 -1.7590 0.6333 0.0897
7169 -1.7721 0.6380 0.0388
7170 -1.7190 0.6189 -0.0106
7171 -1.6488 0.5936 -0.0707
7172 -1.6193 0.5830 -0.1359
7173 -1.6159 0.5817 -0.2009
7174 -1.6160 0.5818 -0.2679
7175 -1.6530 0.5951 -0.3216
7176 -1.7436 0.6277 -0.3425
7177 -1.8326 0.6598 -0.3505
7178 -1.8731 0.6743 -0.3823
7179 -1.8893 0.6802 -0.4337
7180 -1.9115 0.6882 -0.4834
7181 -1.9247 0.6929 -0.5493
7182 -1.9244 0.6928 -0.6469
7183 -1.9470 0.7010 -0.7282
7184 -2.0099 0.7236 -0.7427
7185 -2.0849 0.7506 -0.7175
7186 -2.1497 0.7739 -0.6995
7187 -2.2101 0.7957 -0.6755
7188 -2.2678 0.8165 -0.6304
7189 -2.3157 0.8337 -0.6166
7190 -2.3621 0.8504 -0.6730
7191 -2.4187 0.8708 -0.7476
7192 -2.4801 0.8929 -0.7789
7193 -2.5413 0.9149 -0.7826
7194 -2.6042 0.9376 -0.7824
7195 -2.6548 0.9558 -0.7431
7196 -2.6744 0.9629 -0.6468
7197 -2.6820 0.9656 -0.5523
7198 -2.7119 0.9764 -0.5092
7199 -2.7603 0.9938 -0.4919
7200 -2.8070 1.0106 -0.4684
7201 -2.9932 0.9725 -0.4702
7202 -3.0740 0.9988 -0.4487
7203 -3.1362 1.0190 -0.4064
7204 -3.1641 1.0281 -0.3425
7205 -3.1544 1.0249 -0.2654
7206 -3.1175 1.0129 -0.1868
7207 -3.0739 0.9988 -0.1160
7208 -3.0460 0.9897 -0.0553
7209 -3.0480 0.9904 -0.0000
7210 -3.0804 1.0009 0.0582
7211 -3.1291 1.0167 0.1251
7212 -3.1718 1.0306 0.2005
7213 -3.1873 1.0356 0.2766
7214 -3.1641 1.0281 0.3425
7215 -3.1054 1.0090 0.3899
7216 -3.0264 0.9833 0.4180
7217 -2.9480 0.9578 0.4357
7218 -2.8874 0.9382 0.4578
7219 -2.8517 0.9266 0.4984
7220 -2.8355 0.9213 0.5636
7221 -2.8249 0.9179 0.6472
7222 -2.8044 0.9112 0.7322
7223 -2.7641 0.8981 0.7975
7224 -2.7034 0.8784 0.8270
7225 -2.6300 0.8545 0.8167
7226 -2.5553 0.8303 0.7779
7227 -2.4879 0.8084 0.7321
7228 -2.4302 0.7896 0.7027
7229 -2.3776 0.7725 0.7049
7230 -2.3223 0.7546 0.7389
7231 -2.2586 0.7339 0.7902
7232 -2.1870 0.7106 0.8351
7233 -2.1146 0.6871 0.8513
7234 -2.0519 0.6667 0.8270
7235 -2.0068 0.6521 0.7652
7236 -1.9801 0.6434 0.6821
7237 -1.9633 0.6379 0.5997
7238 -1.9423 0.6311 0.5360
7239 -1.9036 0.6185 0.4984
7240 -1.8416 0.5984 0.4814
7241 -1.7621 0.5725 0.4702
7242 -1.6813 0.5463 0.4487
7243 -1.6191 0.5261 0.4064
7244 -1.5911 0.5170 0.3425
7245 -1.6009 0.5202 0.2654
7246 -1.6378 0.5322 0.1868
7247 -1.6814 0.5463 0.1160
7248 -1.7093 0.5554 0.0553
7249 -1.7072 0.5547 0.0000
7250 -1.6749 0.5442 -0.0582
7251 -1.6262 0.5284 -0.1251
7252 -1.5835 0.5145 -0.2005
7253 -1.5680 0.5095 -0.2766
7254 -1.5911 0.5170 -0.3425
7255 -1.6499 0.5361 -0.3899
7256 -1.7289 0.5618 -0.4180
7257 -1.8073 0.5872 -0.4357
7258 -1.8679 0.6069 -0.4578
7259 -1.9036 0.6185 -0.4984
7260 -1.9198 0.6238 -0.5636
7261 -1.9304 0.6272 -0.6472
7262 -1.9509 0.6339 -0.7322
7263 -1.9912 0.6470 -0.7975
7264 -2.0519 0.6667 -0.8270
7265 -2.1253 0.6905 -0.8167
7266 -2.2000 0.7148 -0.7779
7267 -2.2674 0.7367 -0.7321
7268 -2.3250 0.7555 -0.7027
7269 -2.3776 0.7725 -0.7049
7270 -2.4330 0.7905 -0.7389
7271 -2.4967 0.8112 -0.7902
7272 -2.5683 0.8345 -0.8351
7273 -2.6407 0.8580 -0.8513
7274 -2.7034 0.8784 -0.8270
7275 -2.7484 0.8930 -0.7652
7276 -2.7752 0.9017 -0.6821
7277 -2.7920 0.9072 -0.5997
7278 -2.8130 0.9140 -0.5360
7279 -2.8517 0.9266 -0.4984
7280 -2.9137 0.9467 -0.4814
7281 -3.1200 0.9064 -0.4753
7282 -3.1874 0.9260 -0.4337
7283 -3.2329 0.9392 -0.3750
7284 -3.2758 0.9517 -0.3120
7285 -3.2805 0.9531 -0.2352
7286 -3.2220 0.9361 -0.1493
7287 -3.1563 0.9170 -0.0744
7288 -3.1429 0.9131 -0.0121
7289 -3.1598 0.9180 0.0497
7290 -3.1702 0.9210 0.1140
7291 -3.1965 0.9287 0.1852
7292 -3.2515 0.9446 0.2725
7293 -3.2777 0.9523 0.3616
7294 -3.2314 0.9388 0.4238
7295 -3.1511 0.9155 0.4621
7296 -3.0828 0.8956 0.4992
7297 -3.0136 0.8755 0.5280
7298 -2.9338 0.8523 0.5379
7299 -2.8795 0.8366 0.5656
7300 -2.8674 0.8330 0.6472
7301 -2.8572 0.8301 0.7490
7302 -2.8172 0.8185 0.8191
7303 -2.7608 0.8021 0.8665
7304 -2.7003 0.7845 0.9113
7305 -2.6266 0.7631 0.9162
7306 -2.5441 0.7391 0.8552
7307 -2.4722 0.7182 0.7868
7308 -2.4124 0.7009 0.7729
7309 -2.3530 0.6836 0.7905
7310 -2.2912 0.6657 0.8012
7311 -2.2229 0.6458 0.8286
7312 -2.1390 0.6214 0.8859
7313 -2.0535 0.5966 0.9133
7314 -1.9938 0.5793 0.8650
7315 -1.9569 0.5685 0.7814
7316 -1.9214 0.5582 0.7102
7317 -1.8937 0.5502 0.6382
7318 -1.8842 0.5474 0.5551
7319 -1.8576 0.5397 0.4986
7320 -1.7792 0.5169 0.4859
7321 -1.6815 0.4885 0.4753
7322 -1.6141 0.4689 0.4337
7323 -1.5686 0.4557 0.3750
7324 -1.5256 0.4432 0.3120
7325 -1.5209 0.4419 0.2352
7326 -1.5795 0.4589 0.1493
7327 -1.6452 0.4780 0.0744
7328 -1.6585 0.4818 0.0121
7329 -1.6417 0.4769 -0.0497
7330 -1.6313 0.4739 -0.1140
7331 -1.6050 0.4663 -0.1852
7332 -1.5500 0.4503 -0.2725
7333 -1.5237 0.4427 -0.3616
7334 -1.5701 0.4562 -0.4238
7335 -1.6503 0.4795 -0.4621
7336 -1.7187 0.4993 -0.4992
7337 -1.7878 0.5194 -0.5280
7338 -1.8677 0.5426 -0.5379
7339 -1.9219 0.5584 -0.5656
7340 -1.9341 0.5619 -0.6472
7341 -1.9443 0.5649 -0.7490
7342 -1.9842 0.5765 -0.8191
7343 -2.0406 0.5929 -0.8665
7344 -2.1011 0.6104 -0.9113
7345 -2.1748 0.6318 -0.9162
7346 -2.2574 0.6558 -0.8552
7347 -2.3293 0.6767 -0.7868
7348 -2.3891 0.6941 -0.7729
7349 -2.4485 0.7114 -0.7905
7350 -2.5102 0.7293 -0.8012
7351 -2.5786 0.7492 -0.8286
7352 -2.6625 0.7735 -0.8859
7353 -2.7480 0.7984 -0.9133
7354 -2.8077 0.8157 -0.8650
7355 -2.8445 0.8264 -0.7814
7356 -2.8801 0.8367 -0.7102
7357 -2.9078 0.8448 -0.6382
7358 -2.9173 0.8476 -0.5551
7359 -2.9438 0.8553 -0.4986
7360 -3.0222 0.8780 -0.4859
7361 -3.2135 0.8251 -0.4495
7362 -3.2867 0.8439 -0.4033
7363 -3.3371 0.8568 -0.3403
7364 -3.3711 0.8655 -0.2682
7365 -3.3652 0.8640 -0.1859
7366 -3.3085 0.8495 -0.1011
7367 -3.2451 0.8332 -0.0267
7368 -3.2209 0.8270 0.0389
7369 -3.2267 0.8285 0.1050
7370 -3.2396 0.8318 0.1749
7371 -3.2675 0.8390 0.2538
7372 -3.3095 0.8497 0.3465
7373 -3.3226 0.8531 0.4378
7374 -3.2766 0.8413 0.5036
7375 -3.1972 0.8209 0.5443
7376 -3.1179 0.8005 0.5761
7377 -3.0388 0.7802 0.5985
7378 -2.9601 0.7600 0.6111
7379 -2.9050 0.7459 0.6436
7380 -2.8802 0.7395 0.7209
7381 -2.8569 0.7335 0.8177
7382 -2.8121 0.7220 0.8933
7383 -2.7511 0.7064 0.9453
7384 -2.6812 0.6884 0.9804
7385 -2.6015 0.6679 0.9743
7386 -2.5194 0.6469 0.9158
7387 -2.4473 0.6284 0.8504
7388 -2.3838 0.6120 0.8253
7389 -2.3197 0.5956 0.8314
7390 -2.2520 0.5782 0.8447
7391 -2.1757 0.5586 0.8735
7392 -2.0859 0.5356 0.9169
7393 -1.9974 0.5129 0.9304
7394 -1.9337 0.4965 0.8829
7395 -1.8943 0.4864 0.8009
7396 -1.8635 0.4785 0.7191
7397 -1.8417 0.4729 0.6374
7398 -1.8295 0.4697 0.5561
7399 -1.7981 0.4617 0.4992
7400 -1.7232 0.4424 0.4736
7401 -1.6295 0.4184 0.4495
7402 -1.5562 0.3996 0.4033
7403 -1.5059 0.3866 0.3403
7404 -1.4718 0.3779 0.2682
7405 -1.4778 0.3794 0.1859
7406 -1.5344 0.3940 0.1011
7407 -1.5978 0.4102 0.0267
7408 -1.6221 0.4165 -0.0389
7409 -1.6162 0.4150 -0.1050
7410 -1.6033 0.4117 -0.1749
7411 -1.5754 0.4045 -0.2538
7412 -1.5334 0.3937 -0.3465
7413 -1.5203 0.3904 -0.4378
7414 -1.5663 0.4021 -0.5036
7415 -1.6457 0.4225 -0.5443
7416 -1.7250 0.4429 -0.5761
7417 -1.8041 0.4632 -0.5985
7418 -1.8829 0.4834 -0.6111
7419 -1.9379 0.4976 -0.6436
7420 -1.9628 0.5040 -0.7209
7421 -1.9861 0.5099 -0.8177
7422 -2.0308 0.5214 -0.8933
7423 -2.0918 0.5371 -0.9453
7424 -2.1617 0.5550 -0.9804
7425 -2.2414 0.5755 -0.9743
7426 -2.3235 0.5966 -0.9158
7427 -2.3956 0.6151 -0.8504
7428 -2.4592 0.6314 -0.8253
7429 -2.5232 0.6478 -0.8314
7430 -2.5909 0.6652 -0.8447
7431 -2.6673 0.6848 -0.8735
7432 -2.7570 0.7079 -0.9169
7433 -2.8455 0.7306 -0.9304
7434 -2.9092 0.7470 -0.8829
7435 -2.9487 0.7571 -0.8009
7436 -2.9794 0.7650 -0.7191
7437 -3.0012 0.7706 -0.6374
7438 -3.0134 0.7737 -0.5561
7439 -3.0448 0.7818 -0.4992
7440 -3.1198 0.8010 -0.4736
7441 -3.2667 0.7302 -0.3987
7442 -3.3590 0.7508 -0.3559
7443 -3.4285 0.7664 -0.2943
7444 -3.4368 0.7682 -0.2116
7445 -3.4033 0.7607 -0.1247
7446 -3.3641 0.7520 -0.0447
7447 -3.3188 0.7418 0.0283
7448 -3.2673 0.7303 0.0936
7449 -3.2463 0.7256 0.1576
7450 -3.2770 0.7325 0.2347
7451 -3.3212 0.7424 0.3252
7452 -3.3354 0.7456 0.4144
7453 -3.3219 0.7425 0.4969
7454 -3.2908 0.7356 0.5728
7455 -3.2253 0.7209 0.6244
7456 -3.1242 0.6983 0.6381
7457 -3.0261 0.6764 0.6398
7458 -2.9603 0.6617 0.6657
7459 -2.9142 0.6514 0.7153
7460 -2.8698 0.6415 0.7725
7461 -2.8289 0.6323 0.8473
7462 -2.7871 0.6230 0.9419
7463 -2.7270 0.6096 1.0131
7464 -2.6463 0.5915 1.0216
7465 -2.5615 0.5726 0.9873
7466 -2.4834 0.5551 0.9471
7467 -2.4122 0.5392 0.9007
7468 -2.3484 0.5249 0.8479
7469 -2.2859 0.5110 0.8264
7470 -2.2108 0.4942 0.8579
7471 -2.1225 0.4744 0.9032
7472 -2.0354 0.4550 0.9177
7473 -1.9548 0.4370 0.9039
7474 -1.8808 0.4204 0.8720
7475 -1.8305 0.4092 0.8049
7476 -1.8170 0.4062 0.7013
7477 -1.8154 0.4058 0.6008
7478 -1.7901 0.4001 0.5334
7479 -1.7418 0.3893 0.4861
7480 -1.6859 0.3768 0.4406
7481 -1.6129 0.3605 0.3987
7482 -1.5205 0.3399 0.3559
7483 -1.4511 0.3244 0.2943
7484 -1.4428 0.3225 0.2116
7485 -1.4762 0.3300 0.1247
7486 -1.5155 0.3388 0.0447
7487 -1.5608 0.3489 -0.0283
7488 -1.6123 0.3604 -0.0936
7489 -1.6333 0.3651 -0.1576
7490 -1.6026 0.3582 -0.2347
7491 -1.5584 0.3483 -0.3252
7492 -1.5442 0.3452 -0.4144
7493 -1.5576 0.3482 -0.4969
7494 -1.5888 0.3551 -0.5728
7495 -1.6543 0.3698 -0.6244
7496 -1.7554 0.3924 -0.6381
7497 -1.8535 0.4143 -0.6398
7498 -1.9193 0.4290 -0.6657
7499 -1.9654 0.4393 -0.7153
7500 -2.0098 0.4492 -0.7725
7501 -2.0507 0.4584 -0.8473
7502 -2.0924 0.4677 -0.9419
7503 -2.1525 0.4811 -1.0131
7504 -2.2333 0.4992 -1.0216
7505 -2.3181 0.5181 -0.9873
7506 -2.3962 0.5356 -0.9471
7507 -2.4674 0.5515 -0.9007
7508 -2.5311 0.5658 -0.8479
7509 -2.5936 0.5797 -0.8264
7510 -2.6688 0.5966 -0.8579
7511 -2.7571 0.6163 -0.9032
7512 -2.8442 0.6357 -0.9177
7513 -2.9248 0.6538 -0.9039
7514 -2.9988 0.6703 -0.8720
7515 -3.0491 0.6816 -0.8049
7516 -3.0625 0.6846 -0.7013
7517 -3.0641 0.6849 -0.6008
7518 -3.0895 0.6906 -0.5334
7519 -3.1378 0.7014 -0.4861
7520 -3.1937 0.7139 -0.4406
7521 -3.2993 0.6294 -0.3400
7522 -3.3959 0.6478 -0.2945
7523 -3.4688 0.6617 -0.2305
7524 -3.4649 0.6610 -0.1462
7525 -3.4188 0.6522 -0.0617
7526 -3.3816 0.6451 0.0148
7527 -3.3387 0.6369 0.0850
7528 -3.2759 0.6249 0.1457
7529 -3.2440 0.6188 0.2060
7530 -3.2771 0.6251 0.2863
7531 -3.3227 0.6338 0.3819
7532 -3.3251 0.6343 0.4686
7533 -3.3006 0.6296 0.5459
7534 -3.2709 0.6240 0.6231
7535 -3.2076 0.6119 0.6748
7536 -3.1001 0.5914 0.6769
7537 -2.9972 0.5718 0.6664
7538 -2.9344 0.5598 0.6934
7539 -2.8890 0.5511 0.7459
7540 -2.8377 0.5413 0.7937
7541 -2.7897 0.5322 0.8588
7542 -2.7450 0.5236 0.9572
7543 -2.6822 0.5117 1.0313
7544 -2.5994 0.4959 1.0274
7545 -2.5163 0.4800 0.9805
7546 -2.4412 0.4657 0.9425
7547 -2.3723 0.4525 0.8989
7548 -2.3126 0.4411 0.8349
7549 -2.2533 0.4298 0.8025
7550 -2.1745 0.4148 0.8362
7551 -2.0806 0.3969 0.8826
7552 -1.9954 0.3806 0.8850
7553 -1.9195 0.3662 0.8602
7554 -1.8437 0.3517 0.8299
7555 -1.7928 0.3420 0.7655
7556 -1.7908 0.3416 0.6560
7557 -1.8011 0.3436 0.5513
7558 -1.7746 0.3385 0.4873
7559 -1.7230 0.3287 0.4411
7560 -1.6760 0.3197 0.3889
7561 -1.6122 0.3075 0.3400
7562 -1.5155 0.2891 0.2945
7563 -1.4427 0.2752 0.2305
7564 -1.4465 0.2759 0.1462
7565 -1.4926 0.2847 0.0617
7566 -1.5299 0.2918 -0.0148
7567 -1.5727 0.3000 -0.0850
7568 -1.6356 0.3120 -0.1457
7569 -1.6674 0.3181 -0.2060
7570 -1.6343 0.3118 -0.2863
7571 -1.5888 0.3031 -0.3819
7572 -1.5864 0.3026 -0.4686
7573 -1.6108 0.3073 -0.5459
7574 -1.6405 0.3129 -0.6231
7575 -1.7038 0.3250 -0.6748
7576 -1.8113 0.3455 -0.6769
7577 -1.9142 0.3652 -0.6664
7578 -1.9770 0.3771 -0.6934
7579 -2.0224 0.3858 -0.7459
7580 -2.0738 0.3956 -0.7937
7581 -2.1217 0.4047 -0.8588
7582 -2.1665 0.4133 -0.9572
7583 -2.2293 0.4253 -1.0313
7584 -2.3121 0.4411 -1.0274
7585 -2.3951 0.4569 -0.9805
7586 -2.4703 0.4712 -0.9425
7587 -2.5392 0.4844 -0.8989
7588 -2.5989 0.4958 -0.8349
7589 -2.6581 0.5071 -0.8025
7590 -2.7370 0.5221 -0.8362
7591 -2.8309 0.5400 -0.8826
7592 -2.9160 0.5563 -0.8850
7593 -2.9919 0.5707 -0.8602
7594 -3.0678 0.5852 -0.8299
7595 -3.1186 0.5949 -0.7655
7596 -3.1207 0.5953 -0.6560
7597 -3.1103 0.5933 -0.5513
7598 -3.1369 0.5984 -0.4873
7599 -3.1884 0.6082 -0.4411
7600 -3.2354 0.6172 -0.3889
7601 -3.3203 0.5259 -0.2800
7602 -3.3959 0.5379 -0.2252
7603 -3.4459 0.5458 -0.1566
7604 -3.4550 0.5472 -0.0786
7605 -3.4222 0.5420 -0.0000
7606 -3.3614 0.5324 0.0711
7607 -3.2958 0.5220 0.1325
7608 -3.2481 0.5144 0.1893
7609 -3.2310 0.5117 0.2506
7610 -3.2424 0.5135 0.3242
7611 -3.2666 0.5174 0.4113
7612 -3.2818 0.5198 0.5041
7613 -3.2692 0.5178 0.5885
7614 -3.2211 0.5102 0.6502
7615 -3.1431 0.4978 0.6822
7616 -3.0504 0.4831 0.6890
7617 -2.9611 0.4690 0.6855
7618 -2.8877 0.4574 0.6915
7619 -2.8329 0.4487 0.7226
7620 -2.7895 0.4418 0.7828
7621 -2.7458 0.4349 0.8617
7622 -2.6917 0.4263 0.9382
7623 -2.6239 0.4156 0.9888
7624 -2.5468 0.4034 0.9981
7625 -2.4692 0.3911 0.9648
7626 -2.3990 0.3800 0.9033
7627 -2.3383 0.3704 0.8369
7628 -2.2822 0.3615 0.7886
7629 -2.2217 0.3519 0.7713
7630 -2.1490 0.3404 0.7828
7631 -2.0629 0.3267 0.8073
7632 -1.9713 0.3122 0.8227
7633 -1.8880 0.2990 0.8100
7634 -1.8270 0.2894 0.7613
7635 -1.7954 0.2844 0.6822
7636 -1.7887 0.2833 0.5884
7637 -1.7922 0.2839 0.4980
7638 -1.7863 0.2829 0.4237
7639 -1.7555 0.2781 0.3682
7640 -1.6961 0.2686 0.3242
7641 -1.6181 0.2563 0.2800
7642 -1.5426 0.2443 0.2252
7643 -1.4925 0.2364 0.1566
7644 -1.4834 0.2350 0.0786
7645 -1.5163 0.2402 0.0000
7646 -1.5771 0.2498 -0.0711
7647 -1.6427 0.2602 -0.1325
7648 -1.6904 0.2677 -0.1893
7649 -1.7074 0.2704 -0.2506
7650 -1.6961 0.2686 -0.3242
7651 -1.6718 0.2648 -0.4113
7652 -1.6567 0.2624 -0.5041
7653 -1.6692 0.2644 -0.5885
7654 -1.7173 0.2720 -0.6502
7655 -1.7954 0.2844 -0.6822
7656 -1.8880 0.2990 -0.6890
7657 -1.9773 0.3132 -0.6855
7658 -2.0507 0.3248 -0.6915
7659 -2.1056 0.3335 -0.7226
7660 -2.1490 0.3404 -0.7828
7661 -2.1927 0.3473 -0.8617
7662 -2.2468 0.3559 -0.9382
7663 -2.3145 0.3666 -0.9888
7664 -2.3916 0.3788 -0.9981
7665 -2.4692 0.3911 -0.9648
7666 -2.5394 0.4022 -0.9033
7667 -2.6001 0.4118 -0.8369
7668 -2.6562 0.4207 -0.7886
7669 -2.7167 0.4303 -0.7713
7670 -2.7895 0.4418 -0.7828
7671 -2.8755 0.4554 -0.8073
7672 -2.9671 0.4699 -0.8227
7673 -3.0504 0.4831 -0.8100
7674 -3.1114 0.4928 -0.7613
7675 -3.1431 0.4978 -0.6822
7676 -3.1497 0.4989 -0.5884
7677 -3.1463 0.4983 -0.4980
7678 -3.1522 0.4993 -0.4237
7679 -3.1829 0.5041 -0.3682
7680 -3.2424 0.5135 -0.3242
7681 -3.3119 0.4184 -0.2152
7682 -3.3649 0.4251 -0.1556
7683 -3.3914 0.4284 -0.0868
7684 -3.4142 0.4313 -0.0148
7685 -3.3953 0.4289 0.0580
7686 -3.3116 0.4184 0.1193
7687 -3.2244 0.4073 0.1677
7688 -3.1927 0.4033 0.2209
7689 -3.1908 0.4031 0.2836
7690 -3.1820 0.4020 0.3465
7691 -3.1868 0.4026 0.4211
7692 -3.2150 0.4061 0.5205
7693 -3.2145 0.4061 0.6122
7694 -3.1510 0.3981 0.6552
7695 -3.0617 0.3868 0.6647
7696 -2.9844 0.3770 0.6768
7697 -2.9091 0.3675 0.6810
7698 -2.8290 0.3574 0.6639
7699 -2.7688 0.3498 0.6720
7700 -2.7334 0.3453 0.7451
7701 -2.6938 0.3403 0.8382
7702 -2.6347 0.3328 0.8917
7703 -2.5664 0.3242 0.9183
7704 -2.4950 0.3152 0.9413
7705 -2.4227 0.3061 0.9223
7706 -2.3620 0.2984 0.8379
7707 -2.3140 0.2923 0.7500
7708 -2.2611 0.2856 0.7180
7709 -2.1990 0.2778 0.7162
7710 -2.1365 0.2699 0.7073
7711 -2.0625 0.2605 0.7121
7712 -1.9639 0.2481 0.7405
7713 -1.8729 0.2366 0.7401
7714 -1.8303 0.2312 0.6761
7715 -1.8208 0.2300 0.5860
7716 -1.8088 0.2285 0.5082
7717 -1.8046 0.2280 0.4322
7718 -1.8216 0.2301 0.3515
7719 -1.8136 0.2291 0.2908
7720 -1.7410 0.2199 0.2551
7721 -1.6487 0.2083 0.2152
7722 -1.5957 0.2016 0.1556
7723 -1.5692 0.1982 0.0868
7724 -1.5464 0.1954 0.0148
7725 -1.5652 0.1977 -0.0580
7726 -1.6490 0.2083 -0.1193
7727 -1.7362 0.2193 -0.1677
7728 -1.7679 0.2233 -0.2209
7729 -1.7698 0.2236 -0.2836
7730 -1.7786 0.2247 -0.3465
7731 -1.7738 0.2241 -0.4211
7732 -1.7456 0.2205 -0.5205
7733 -1.7461 0.2206 -0.6122
7734 -1.8095 0.2286 -0.6552
7735 -1.8989 0.2399 -0.6647
7736 -1.9761 0.2496 -0.6768
7737 -2.0515 0.2592 -0.6810
7738 -2.1315 0.2693 -0.6639
7739 -2.1918 0.2769 -0.6720
7740 -2.2272 0.2814 -0.7451
7741 -2.2668 0.2864 -0.8382
7742 -2.3259 0.2938 -0.8917
7743 -2.3942 0.3025 -0.9183
7744 -2.4656 0.3115 -0.9413
7745 -2.5379 0.3206 -0.9223
7746 -2.5986 0.3283 -0.8379
7747 -2.6466 0.3343 -0.7500
7748 -2.6994 0.3410 -0.7180
7749 -2.7616 0.3489 -0.7162
7750 -2.8240 0.3568 -0.7073
7751 -2.8981 0.3661 -0.7121
7752 -2.9966 0.3786 -0.7405
7753 -3.0877 0.3901 -0.7401
7754 -3.1303 0.3954 -0.6761
7755 -3.1397 0.3966 -0.5860
7756 -3.1518 0.3982 -0.5082
7757 -3.1559 0.3987 -0.4322
7758 -3.1390 0.3965 -0.3515
7759 -3.1470 0.3976 -0.2908
7760 -3.2195 0.4067 -0.2551
7761 -3.2598 0.3081 -0.1477
7762 -3.3155 0.3134 -0.0917
7763 -3.3446 0.3162 -0.0270
7764 -3.3557 0.3172 0.0411
7765 -3.3256 0.3144 0.1062
7766 -3.2459 0.3068 0.1575
7767 -3.1639 0.2991 0.1970
7768 -3.1235 0.2953 0.2409
7769 -3.1133 0.2943 0.2951
7770 -3.1096 0.2939 0.3556
7771 -3.1186 0.2948 0.4299
7772 -3.1379 0.2966 0.5223
7773 -3.1300 0.2959 0.6047
7774 -3.0729 0.2905 0.6447
7775 -2.9914 0.2828 0.6507
7776 -2.9133 0.2754 0.6490
7777 -2.8388 0.2683 0.6393
7778 -2.7681 0.2617 0.6211
7779 -2.7147 0.2566 0.6301
7780 -2.6775 0.2531 0.6923
7781 -2.6360 0.2492 0.7743
7782 -2.5802 0.2439 0.8303
7783 -2.5158 0.2378 0.8595
7784 -2.4480 0.2314 0.8707
7785 -2.3832 0.2253 0.8404
7786 -2.3321 0.2205 0.7604
7787 -2.2928 0.2167 0.6780
7788 -2.2491 0.2126 0.6374
7789 -2.1951 0.2075 0.6272
7790 -2.1349 0.2018 0.6235
7791 -2.0609 0.1948 0.6325
7792 -1.9689 0.1861 0.6519
7793 -1.8869 0.1784 0.6440
7794 -1.8471 0.1746 0.5866
7795 -1.8411 0.1740 0.5048
7796 -1.8428 0.1742 0.4263
7797 -1.8525 0.1751 0.3514
7798 -1.8706 0.1768 0.2804
7799 -1.8616 0.1760 0.2268
7800 -1.7997 0.1701 0.1894
7801 -1.7180 0.1624 0.1477
7802 -1.6623 0.1571 0.0917
7803 -1.6333 0.1544 0.0270
7804 -1.6221 0.1533 -0.0411
7805 -1.6522 0.1562 -0.1062
7806 -1.7319 0.1637 -0.1575
7807 -1.8139 0.1715 -0.1970
7808 -1.8543 0.1753 -0.2409
7809 -1.8645 0.1762 -0.2951
7810 -1.8682 0.1766 -0.3556
7811 -1.8592 0.1757 -0.4299
7812 -1.8399 0.1739 -0.5223
7813 -1.8478 0.1747 -0.6047
7814 -1.9049 0.1801 -0.6447
7815 -1.9864 0.1878 -0.6507
7816 -2.0645 0.1951 -0.6490
7817 -2.1390 0.2022 -0.6393
7818 -2.2097 0.2089 -0.6211
7819 -2.2631 0.2139 -0.6301
7820 -2.3003 0.2174 -0.6923
7821 -2.3418 0.2214 -0.7743
7822 -2.3976 0.2266 -0.8303
7823 -2.4620 0.2327 -0.8595
7824 -2.5298 0.2391 -0.8707
7825 -2.5946 0.2453 -0.8404
7826 -2.6457 0.2501 -0.7604
7827 -2.6850 0.2538 -0.6780
7828 -2.7287 0.2579 -0.6374
7829 -2.7827 0.2630 -0.6272
7830 -2.8429 0.2687 -0.6235
7831 -2.9169 0.2757 -0.6325
7832 -3.0089 0.2844 -0.6519
7833 -3.0909 0.2922 -0.6440
7834 -3.1307 0.2959 -0.5866
7835 -3.1368 0.2965 -0.5048
7836 -3.1351 0.2964 -0.4263
7837 -3.1253 0.2954 -0.3514
7838 -3.1072 0.2937 -0.2804
7839 -3.1162 0.2946 -0.2268
7840 -3.1781 0.3004 -0.1894
7841 -3.1883 0.2006 -0.0877
7842 -3.2633 0.2053 -0.0363
7843 -3.3117 0.2084 0.0257
7844 -3.2955 0.2073 0.0885
7845 -3.2390 0.2038 0.1422
7846 -3.1803 0.2001 0.1878
7847 -3.1193 0.1963 0.2252
7848 -3.0560 0.1923 0.2538
7849 -3.0242 0.1903 0.2914
7850 -3.0398 0.1912 0.3585
7851 -3.0657 0.1929 0.4435
7852 -3.0639 0.1928 0.5186
7853 -3.0383 0.1912 0.5797
7854 -2.9986 0.1887 0.6298
7855 -2.9340 0.1846 0.6471
7856 -2.8471 0.1791 0.6183
7857 -2.7676 0.1741 0.5803
7858 -2.7126 0.1707 0.5769
7859 -2.6701 0.1680 0.6035
7860 -2.6272 0.1653 0.6395
7861 -2.5826 0.1625 0.6946
7862 -2.5313 0.1593 0.7698
7863 -2.4694 0.1554 0.8183
7864 -2.4067 0.1514 0.8021
7865 -2.3532 0.1480 0.7454
7866 -2.3076 0.1452 0.6866
7867 -2.2703 0.1428 0.6255
7868 -2.2418 0.1410 0.5621
7869 -2.2042 0.1387 0.5301
7870 -2.1372 0.1345 0.5458
7871 -2.0524 0.1291 0.5717
7872 -1.9775 0.1244 0.5700
7873 -1.9165 0.1206 0.5443
7874 -1.8666 0.1174 0.5045
7875 -1.8493 0.1163 0.4398
7876 -1.8780 0.1182 0.3527
7877 -1.9159 0.1205 0.2731
7878 -1.9193 0.1208 0.2180
7879 -1.8927 0.1191 0.1753
7880 -1.8568 0.1168 0.1324
7881 -1.8019 0.1134 0.0877
7882 -1.7268 0.1086 0.0363
7883 -1.6784 0.1056 -0.0257
7884 -1.6946 0.1066 -0.0885
7885 -1.7511 0.1102 -0.1422
7886 -1.8098 0.1139 -0.1878
7887 -1.8708 0.1177 -0.2252
7888 -1.9341 0.1217 -0.2538
7889 -1.9660 0.1237 -0.2914
7890 -1.9503 0.1227 -0.3585
7891 -1.9244 0.1211 -0.4435
7892 -1.9262 0.1212 -0.5186
7893 -1.9518 0.1228 -0.5797
7894 -1.9915 0.1253 -0.6298
7895 -2.0562 0.1294 -0.6471
7896 -2.1431 0.1348 -0.6183
7897 -2.2226 0.1398 -0.5803
7898 -2.2775 0.1433 -0.5769
7899 -2.3201 0.1460 -0.6035
7900 -2.3629 0.1487 -0.6395
7901 -2.4075 0.1515 -0.6946
7902 -2.4588 0.1547 -0.7698
7903 -2.5207 0.1586 -0.8183
7904 -2.5834 0.1625 -0.8021
7905 -2.6370 0.1659 -0.7454
7906 -2.6825 0.1688 -0.6866
7907 -2.7198 0.1711 -0.6255
7908 -2.7484 0.1729 -0.5621
7909 -2.7859 0.1753 -0.5301
7910 -2.8529 0.1795 -0.5458
7911 -2.9377 0.1848 -0.5717
7912 -3.0127 0.1895 -0.5700
7913 -3.0736 0.1934 -0.5443
7914 -3.1236 0.1965 -0.5045
7915 -3.1409 0.1976 -0.4398
7916 -3.1122 0.1958 -0.3527
7917 -3.0742 0.1934 -0.2731
7918 -3.0708 0.1932 -0.2180
7919 -3.0974 0.1949 -0.1753
7920 -3.1333 0.1971 -0.1324
7921 -3.1445 0.0988 -0.0406
7922 -3.2234 0.1013 0.0114
7923 -3.2754 0.1029 0.0734
7924 -3.2485 0.1021 0.1309
7925 -3.1824 0.1000 0.1756
7926 -3.1289 0.0983 0.2158
7927 -3.0735 0.0966 0.2488
7928 -3.0034 0.0944 0.2673
7929 -2.9648 0.0932 0.2959
7930 -2.9844 0.0938 0.3648
7931 -3.0126 0.0947 0.4532
7932 -3.0031 0.0944 0.5207
7933 -2.9718 0.0934 0.5721
7934 -2.9364 0.0923 0.6230
7935 -2.8774 0.0904 0.6405
7936 -2.7918 0.0877 0.5984
7937 -2.7153 0.0853 0.5472
7938 -2.6667 0.0838 0.5460
7939 -2.6275 0.0826 0.5760
7940 -2.5843 0.0812 0.6015
7941 -2.5394 0.0798 0.6461
7942 -2.4874 0.0782 0.7250
7943 -2.4254 0.0762 0.7770
7944 -2.3679 0.0744 0.7501
7945 -2.3233 0.0730 0.6839
7946 -2.2830 0.0717 0.6304
7947 -2.2500 0.0707 0.5751
7948 -2.2316 0.0701 0.5048
7949 -2.2030 0.0692 0.4663
7950 -2.1341 0.0671 0.4859
7951 -2.0457 0.0643 0.5141
7952 -1.9783 0.0622 0.5046
7953 -1.9270 0.0606 0.4732
7954 -1.8761 0.0590 0.4378
7955 -1.8586 0.0584 0.3788
7956 -1.9007 0.0597 0.2932
7957 -1.9518 0.0613 0.2167
7958 -1.9530 0.0614 0.1680
7959 -1.9230 0.0604 0.1288
7960 -1.8976 0.0596 0.0856
7961 -1.8530 0.0582 0.0406
7962 -1.7741 0.0558 -0.0114
7963 -1.7221 0.0541 -0.0734
7964 -1.7490 0.0550 -0.1309
7965 -1.8152 0.0570 -0.1756
7966 -1.8687 0.0587 -0.2158
7967 -1.9240 0.0605 -0.2488
7968 -1.9942 0.0627 -0.2673
7969 -2.0327 0.0639 -0.2959
7970 -2.0131 0.0633 -0.3648
7971 -1.9849 0.0624 -0.4532
7972 -1.9944 0.0627 -0.5207
7973 -2.0258 0.0637 -0.5721
7974 -2.0611 0.0648 -0.6230
7975 -2.1202 0.0666 -0.6405
7976 -2.2058 0.0693 -0.5984
7977 -2.2822 0.0717 -0.5472
7978 -2.3309 0.0733 -0.5460
7979 -2.3701 0.0745 -0.5760
7980 -2.4132 0.0758 -0.6015
7981 -2.4581 0.0773 -0.6461
7982 -2.5102 0.0789 -0.7250
7983 -2.5722 0.0808 -0.7770
7984 -2.6296 0.0826 -0.7501
7985 -2.6743 0.0840 -0.6839
7986 -2.7145 0.0853 -0.6304
7987 -2.7475 0.0863 -0.5751
7988 -2.7659 0.0869 -0.5048
7989 -2.7945 0.0878 -0.4663
7990 -2.8634 0.0900 -0.4859
7991 -2.9518 0.0928 -0.5141
7992 -3.0192 0.0949 -0.5046
7993 -3.0705 0.0965 -0.4732
7994 -3.1214 0.0981 -0.4378
7995 -3.1390 0.0986 -0.3788
7996 -3.0969 0.0973 -0.2932
7997 -3.0457 0.0957 -0.2167
7998 -3.0445 0.0957 -0.1680
7999 -3.0745 0.0966 -0.1288
8000 -3.1000 0.0974 -0.0856
8001 -3.1500 0.0000 -0.0000
8002 -3.2066 0.0000 0.0556
8003 -3.2359 0.0000 0.1166
8004 -3.2245 0.0000 0.1739
8005 -3.1741 0.0000 0.2190
8006 -3.1005 0.0000 0.2487
8007 -3.0268 0.0000 0.2684
8008 -2.9731 0.0000 0.2899
8009 -2.9489 0.0000 0.3262
8010 -2.9496 0.0000 0.3840
8011 -2.9596 0.0000 0.4596
8012 -2.9603 0.0000 0.5390
8013 -2.9380 0.0000 0.6028
8014 -2.8893 0.0000 0.6353
8015 -2.8218 0.0000 0.6315
8016 -2.7487 0.0000 0.6005
8017 -2.6827 0.0000 0.5623
8018 -2.6295 0.0000 0.5396
8019 -2.5868 0.0000 0.5481
8020 -2.5464 0.0000 0.5894
8021 -2.5000 0.0000 0.6500
8022 -2.4444 0.0000 0.7066
8023 -2.3834 0.0000 0.7359
8024 -2.3261 0.0000 0.7245
8025 -2.2810 0.0000 0.6741
8026 -2.2513 0.0000 0.6005
8027 -2.2316 0.0000 0.5268
8028 -2.2101 0.0000 0.4731
8029 -2.1738 0.0000 0.4489
8030 -2.1160 0.0000 0.4496
8031 -2.0404 0.0000 0.4596
8032 -1.9610 0.0000 0.4603
8033 -1.8972 0.0000 0.4380
8034 -1.8647 0.0000 0.3893
8035 -1.8685 0.0000 0.3218
8036 -1.8995 0.0000 0.2487
8037 -1.9377 0.0000 0.1827
8038 -1.9604 0.0000 0.1295
8039 -1.9519 0.0000 0.0868
8040 -1.9106 0.0000 0.0464
8041 -1.8500 0.0000 0.0000
8042 -1.7934 0.0000 -0.0556
8043 -1.7641 0.0000 -0.1166
8044 -1.7755 0.0000 -0.1739
8045 -1.8259 0.0000 -0.2190
8046 -1.8995 0.0000 -0.2487
8047 -1.9732 0.0000 -0.2684
8048 -2.0269 0.0000 -0.2899
8049 -2.0511 0.0000 -0.3262
8050 -2.0504 0.0000 -0.3840
8051 -2.0404 0.0000 -0.4596
8052 -2.0397 0.0000 -0.5390
8053 -2.0620 0.0000 -0.6028
8054 -2.1107 0.0000 -0.6353
8055 -2.1782 0.0000 -0.6315
8056 -2.2513 0.0000 -0.6005
8057 -2.3173 0.0000 -0.5623
8058 -2.3705 0.0000 -0.5396
8059 -2.4132 0.0000 -0.5481
8060 -2.4536 0.0000 -0.5894
8061 -2.5000 0.0000 -0.6500
8062 -2.5556 0.0000 -0.7066
8063 -2.6166 0.0000 -0.7359
8064 -2.6739 0.0000 -0.7245
8065 -2.7190 0.0000 -0.6741
8066 -2.7487 0.0000 -0.6005
8067 -2.7684 0.0000 -0.5268
8068 -2.7899 0.0000 -0.4731
8069 -2.8262 0.0000 -0.4489
8070 -2.8840 0.0000 -0.4496
8071 -2.9596 0.0000 -0.4596
8072 -3.0390 0.0000 -0.4603
8073 -3.1028 0.0000 -0.4380
8074 -3.1353 0.0000 -0.3893
8075 -3.1315 0.0000 -0.3218
8076 -3.1005 0.0000 -0.2487
8077 -3.0623 0.0000 -0.1827
8078 -3.0396 0.0000 -0.1295
8079 -3.0481 0.0000 -0.0868
8080 -3.0894 0.0000 -0.0464
8081 -3.1824 -0.1000 0.0430
8082 -3.2163 -0.1011 0.1022
8083 -3.2230 -0.1013 0.1620
8084 -3.2262 -0.1014 0.2239
8085 -3.1903 -0.1003 0.2739
8086 -3.0969 -0.0973 0.2932
8087 -3.0051 -0.0944 0.2996
8088 -2.9659 -0.0932 0.3285
8089 -2.9533 -0.0928 0.3762
8090 -2.9349 -0.0922 0.4228
8091 -2.9266 -0.0920 0.4856
8092 -2.9339 -0.0922 0.5799
8093 -2.9168 -0.0917 0.6590
8094 -2.8549 -0.0897 0.6729
8095 -2.7791 -0.0873 0.6480
8096 -2.7145 -0.0853 0.6304
8097 -2.6545 -0.0834 0.6069
8098 -2.5969 -0.0816 0.5627
8099 -2.5507 -0.0802 0.5498
8100 -2.5083 -0.0788 0.6075
8101 -2.4558 -0.0772 0.6840
8102 -2.3966 -0.0753 0.7179
8103 -2.3369 -0.0734 0.7246
8104 -2.2750 -0.0715 0.7278
8105 -2.2250 -0.0699 0.6919
8106 -2.2058 -0.0693 0.5984
8107 -2.1993 -0.0691 0.5066
8108 -2.1705 -0.0682 0.4674
8109 -2.1227 -0.0667 0.4548
8110 -2.0762 -0.0652 0.4363
8111 -2.0134 -0.0633 0.4281
8112 -1.9192 -0.0603 0.4354
8113 -1.8401 -0.0578 0.4182
8114 -1.8262 -0.0574 0.3563
8115 -1.8511 -0.0582 0.2804
8116 -1.8687 -0.0587 0.2158
8117 -1.8922 -0.0595 0.1558
8118 -1.9363 -0.0609 0.0982
8119 -1.9493 -0.0613 0.0520
8120 -1.8916 -0.0594 0.0095
8121 -1.8151 -0.0570 -0.0430
8122 -1.7812 -0.0560 -0.1022
8123 -1.7746 -0.0558 -0.1620
8124 -1.7713 -0.0557 -0.2239
8125 -1.8072 -0.0568 -0.2739
8126 -1.9007 -0.0597 -0.2932
8127 -1.9924 -0.0626 -0.2996
8128 -2.0316 -0.0638 -0.3285
8129 -2.0442 -0.0642 -0.3762
8130 -2.0627 -0.0648 -0.4228
8131 -2.0709 -0.0651 -0.4856
8132 -2.0636 -0.0649 -0.5799
8133 -2.0808 -0.0654 -0.6590
8134 -2.1426 -0.0673 -0.6729
8135 -2.2185 -0.0697 -0.6480
8136 -2.2830 -0.0717 -0.6304
8137 -2.3430 -0.0736 -0.6069
8138 -2.4006 -0.0754 -0.5627
8139 -2.4468 -0.0769 -0.5498
8140 -2.4892 -0.0782 -0.6075
8141 -2.5418 -0.0799 -0.6840
8142 -2.6009 -0.0817 -0.7179
8143 -2.6606 -0.0836 -0.7246
8144 -2.7226 -0.0856 -0.7278
8145 -2.7726 -0.0871 -0.6919
8146 -2.7918 -0.0877 -0.5984
8147 -2.7982 -0.0879 -0.5066
8148 -2.8271 -0.0888 -0.4674
8149 -2.8748 -0.0903 -0.4548
8150 -2.9214 -0.0918 -0.4363
8151 -2.9841 -0.0938 -0.4281
8152 -3.0784 -0.0967 -0.4354
8153 -3.1574 -0.0992 -0.4182
8154 -3.1714 -0.0997 -0.3563
8155 -3.1465 -0.0989 -0.2804
8156 -3.1289 -0.0983 -0.2158
8157 -3.1054 -0.0976 -0.1558
8158 -3.0612 -0.0962 -0.0982
8159 -3.0483 -0.0958 -0.0520
8160 -3.1060 -0.0976 -0.0095
8161 -3.2115 -0.2021 0.0907
8162 -3.2482 -0.2044 0.1563
8163 -3.2572 -0.2049 0.2218
8164 -3.2484 -0.2044 0.2852
8165 -3.2016 -0.2014 0.3331
8166 -3.1122 -0.1958 0.3527
8167 -3.0244 -0.1903 0.3605
8168 -2.9754 -0.1872 0.3856
8169 -2.9523 -0.1857 0.4302
8170 -2.9337 -0.1846 0.4830
8171 -2.9233 -0.1839 0.5532
8172 -2.9173 -0.1835 0.6441
8173 -2.8887 -0.1817 0.7174
8174 -2.8265 -0.1778 0.7354
8175 -2.7516 -0.1731 0.7140
8176 -2.6825 -0.1688 0.6866
8177 -2.6194 -0.1648 0.6530
8178 -2.5626 -0.1612 0.6130
8179 -2.5140 -0.1582 0.6047
8180 -2.4644 -0.1550 0.6523
8181 -2.4046 -0.1513 0.7179
8182 -2.3391 -0.1472 0.7546
8183 -2.2737 -0.1430 0.7636
8184 -2.2104 -0.1391 0.7548
8185 -2.1626 -0.1361 0.7079
8186 -2.1431 -0.1348 0.6183
8187 -2.1353 -0.1343 0.5304
8188 -2.1102 -0.1328 0.4813
8189 -2.0657 -0.1300 0.4581
8190 -2.0130 -0.1266 0.4395
8191 -1.9430 -0.1222 0.4291
8192 -1.8523 -0.1165 0.4231
8193 -1.7791 -0.1119 0.3944
8194 -1.7611 -0.1108 0.3321
8195 -1.7825 -0.1121 0.2571
8196 -1.8098 -0.1139 0.1878
8197 -1.8433 -0.1160 0.1246
8198 -1.8833 -0.1185 0.0677
8199 -1.8916 -0.1190 0.0190
8200 -1.8440 -0.1160 -0.0308
8201 -1.7786 -0.1119 -0.0907
8202 -1.7420 -0.1096 -0.1563
8203 -1.7330 -0.1090 -0.2218
8204 -1.7417 -0.1096 -0.2852
8205 -1.7886 -0.1125 -0.3331
8206 -1.8780 -0.1182 -0.3527
8207 -1.9657 -0.1237 -0.3605
8208 -2.0147 -0.1268 -0.3856
8209 -2.0378 -0.1282 -0.4302
8210 -2.0564 -0.1294 -0.4830
8211 -2.0668 -0.1300 -0.5532
8212 -2.0728 -0.1304 -0.6441
8213 -2.1014 -0.1322 -0.7174
8214 -2.1637 -0.1361 -0.7354
8215 -2.2385 -0.1408 -0.7140
8216 -2.3076 -0.1452 -0.6866
8217 -2.3707 -0.1492 -0.6530
8218 -2.4275 -0.1527 -0.6130
8219 -2.4761 -0.1558 -0.6047
8220 -2.5258 -0.1589 -0.6523
8221 -2.5856 -0.1627 -0.7179
8222 -2.6510 -0.1668 -0.7546
8223 -2.7165 -0.1709 -0.7636
8224 -2.7797 -0.1749 -0.7548
8225 -2.8275 -0.1779 -0.7079
8226 -2.8471 -0.1791 -0.6183
8227 -2.8548 -0.1796 -0.5304
8228 -2.8799 -0.1812 -0.4813
8229 -2.9244 -0.1840 -0.4581
8230 -2.9771 -0.1873 -0.4395
8231 -3.0471 -0.1917 -0.4291
8232 -3.1379 -0.1974 -0.4231
8233 -3.2111 -0.2020 -0.3944
8234 -3.2291 -0.2032 -0.3321
8235 -3.2077 -0.2018 -0.2571
8236 -3.1803 -0.2001 -0.1878
8237 -3.1468 -0.1980 -0.1246
8238 -3.1069 -0.1955 -0.0677
8239 -3.0985 -0.1949 -0.0190
8240 -3.1461 -0.1979 0.0308
8241 -3.2368 -0.3060 0.1433
8242 -3.2910 -0.3111 0.2204
8243 -3.3164 -0.3135 0.2992
8244 -3.2798 -0.3100 0.3587
8245 -3.2074 -0.3032 0.3968
8246 -3.1351 -0.2964 0.4263
8247 -3.0628 -0.2895 0.4471
8248 -2.9907 -0.2827 0.4586
8249 -2.9453 -0.2784 0.4882
8250 -2.9357 -0.2775 0.5602
8251 -2.9300 -0.2770 0.6520
8252 -2.9009 -0.2742 0.7256
8253 -2.8534 -0.2697 0.7780
8254 -2.7956 -0.2643 0.8154
8255 -2.7242 -0.2575 0.8134
8256 -2.6457 -0.2501 0.7604
8257 -2.5770 -0.2436 0.7004
8258 -2.5209 -0.2383 0.6807
8259 -2.4672 -0.2332 0.6928
8260 -2.4105 -0.2279 0.7134
8261 -2.3462 -0.2218 0.7512
8262 -2.2695 -0.2145 0.8057
8263 -2.1910 -0.2071 0.8312
8264 -2.1318 -0.2015 0.7944
8265 -2.0939 -0.1979 0.7217
8266 -2.0645 -0.1951 0.6490
8267 -2.0438 -0.1932 0.5764
8268 -2.0323 -0.1921 0.5040
8269 -2.0029 -0.1893 0.4584
8270 -1.9312 -0.1826 0.4488
8271 -1.8398 -0.1739 0.4431
8272 -1.7665 -0.1670 0.4139
8273 -1.7143 -0.1621 0.3661
8274 -1.6772 -0.1585 0.3081
8275 -1.6791 -0.1587 0.2363
8276 -1.7319 -0.1637 0.1575
8277 -1.7916 -0.1694 0.0885
8278 -1.8113 -0.1712 0.0321
8279 -1.7991 -0.1701 -0.0218
8280 -1.7786 -0.1681 -0.0788
8281 -1.7410 -0.1646 -0.1433
8282 -1.6868 -0.1594 -0.2204
8283 -1.6614 -0.1571 -0.2992
8284 -1.6980 -0.1605 -0.3587
8285 -1.7704 -0.1674 -0.3968
8286 -1.8428 -0.1742 -0.4263
8287 -1.9150 -0.1810 -0.4471
8288 -1.9871 -0.1878 -0.4586
8289 -2.0325 -0.1921 -0.4882
8290 -2.0421 -0.1930 -0.5602
8291 -2.0478 -0.1936 -0.6520
8292 -2.0769 -0.1963 -0.7256
8293 -2.1244 -0.2008 -0.7780
8294 -2.1822 -0.2063 -0.8154
8295 -2.2536 -0.2130 -0.8134
8296 -2.3321 -0.2205 -0.7604
8297 -2.4008 -0.2269 -0.7004
8298 -2.4569 -0.2322 -0.6807
8299 -2.5106 -0.2373 -0.6928
8300 -2.5673 -0.2427 -0.7134
8301 -2.6316 -0.2488 -0.7512
8302 -2.7083 -0.2560 -0.8057
8303 -2.7868 -0.2634 -0.8312
8304 -2.8460 -0.2690 -0.7944
8305 -2.8839 -0.2726 -0.7217
8306 -2.9133 -0.2754 -0.6490
8307 -2.9340 -0.2773 -0.5764
8308 -2.9455 -0.2784 -0.5040
8309 -2.9749 -0.2812 -0.4584
8310 -3.0466 -0.2880 -0.4488
8311 -3.1380 -0.2966 -0.4431
8312 -3.2113 -0.3036 -0.4139
8313 -3.2635 -0.3085 -0.3661
8314 -3.3007 -0.3120 -0.3081
8315 -3.2987 -0.3118 -0.2363
8316 -3.2459 -0.3068 -0.1575
8317 -3.1862 -0.3012 -0.0885
8318 -3.1666 -0.2993 -0.0321
8319 -3.1787 -0.3005 0.0218
8320 -3.1992 -0.3024 0.0788
8321 -3.2753 -0.4138 0.2057
8322 -3.3299 -0.4207 0.2932
8323 -3.3548 -0.4238 0.3815
8324 -3.3058 -0.4176 0.4405
8325 -3.2226 -0.4071 0.4748
8326 -3.1518 -0.3982 0.5082
8327 -3.0806 -0.3892 0.5334
8328 -2.9990 -0.3789 0.5395
8329 -2.9433 -0.3718 0.5642
8330 -2.9296 -0.3701 0.6444
8331 -2.9173 -0.3685 0.7449
8332 -2.8753 -0.3632 0.8128
8333 -2.8172 -0.3559 0.8577
8334 -2.7549 -0.3480 0.8998
8335 -2.6803 -0.3386 0.9019
8336 -2.5986 -0.3283 0.8379
8337 -2.5282 -0.3194 0.7670
8338 -2.4686 -0.3119 0.7512
8339 -2.4084 -0.3042 0.7668
8340 -2.3459 -0.2964 0.7758
8341 -2.2762 -0.2875 0.8013
8342 -2.1894 -0.2766 0.8563
8343 -2.1018 -0.2655 0.8815
8344 -2.0432 -0.2581 0.8320
8345 -2.0092 -0.2538 0.7482
8346 -1.9761 -0.2496 0.6768
8347 -1.9511 -0.2465 0.6050
8348 -1.9451 -0.2457 0.5228
8349 -1.9205 -0.2426 0.4667
8350 -1.8410 -0.2326 0.4529
8351 -1.7413 -0.2200 0.4405
8352 -1.6739 -0.2115 0.3982
8353 -1.6294 -0.2058 0.3396
8354 -1.5875 -0.2006 0.2768
8355 -1.5855 -0.2003 0.2016
8356 -1.6490 -0.2083 0.1193
8357 -1.7193 -0.2172 0.0483
8358 -1.7351 -0.2192 -0.0118
8359 -1.7195 -0.2172 -0.0725
8360 -1.7106 -0.2161 -0.1354
8361 -1.6853 -0.2129 -0.2057
8362 -1.6307 -0.2060 -0.2932
8363 -1.6058 -0.2029 -0.3815
8364 -1.6548 -0.2091 -0.4405
8365 -1.7380 -0.2196 -0.4748
8366 -1.8088 -0.2285 -0.5082
8367 -1.8800 -0.2375 -0.5334
8368 -1.9616 -0.2478 -0.5395
8369 -2.0172 -0.2548 -0.5642
8370 -2.0310 -0.2566 -0.6444
8371 -2.0432 -0.2581 -0.7449
8372 -2.0852 -0.2634 -0.8128
8373 -2.1434 -0.2708 -0.8577
8374 -2.2056 -0.2786 -0.8998
8375 -2.2803 -0.2881 -0.9019
8376 -2.3620 -0.2984 -0.8379
8377 -2.4324 -0.3073 -0.7670
8378 -2.4920 -0.3148 -0.7512
8379 -2.5522 -0.3224 -0.7668
8380 -2.6146 -0.3303 -0.7758
8381 -2.6844 -0.3391 -0.8013
8382 -2.7712 -0.3501 -0.8563
8383 -2.8587 -0.3611 -0.8815
8384 -2.9173 -0.3685 -0.8320
8385 -2.9513 -0.3728 -0.7482
8386 -2.9844 -0.3770 -0.6768
8387 -3.0095 -0.3802 -0.6050
8388 -3.0155 -0.3809 -0.5228
8389 -3.0400 -0.3840 -0.4667
8390 -3.1196 -0.3941 -0.4529
8391 -3.2193 -0.4067 -0.4405
8392 -3.2867 -0.4152 -0.3982
8393 -3.3312 -0.4208 -0.3396
8394 -3.3730 -0.4261 -0.2768
8395 -3.3751 -0.4264 -0.2016
8396 -3.3116 -0.4184 -0.1193
8397 -3.2413 -0.4095 -0.0483
8398 -3.2255 -0.4075 0.0118
8399 -3.2411 -0.4094 0.0725
8400 -3.2500 -0.4106 0.1354
8401 -3.3203 -0.5259 0.2800
8402 -3.3496 -0.5305 0.3692
8403 -3.3503 -0.5306 0.4545
8404 -3.3124 -0.5246 0.5231
8405 -3.2402 -0.5132 0.5671
8406 -3.1497 -0.4989 0.5884
8407 -3.0610 -0.4848 0.5991
8408 -2.9894 -0.4735 0.6167
8409 -2.9400 -0.4657 0.6561
8410 -2.9065 -0.4603 0.7224
8411 -2.8755 -0.4554 0.8073
8412 -2.8339 -0.4488 0.8914
8413 -2.7748 -0.4395 0.9522
8414 -2.7001 -0.4276 0.9735
8415 -2.6183 -0.4147 0.9530
8416 -2.5394 -0.4022 0.9033
8417 -2.4692 -0.3911 0.8473
8418 -2.4064 -0.3811 0.8085
8419 -2.3439 -0.3712 0.8010
8420 -2.2739 -0.3601 0.8239
8421 -2.1927 -0.3473 0.8617
8422 -2.1045 -0.3333 0.8914
8423 -2.0203 -0.3200 0.8921
8424 -1.9526 -0.3093 0.8536
8425 -1.9091 -0.3024 0.7806
8426 -1.8880 -0.2990 0.6890
8427 -1.8775 -0.2974 0.5991
8428 -1.8602 -0.2946 0.5267
8429 -1.8212 -0.2885 0.4767
8430 -1.7557 -0.2781 0.4427
8431 -1.6718 -0.2648 0.4113
8432 -1.5888 -0.2516 0.3692
8433 -1.5288 -0.2421 0.3094
8434 -1.5077 -0.2388 0.2337
8435 -1.5280 -0.2420 0.1509
8436 -1.5771 -0.2498 0.0711
8437 -1.6324 -0.2585 0.0000
8438 -1.6707 -0.2646 -0.0636
8439 -1.6781 -0.2658 -0.1269
8440 -1.6555 -0.2622 -0.1978
8441 -1.6181 -0.2563 -0.2800
8442 -1.5888 -0.2516 -0.3692
8443 -1.5882 -0.2515 -0.4545
8444 -1.6261 -0.2575 -0.5231
8445 -1.6983 -0.2690 -0.5671
8446 -1.7887 -0.2833 -0.5884
8447 -1.8775 -0.2974 -0.5991
8448 -1.9490 -0.3087 -0.6167
8449 -1.9984 -0.3165 -0.6561
8450 -2.0320 -0.3218 -0.7224
8451 -2.0629 -0.3267 -0.8073
8452 -2.1045 -0.3333 -0.8914
8453 -2.1637 -0.3427 -0.9522
8454 -2.2384 -0.3545 -0.9735
8455 -2.3201 -0.3675 -0.9530
8456 -2.3990 -0.3800 -0.9033
8457 -2.4692 -0.3911 -0.8473
8458 -2.5321 -0.4010 -0.8085
8459 -2.5945 -0.4109 -0.8010
8460 -2.6646 -0.4220 -0.8239
8461 -2.7458 -0.4349 -0.8617
8462 -2.8339 -0.4488 -0.8914
8463 -2.9181 -0.4622 -0.8921
8464 -2.9859 -0.4729 -0.8536
8465 -3.0294 -0.4798 -0.7806
8466 -3.0504 -0.4831 -0.6890
8467 -3.0610 -0.4848 -0.5991
8468 -3.0783 -0.4876 -0.5267
8469 -3.1172 -0.4937 -0.4767
8470 -3.1828 -0.5041 -0.4427
8471 -3.2666 -0.5174 -0.4113
8472 -3.3496 -0.5305 -0.3692
8473 -3.4097 -0.5400 -0.3094
8474 -3.4307 -0.5434 -0.2337
8475 -3.4105 -0.5402 -0.1509
8476 -3.3614 -0.5324 -0.0711
8477 -3.3061 -0.5236 -0.0000
8478 -3.2677 -0.5176 0.0636
8479 -3.2603 -0.5164 0.1269
8480 -3.2830 -0.5200 0.1978
8481 -3.3340 -0.6360 0.3540
8482 -3.3391 -0.6370 0.4406
8483 -3.3171 -0.6328 0.5186
8484 -3.2897 -0.6275 0.5967
8485 -3.2281 -0.6158 0.6505
8486 -3.1207 -0.5953 0.6560
8487 -3.0175 -0.5756 0.6487
8488 -2.9556 -0.5638 0.6778
8489 -2.9118 -0.5555 0.7317
8490 -2.8620 -0.5460 0.7811
8491 -2.8160 -0.5372 0.8477
8492 -2.7744 -0.5292 0.9474
8493 -2.7139 -0.5177 1.0236
8494 -2.6310 -0.5019 1.0223
8495 -2.5465 -0.4858 0.9781
8496 -2.4703 -0.4712 0.9425
8497 -2.4000 -0.4578 0.9011
8498 -2.3384 -0.4461 0.8391
8499 -2.2782 -0.4346 0.8086
8500 -2.2004 -0.4198 0.8448
8501 -2.1080 -0.4021 0.8941
8502 -2.0230 -0.3859 0.8993
8503 -1.9463 -0.3713 0.8769
8504 -1.8696 -0.3566 0.8490
8505 -1.8168 -0.3466 0.7863
8506 -1.8113 -0.3455 0.6769
8507 -1.8185 -0.3469 0.5719
8508 -1.7899 -0.3415 0.5089
8509 -1.7370 -0.3314 0.4643
8510 -1.6884 -0.3221 0.4136
8511 -1.6231 -0.3096 0.3668
8512 -1.5251 -0.2909 0.3244
8513 -1.4503 -0.2767 0.2628
8514 -1.4515 -0.2769 0.1784
8515 -1.4950 -0.2852 0.0925
8516 -1.5299 -0.2918 0.0148
8517 -1.5706 -0.2996 -0.0567
8518 -1.6315 -0.3112 -0.1194
8519 -1.6615 -0.3169 -0.1807
8520 -1.6259 -0.3102 -0.2599
8521 -1.5774 -0.3009 -0.3540
8522 -1.5723 -0.2999 -0.4406
8523 -1.5944 -0.3041 -0.5186
8524 -1.6217 -0.3094 -0.5967
8525 -1.6834 -0.3211 -0.6505
8526 -1.7908 -0.3416 -0.6560
8527 -1.8939 -0.3613 -0.6487
8528 -1.9558 -0.3731 -0.6778
8529 -1.9996 -0.3814 -0.7317
8530 -2.0495 -0.3910 -0.7811
8531 -2.0954 -0.3997 -0.8477
8532 -2.1371 -0.4077 -0.9474
8533 -2.1976 -0.4192 -1.0236
8534 -2.2805 -0.4350 -1.0223
8535 -2.3649 -0.4511 -0.9781
8536 -2.4412 -0.4657 -0.9425
8537 -2.5114 -0.4791 -0.9011
8538 -2.5730 -0.4908 -0.8391
8539 -2.6333 -0.5023 -0.8086
8540 -2.7110 -0.5172 -0.8448
8541 -2.8035 -0.5348 -0.8941
8542 -2.8885 -0.5510 -0.8993
8543 -2.9651 -0.5656 -0.8769
8544 -3.0419 -0.5803 -0.8490
8545 -3.0947 -0.5903 -0.7863
8546 -3.1001 -0.5914 -0.6769
8547 -3.0930 -0.5900 -0.5719
8548 -3.1215 -0.5955 -0.5089
8549 -3.1744 -0.6056 -0.4643
8550 -3.2230 -0.6148 -0.4136
8551 -3.2884 -0.6273 -0.3668
8552 -3.3864 -0.6460 -0.3244
8553 -3.4612 -0.6603 -0.2628
8554 -3.4599 -0.6600 -0.1784
8555 -3.4164 -0.6517 -0.0925
8556 -3.3816 -0.6451 -0.0148
8557 -3.3409 -0.6373 0.0567
8558 -3.2800 -0.6257 0.1194
8559 -3.2500 -0.6200 0.1807
8560 -3.2856 -0.6268 0.2599
8561 -3.2874 -0.7348 0.4087
8562 -3.2934 -0.7362 0.4989
8563 -3.2724 -0.7315 0.5798
8564 -3.2344 -0.7230 0.6523
8565 -3.1645 -0.7073 0.6973
8566 -3.0625 -0.6846 0.7013
8567 -2.9647 -0.6627 0.6935
8568 -2.8969 -0.6475 0.7130
8569 -2.8464 -0.6362 0.7578
8570 -2.7970 -0.6252 0.8106
8571 -2.7493 -0.6146 0.8810
8572 -2.6991 -0.6033 0.9712
8573 -2.6327 -0.5885 1.0363
8574 -2.5515 -0.5703 1.0370
8575 -2.4703 -0.5522 0.9947
8576 -2.3962 -0.5356 0.9471
8577 -2.3296 -0.5207 0.8940
8578 -2.2710 -0.5076 0.8353
8579 -2.2107 -0.4942 0.8079
8580 -2.1330 -0.4768 0.8320
8581 -2.0409 -0.4562 0.8686
8582 -1.9529 -0.4365 0.8747
8583 -1.8740 -0.4189 0.8531
8584 -1.8032 -0.4031 0.8142
8585 -1.7592 -0.3932 0.7426
8586 -1.7554 -0.3924 0.6381
8587 -1.7630 -0.3941 0.5379
8588 -1.7440 -0.3898 0.4683
8589 -1.7002 -0.3800 0.4166
8590 -1.6487 -0.3685 0.3660
8591 -1.5800 -0.3532 0.3172
8592 -1.4919 -0.3335 0.2657
8593 -1.4284 -0.3193 0.1977
8594 -1.4278 -0.3192 0.1145
8595 -1.4691 -0.3284 0.0313
8596 -1.5155 -0.3388 -0.0447
8597 -1.5673 -0.3503 -0.1129
8598 -1.6246 -0.3631 -0.1730
8599 -1.6514 -0.3691 -0.2347
8600 -1.6279 -0.3639 -0.3144
8601 -1.5922 -0.3559 -0.4087
8602 -1.5862 -0.3546 -0.4989
8603 -1.6072 -0.3593 -0.5798
8604 -1.6452 -0.3677 -0.6523
8605 -1.7151 -0.3834 -0.6973
8606 -1.8170 -0.4062 -0.7013
8607 -1.9148 -0.4280 -0.6935
8608 -1.9827 -0.4432 -0.7130
8609 -2.0332 -0.4545 -0.7578
8610 -2.0826 -0.4655 -0.8106
8611 -2.1302 -0.4762 -0.8810
8612 -2.1805 -0.4874 -0.9712
8613 -2.2469 -0.5022 -1.0363
8614 -2.3281 -0.5204 -1.0370
8615 -2.4093 -0.5385 -0.9947
8616 -2.4834 -0.5551 -0.9471
8617 -2.5500 -0.5700 -0.8940
8618 -2.6086 -0.5831 -0.8353
8619 -2.6689 -0.5966 -0.8079
8620 -2.7466 -0.6139 -0.8320
8621 -2.8387 -0.6345 -0.8686
8622 -2.9267 -0.6542 -0.8747
8623 -3.0056 -0.6718 -0.8531
8624 -3.0764 -0.6877 -0.8142
8625 -3.1203 -0.6975 -0.7426
8626 -3.1242 -0.6983 -0.6381
8627 -3.1165 -0.6966 -0.5379
8628 -3.1356 -0.7009 -0.4683
8629 -3.1794 -0.7107 -0.4166
8630 -3.2308 -0.7222 -0.3660
8631 -3.2996 -0.7376 -0.3172
8632 -3.3876 -0.7572 -0.2657
8633 -3.4512 -0.7714 -0.1977
8634 -3.4518 -0.7716 -0.1145
8635 -3.4105 -0.7623 -0.0313
8636 -3.3641 -0.7520 0.0447
8637 -3.3123 -0.7404 0.1129
8638 -3.2550 -0.7276 0.1730
8639 -3.2282 -0.7216 0.2347
8640 -3.2517 -0.7268 0.3144
8641 -3.1935 -0.8200 0.4382
8642 -3.2149 -0.8255 0.5381
8643 -3.2084 -0.8238 0.6302
8644 -3.1496 -0.8087 0.6841
8645 -3.0635 -0.7866 0.7059
8646 -2.9794 -0.7650 0.7191
8647 -2.8975 -0.7439 0.7231
8648 -2.8180 -0.7235 0.7177
8649 -2.7574 -0.7080 0.7370
8650 -2.7168 -0.6975 0.8069
8651 -2.6736 -0.6865 0.8961
8652 -2.6140 -0.6712 0.9598
8653 -2.5434 -0.6530 0.9968
8654 -2.4678 -0.6336 1.0153
8655 -2.3913 -0.6140 0.9914
8656 -2.3235 -0.5966 0.9158
8657 -2.2670 -0.5821 0.8357
8658 -2.2103 -0.5675 0.7970
8659 -2.1465 -0.5511 0.7885
8660 -2.0776 -0.5334 0.7862
8661 -1.9970 -0.5127 0.7971
8662 -1.9002 -0.4879 0.8192
8663 -1.8111 -0.4650 0.8124
8664 -1.7589 -0.4516 0.7518
8665 -1.7377 -0.4462 0.6629
8666 -1.7250 -0.4429 0.5761
8667 -1.7210 -0.4419 0.4914
8668 -1.7263 -0.4432 0.4094
8669 -1.7076 -0.4384 0.3468
8670 -1.6399 -0.4211 0.3049
8671 -1.5536 -0.3989 0.2603
8672 -1.4918 -0.3830 0.1988
8673 -1.4560 -0.3738 0.1259
8674 -1.4380 -0.3692 0.0479
8675 -1.4612 -0.3752 -0.0312
8676 -1.5344 -0.3940 -0.1011
8677 -1.6120 -0.4139 -0.1594
8678 -1.6495 -0.4235 -0.2180
8679 -1.6578 -0.4256 -0.2839
8680 -1.6600 -0.4262 -0.3550
8681 -1.6494 -0.4235 -0.4382
8682 -1.6280 -0.4180 -0.5381
8683 -1.6345 -0.4197 -0.6302
8684 -1.6933 -0.4348 -0.6841
8685 -1.7794 -0.4569 -0.7059
8686 -1.8635 -0.4785 -0.7191
8687 -1.9455 -0.4995 -0.7231
8688 -2.0249 -0.5199 -0.7177
8689 -2.0856 -0.5355 -0.7370
8690 -2.1261 -0.5459 -0.8069
8691 -2.1693 -0.5570 -0.8961
8692 -2.2289 -0.5723 -0.9598
8693 -2.2995 -0.5904 -0.9968
8694 -2.3751 -0.6098 -1.0153
8695 -2.4516 -0.6295 -0.9914
8696 -2.5194 -0.6469 -0.9158
8697 -2.5759 -0.6614 -0.8357
8698 -2.6326 -0.6759 -0.7970
8699 -2.6964 -0.6923 -0.7885
8700 -2.7653 -0.7100 -0.7862
8701 -2.8459 -0.7307 -0.7971
8702 -2.9427 -0.7555 -0.8192
8703 -3.0319 -0.7784 -0.8124
8704 -3.0841 -0.7919 -0.7518
8705 -3.1052 -0.7973 -0.6629
8706 -3.1179 -0.8005 -0.5761
8707 -3.1219 -0.8016 -0.4914
8708 -3.1166 -0.8002 -0.4094
8709 -3.1353 -0.8050 -0.3468
8710 -3.2030 -0.8224 -0.3049
8711 -3.2894 -0.8446 -0.2603
8712 -3.3511 -0.8604 -0.1988
8713 -3.3869 -0.8696 -0.1259
8714 -3.4049 -0.8742 -0.0479
8715 -3.3817 -0.8683 0.0312
8716 -3.3085 -0.8495 0.1011
8717 -3.2309 -0.8296 0.1594
8718 -3.1934 -0.8199 0.2180
8719 -3.1851 -0.8178 0.2839
8720 -3.1829 -0.8172 0.3550
8721 -3.0892 -0.8975 0.4550
8722 -3.1125 -0.9043 0.5565
8723 -3.1083 -0.9030 0.6496
8724 -3.0444 -0.8845 0.6917
8725 -2.9564 -0.8589 0.6995
8726 -2.8801 -0.8367 0.7102
8727 -2.8057 -0.8151 0.7130
8728 -2.7273 -0.7924 0.6942
8729 -2.6673 -0.7749 0.7010
8730 -2.6293 -0.7639 0.7735
8731 -2.5866 -0.7515 0.8658
8732 -2.5261 -0.7339 0.9176
8733 -2.4577 -0.7140 0.9423
8734 -2.3862 -0.6933 0.9631
8735 -2.3153 -0.6726 0.9417
8736 -2.2574 -0.6558 0.8552
8737 -2.2120 -0.6426 0.7655
8738 -2.1603 -0.6276 0.7313
8739 -2.0987 -0.6097 0.7269
8740 -2.0371 -0.5918 0.7152
8741 -1.9638 -0.5705 0.7169
8742 -1.8663 -0.5422 0.7412
8743 -1.7770 -0.5163 0.7368
8744 -1.7365 -0.5045 0.6703
8745 -1.7290 -0.5023 0.5787
8746 -1.7187 -0.4993 0.4992
8747 -1.7161 -0.4986 0.4217
8748 -1.7341 -0.5038 0.3401
8749 -1.7275 -0.5019 0.2776
8750 -1.6579 -0.4817 0.2380
8751 -1.5694 -0.4559 0.1935
8752 -1.5195 -0.4415 0.1306
8753 -1.4958 -0.4346 0.0593
8754 -1.4759 -0.4288 -0.0151
8755 -1.4964 -0.4348 -0.0890
8756 -1.5795 -0.4589 -0.1493
8757 -1.6657 -0.4839 -0.1965
8758 -1.6985 -0.4934 -0.2504
8759 -1.7027 -0.4947 -0.3145
8760 -1.7139 -0.4979 -0.3787
8761 -1.7123 -0.4975 -0.4550
8762 -1.6890 -0.4907 -0.5565
8763 -1.6932 -0.4919 -0.6496
8764 -1.7570 -0.5105 -0.6917
8765 -1.8450 -0.5360 -0.6995
8766 -1.9214 -0.5582 -0.7102
8767 -1.9958 -0.5798 -0.7130
8768 -2.0742 -0.6026 -0.6942
8769 -2.1342 -0.6200 -0.7010
8770 -2.1722 -0.6311 -0.7735
8771 -2.2149 -0.6435 -0.8658
8772 -2.2753 -0.6610 -0.9176
8773 -2.3438 -0.6809 -0.9423
8774 -2.4153 -0.7017 -0.9631
8775 -2.4862 -0.7223 -0.9417
8776 -2.5441 -0.7391 -0.8552
8777 -2.5895 -0.7523 -0.7655
8778 -2.6412 -0.7673 -0.7313
8779 -2.7028 -0.7852 -0.7269
8780 -2.7644 -0.8031 -0.7152
8781 -2.8376 -0.8244 -0.7169
8782 -2.9352 -0.8527 -0.7412
8783 -3.0245 -0.8787 -0.7368
8784 -3.0650 -0.8905 -0.6703
8785 -3.0725 -0.8926 -0.5787
8786 -3.0828 -0.8956 -0.4992
8787 -3.0854 -0.8964 -0.4217
8788 -3.0673 -0.8911 -0.3401
8789 -3.0739 -0.8931 -0.2776
8790 -3.1436 -0.9133 -0.2380
8791 -3.2321 -0.9390 -0.1935
8792 -3.2819 -0.9535 -0.1306
8793 -3.3056 -0.9604 -0.0593
8794 -3.3256 -0.9662 0.0151
8795 -3.3050 -0.9602 0.0890
8796 -3.2220 -0.9361 0.1493
8797 -3.1358 -0.9110 0.1965
8798 -3.1030 -0.9015 0.2504
8799 -3.0987 -0.9003 0.3145
8800 -3.0876 -0.8970 0.3787
8801 -2.9932 -0.9725 0.4702
8802 -2.9987 -0.9743 0.5577
8803 -2.9796 -0.9681 0.6329
8804 -2.9305 -0.9522 0.6806
8805 -2.8577 -0.9285 0.6948
8806 -2.7752 -0.9017 0.6821
8807 -2.6977 -0.8765 0.6604
8808 -2.6342 -0.8559 0.6512
8809 -2.5848 -0.8399 0.6704
8810 -2.5422 -0.8260 0.7207
8811 -2.4967 -0.8112 0.7902
8812 -2.4417 -0.7934 0.8561
8813 -2.3776 -0.7725 0.8951
8814 -2.3108 -0.7508 0.8923
8815 -2.2499 -0.7310 0.8482
8816 -2.2000 -0.7148 0.7779
8817 -2.1598 -0.7018 0.7049
8818 -2.1211 -0.6892 0.6512
8819 -2.0733 -0.6737 0.6281
8820 -2.0093 -0.6529 0.6320
8821 -1.9304 -0.6272 0.6472
8822 -1.8472 -0.6002 0.6530
8823 -1.7757 -0.5770 0.6329
8824 -1.7303 -0.5622 0.5813
8825 -1.7169 -0.5578 0.5048
8826 -1.7289 -0.5618 0.4180
8827 -1.7495 -0.5685 0.3365
8828 -1.7583 -0.5713 0.2698
8829 -1.7401 -0.5654 0.2178
8830 -1.6922 -0.5498 0.1730
8831 -1.6262 -0.5284 0.1251
8832 -1.5634 -0.5080 0.0674
8833 -1.5263 -0.4959 0.0000
8834 -1.5290 -0.4968 -0.0702
8835 -1.5709 -0.5104 -0.1343
8836 -1.6378 -0.5322 -0.1868
8837 -1.7072 -0.5547 -0.2291
8838 -1.7583 -0.5713 -0.2698
8839 -1.7803 -0.5785 -0.3200
8840 -1.7766 -0.5772 -0.3873
8841 -1.7621 -0.5725 -0.4702
8842 -1.7566 -0.5707 -0.5577
8843 -1.7757 -0.5770 -0.6329
8844 -1.8248 -0.5929 -0.6806
8845 -1.8976 -0.6166 -0.6948
8846 -1.9801 -0.6434 -0.6821
8847 -2.0576 -0.6686 -0.6604
8848 -2.1211 -0.6892 -0.6512
8849 -2.1705 -0.7052 -0.6704
8850 -2.2131 -0.7191 -0.7207
8851 -2.2586 -0.7339 -0.7902
8852 -2.3136 -0.7517 -0.8561
8853 -2.3776 -0.7725 -0.8951
8854 -2.4444 -0.7942 -0.8923
8855 -2.5054 -0.8141 -0.8482
8856 -2.5553 -0.8303 -0.7779
8857 -2.5955 -0.8433 -0.7049
8858 -2.6342 -0.8559 -0.6512
8859 -2.6820 -0.8714 -0.6281
8860 -2.7460 -0.8922 -0.6320
8861 -2.8249 -0.9179 -0.6472
8862 -2.9081 -0.9449 -0.6530
8863 -2.9796 -0.9681 -0.6329
8864 -3.0250 -0.9829 -0.5813
8865 -3.0384 -0.9872 -0.5048
8866 -3.0264 -0.9833 -0.4180
8867 -3.0058 -0.9766 -0.3365
8868 -2.9970 -0.9738 -0.2698
8869 -3.0152 -0.9797 -0.2178
8870 -3.0631 -0.9953 -0.1730
8871 -3.1291 -1.0167 -0.1251
8872 -3.1919 -1.0371 -0.0674
8873 -3.2289 -1.0491 -0.0000
8874 -3.2263 -1.0483 0.0702
8875 -3.1843 -1.0347 0.1343
8876 -3.1175 -1.0129 0.1868
8877 -3.0481 -0.9904 0.2291
8878 -2.9970 -0.9738 0.2698
8879 -2.9750 -0.9666 0.3200
8880 -2.9787 -0.9678 0.3873
8881 -2.8966 -1.0428 0.4787
8882 -2.8864 -1.0392 0.5502
8883 -2.8549 -1.0278 0.6061
8884 -2.8194 -1.0150 0.6613
8885 -2.7604 -0.9938 0.6837
8886 -2.6744 -0.9629 0.6468
8887 -2.5966 -0.9348 0.6003
8888 -2.5463 -0.9167 0.6025
8889 -2.5057 -0.9021 0.6352
8890 -2.4611 -0.8860 0.6631
8891 -2.4153 -0.8696 0.7097
8892 -2.3639 -0.8511 0.7906
8893 -2.3022 -0.8289 0.8444
8894 -2.2426 -0.8074 0.8188
8895 -2.1938 -0.7898 0.7531
8896 -2.1497 -0.7739 0.6995
8897 -2.1125 -0.7605 0.6435
8898 -2.0886 -0.7519 0.5719
8899 -2.0563 -0.7403 0.5317
8900 -1.9880 -0.7157 0.5507
8901 -1.9018 -0.6847 0.5786
8902 -1.8345 -0.6605 0.5678
8903 -1.7820 -0.6415 0.5343
8904 -1.7300 -0.6228 0.4966
8905 -1.7090 -0.6153 0.4339
8906 -1.7436 -0.6277 0.3425
8907 -1.7874 -0.6435 0.2598
8908 -1.7854 -0.6428 0.2063
8909 -1.7545 -0.6317 0.1631
8910 -1.7283 -0.6222 0.1157
8911 -1.6844 -0.6064 0.0671
8912 -1.6084 -0.5790 0.0124
8913 -1.5578 -0.5608 -0.0531
8914 -1.5818 -0.5695 -0.1165
8915 -1.6436 -0.5917 -0.1683
8916 -1.6940 -0.6099 -0.2152
8917 -1.7467 -0.6289 -0.2548
8918 -1.8141 -0.6531 -0.2802
8919 -1.8519 -0.6667 -0.3145
8920 -1.8340 -0.6603 -0.3870
8921 -1.8078 -0.6509 -0.4787
8922 -1.8180 -0.6545 -0.5502
8923 -1.8495 -0.6658 -0.6061
8924 -1.8850 -0.6786 -0.6613
8925 -1.9440 -0.6999 -0.6837
8926 -2.0300 -0.7308 -0.6468
8927 -2.1078 -0.7588 -0.6003
8928 -2.1581 -0.7770 -0.6025
8929 -2.1987 -0.7916 -0.6352
8930 -2.2433 -0.8076 -0.6631
8931 -2.2891 -0.8241 -0.7097
8932 -2.3405 -0.8426 -0.7906
8933 -2.4022 -0.8648 -0.8444
8934 -2.4618 -0.8863 -0.8188
8935 -2.5106 -0.9039 -0.7531
8936 -2.5547 -0.9197 -0.6995
8937 -2.5919 -0.9332 -0.6435
8938 -2.6158 -0.9417 -0.5719
8939 -2.6481 -0.9534 -0.5317
8940 -2.7164 -0.9780 -0.5507
8941 -2.8026 -1.0090 -0.5786
8942 -2.8699 -1.0332 -0.5678
8943 -2.9225 -1.0521 -0.5343
8944 -2.9744 -1.0709 -0.4966
8945 -2.9954 -1.0784 -0.4339
8946 -2.9608 -1.0660 -0.3425
8947 -2.9170 -1.0502 -0.2598
8948 -2.9190 -1.0509 -0.2063
8949 -2.9499 -1.0620 -0.1631
8950 -2.9761 -1.0715 -0.1157
8951 -3.0200 -1.0873 -0.0671
8952 -3.0960 -1.1146 -0.0124
8953 -3.1466 -1.1329 0.0531
8954 -3.1226 -1.1242 0.1165
8955 -3.0608 -1.1019 0.1683
8956 -3.0104 -1.0838 0.2152
8957 -2.9577 -1.0648 0.2548
8958 -2.8903 -1.0406 0.2802
8959 -2.8525 -1.0270 0.3145
8960 -2.8704 -1.0334 0.3870
8961 -2.7924 -1.1056 0.4726
8962 -2.7859 -1.1030 0.5454
8963 -2.7587 -1.0922 0.6021
8964 -2.7194 -1.0767 0.6467
8965 -2.6600 -1.0532 0.6565
8966 -2.5841 -1.0231 0.6185
8967 -2.5160 -0.9961 0.5722
8968 -2.4676 -0.9770 0.5629
8969 -2.4282 -0.9614 0.5848
8970 -2.3877 -0.9454 0.6161
8971 -2.3439 -0.9280 0.6666
8972 -2.2921 -0.9075 0.7366
8973 -2.2329 -0.8841 0.7793
8974 -2.1786 -0.8625 0.7577
8975 -2.1362 -0.8458 0.6969
8976 -2.1014 -0.8320 0.6348
8977 -2.0744 -0.8213 0.5715
8978 -2.0556 -0.8139 0.5069
8979 -2.0256 -0.8020 0.4729
8980 -1.9641 -0.7776 0.4838
8981 -1.8850 -0.7463 0.5033
8982 -1.8173 -0.7195 0.4963
8983 -1.7646 -0.6987 0.4670
8984 -1.7231 -0.6822 0.4248
8985 -1.7140 -0.6786 0.3609
8986 -1.7494 -0.6926 0.2793
8987 -1.7925 -0.7097 0.2060
8988 -1.8011 -0.7131 0.1540
8989 -1.7808 -0.7050 0.1115
8990 -1.7516 -0.6935 0.0680
8991 -1.7047 -0.6749 0.0209
8992 -1.6396 -0.6491 -0.0347
8993 -1.5999 -0.6334 -0.0985
8994 -1.6200 -0.6414 -0.1569
8995 -1.6765 -0.6638 -0.2025
8996 -1.7342 -0.6866 -0.2399
8997 -1.7931 -0.7099 -0.2689
8998 -1.8532 -0.7337 -0.2891
8999 -1.8847 -0.7462 -0.3214
9000 -1.8746 -0.7422 -0.3876
9001 -1.8565 -0.7350 -0.4726
9002 -1.8630 -0.7376 -0.5454
9003 -1.8902 -0.7484 -0.6021
9004 -1.9295 -0.7639 -0.6467
9005 -1.9889 -0.7874 -0.6565
9006 -2.0648 -0.8175 -0.6185
9007 -2.1329 -0.8445 -0.5722
9008 -2.1813 -0.8636 -0.5629
9009 -2.2207 -0.8792 -0.5848
9010 -2.2612 -0.8953 -0.6161
9011 -2.3050 -0.9126 -0.6666
9012 -2.3567 -0.9331 -0.7366
9013 -2.4160 -0.9566 -0.7793
9014 -2.4703 -0.9781 -0.7577
9015 -2.5127 -0.9948 -0.6969
9016 -2.5475 -1.0086 -0.6348
9017 -2.5745 -1.0193 -0.5715
9018 -2.5933 -1.0267 -0.5069
9019 -2.6233 -1.0386 -0.4729
9020 -2.6848 -1.0630 -0.4838
9021 -2.7639 -1.0943 -0.5033
9022 -2.8316 -1.1211 -0.4963
9023 -2.8843 -1.1420 -0.4670
9024 -2.9257 -1.1584 -0.4248
9025 -2.9349 -1.1620 -0.3609
9026 -2.8995 -1.1480 -0.2793
9027 -2.8564 -1.1309 -0.2060
9028 -2.8478 -1.1275 -0.1540
9029 -2.8681 -1.1356 -0.1115
9030 -2.8973 -1.1471 -0.0680
9031 -2.9442 -1.1657 -0.0209
9032 -3.0093 -1.1915 0.0347
9033 -3.0490 -1.2072 0.0985
9034 -3.0289 -1.1992 0.1569
9035 -2.9724 -1.1768 0.2025
9036 -2.9147 -1.1540 0.2399
9037 -2.8558 -1.1307 0.2689
9038 -2.7957 -1.1069 0.2891
9039 -2.7641 -1.0944 0.3214
9040 -2.7742 -1.0984 0.3876
9041 -2.6965 -1.1669 0.4666
9042 -2.7022 -1.1693 0.5546
9043 -2.6858 -1.1622 0.6275
9044 -2.6340 -1.1398 0.6488
9045 -2.5675 -1.1110 0.6324
9046 -2.5058 -1.0844 0.6098
9047 -2.4492 -1.0599 0.5808
9048 -2.3980 -1.0377 0.5452
9049 -2.3571 -1.0200 0.5407
9050 -2.3200 -1.0040 0.5924
9051 -2.2753 -0.9846 0.6633
9052 -2.2228 -0.9619 0.7063
9053 -2.1680 -0.9382 0.7222
9054 -2.1135 -0.9146 0.7205
9055 -2.0698 -0.8957 0.6797
9056 -2.0482 -0.8863 0.5941
9057 -2.0374 -0.8816 0.5094
9058 -2.0139 -0.8715 0.4653
9059 -1.9746 -0.8545 0.4492
9060 -1.9281 -0.8344 0.4387
9061 -1.8662 -0.8076 0.4382
9062 -1.7854 -0.7726 0.4443
9063 -1.7185 -0.7437 0.4265
9064 -1.6989 -0.7352 0.3701
9065 -1.7140 -0.7417 0.2976
9066 -1.7348 -0.7507 0.2304
9067 -1.7613 -0.7622 0.1687
9068 -1.7941 -0.7764 0.1129
9069 -1.7982 -0.7781 0.0683
9070 -1.7507 -0.7576 0.0279
9071 -1.6857 -0.7295 -0.0208
9072 -1.6461 -0.7124 -0.0780
9073 -1.6316 -0.7061 -0.1378
9074 -1.6332 -0.7067 -0.1971
9075 -1.6706 -0.7229 -0.2447
9076 -1.7492 -0.7569 -0.2682
9077 -1.8269 -0.7906 -0.2800
9078 -1.8673 -0.8081 -0.3057
9079 -1.8821 -0.8145 -0.3484
9080 -1.8918 -0.8187 -0.3991
9081 -1.8923 -0.8189 -0.4666
9082 -1.8866 -0.8164 -0.5546
9083 -1.9030 -0.8235 -0.6275
9084 -1.9547 -0.8459 -0.6488
9085 -2.0213 -0.8747 -0.6324
9086 -2.0829 -0.9014 -0.6098
9087 -2.1395 -0.9259 -0.5808
9088 -2.1908 -0.9480 -0.5452
9089 -2.2317 -0.9657 -0.5407
9090 -2.2687 -0.9818 -0.5924
9091 -2.3135 -1.0011 -0.6633
9092 -2.3660 -1.0238 -0.7063
9093 -2.4208 -1.0476 -0.7222
9094 -2.4753 -1.0711 -0.7205
9095 -2.5190 -1.0901 -0.6797
9096 -2.5406 -1.0994 -0.5941
9097 -2.5514 -1.1041 -0.5094
9098 -2.5749 -1.1143 -0.4653
9099 -2.6142 -1.1313 -0.4492
9100 -2.6607 -1.1514 -0.4387
9101 -2.7226 -1.1782 -0.4382
9102 -2.8034 -1.2131 -0.4443
9103 -2.8703 -1.2421 -0.4265
9104 -2.8898 -1.2505 -0.3701
9105 -2.8747 -1.2440 -0.2976
9106 -2.8540 -1.2350 -0.2304
9107 -2.8274 -1.2235 -0.1687
9108 -2.7947 -1.2094 -0.1129
9109 -2.7906 -1.2076 -0.0683
9110 -2.8381 -1.2281 -0.0279
9111 -2.9031 -1.2563 0.0208
9112 -2.9426 -1.2734 0.0780
9113 -2.9572 -1.2797 0.1378
9114 -2.9556 -1.2790 0.1971
9115 -2.9182 -1.2628 0.2447
9116 -2.8396 -1.2288 0.2682
9117 -2.7619 -1.1952 0.2800
9118 -2.7214 -1.1777 0.3057
9119 -2.7066 -1.1713 0.3484
9120 -2.6970 -1.1671 0.3991
9121 -2.6302 -1.2377 0.4918
9122 -2.6347 -1.2398 0.5859
9123 -2.6174 -1.2317 0.6640
9124 -2.5616 -1.2054 0.6757
9125 -2.4943 -1.1737 0.6481
9126 -2.4370 -1.1467 0.6283
9127 -2.3840 -1.1218 0.6027
9128 -2.3337 -1.0982 0.5566
9129 -2.2929 -1.0790 0.5421
9130 -2.2536 -1.0604 0.5985
9131 -2.2045 -1.0373 0.6734
9132 -2.1507 -1.0120 0.7055
9133 -2.0970 -0.9868 0.7104
9134 -2.0415 -0.9607 0.7119
9135 -1.9979 -0.9401 0.6747
9136 -1.9838 -0.9335 0.5809
9137 -1.9811 -0.9322 0.4893
9138 -1.9566 -0.9207 0.4496
9139 -1.9143 -0.9008 0.4360
9140 -1.8731 -0.8814 0.4165
9141 -1.8170 -0.8550 0.4069
9142 -1.7319 -0.8150 0.4118
9143 -1.6612 -0.7817 0.3927
9144 -1.6507 -0.7767 0.3310
9145 -1.6756 -0.7885 0.2566
9146 -1.6936 -0.7969 0.1933
9147 -1.7167 -0.8078 0.1347
9148 -1.7584 -0.8274 0.0792
9149 -1.7715 -0.8336 0.0341
9150 -1.7205 -0.8096 -0.0094
9151 -1.6528 -0.7777 -0.0637
9152 -1.6238 -0.7641 -0.1231
9153 -1.6193 -0.7620 -0.1824
9154 -1.6179 -0.7613 -0.2437
9155 -1.6516 -0.7772 -0.2920
9156 -1.7364 -0.8171 -0.3076
9157 -1.8193 -0.8561 -0.3105
9158 -1.8552 -0.8730 -0.3376
9159 -1.8676 -0.8788 -0.3844
9160 -1.8852 -0.8871 -0.4298
9161 -1.8939 -0.8912 -0.4918
9162 -1.8895 -0.8891 -0.5859
9163 -1.9067 -0.8972 -0.6640
9164 -1.9625 -0.9235 -0.6757
9165 -2.0299 -0.9552 -0.6481
9166 -2.0872 -0.9822 -0.6283
9167 -2.1402 -1.0071 -0.6027
9168 -2.1904 -1.0307 -0.5566
9169 -2.2312 -1.0499 -0.5421
9170 -2.2706 -1.0685 -0.5985
9171 -2.3197 -1.0915 -0.6734
9172 -2.3735 -1.1169 -0.7055
9173 -2.4271 -1.1421 -0.7104
9174 -2.4826 -1.1682 -0.7119
9175 -2.5262 -1.1888 -0.6747
9176 -2.5404 -1.1954 -0.5809
9177 -2.5430 -1.1967 -0.4893
9178 -2.5675 -1.2082 -0.4496
9179 -2.6099 -1.2281 -0.4360
9180 -2.6510 -1.2475 -0.4165
9181 -2.7071 -1.2739 -0.4069
9182 -2.7922 -1.3139 -0.4118
9183 -2.8629 -1.3472 -0.3927
9184 -2.8735 -1.3522 -0.3310
9185 -2.8485 -1.3404 -0.2566
9186 -2.8306 -1.3320 -0.1933
9187 -2.8074 -1.3211 -0.1347
9188 -2.7657 -1.3014 -0.0792
9189 -2.7526 -1.2953 -0.0341
9190 -2.8036 -1.3193 0.0094
9191 -2.8713 -1.3512 0.0637
9192 -2.9004 -1.3648 0.1231
9193 -2.9048 -1.3669 0.1824
9194 -2.9062 -1.3676 0.2437
9195 -2.8725 -1.3517 0.2920
9196 -2.7877 -1.3118 0.3076
9197 -2.7048 -1.2728 0.3105
9198 -2.6689 -1.2559 0.3376
9199 -2.6566 -1.2501 0.3844
9200 -2.6390 -1.2418 0.4298
9201 -2.5909 -1.3202 0.5614
9202 -2.5779 -1.3135 0.6418
9203 -2.5467 -1.2976 0.7030
9204 -2.4966 -1.2721 0.7290
9205 -2.4348 -1.2406 0.7159
9206 -2.3719 -1.2085 0.6748
9207 -2.3160 -1.1801 0.6273
9208 -2.2694 -1.1563 0.5970
9209 -2.2275 -1.1350 0.5988
9210 -2.1831 -1.1124 0.6332
9211 -2.1308 -1.0857 0.6854
9212 -2.0710 -1.0552 0.7319
9213 -2.0103 -1.0243 0.7504
9214 -1.9585 -0.9979 0.7290
9215 -1.9230 -0.9798 0.6707
9216 -1.9045 -0.9704 0.5917
9217 -1.8949 -0.9655 0.5139
9218 -1.8810 -0.9584 0.4554
9219 -1.8502 -0.9427 0.4234
9220 -1.7972 -0.9157 0.4125
9221 -1.7273 -0.8801 0.4079
9222 -1.6557 -0.8436 0.3933
9223 -1.6011 -0.8158 0.3582
9224 -1.5780 -0.8040 0.3020
9225 -1.5897 -0.8100 0.2326
9226 -1.6263 -0.8286 0.1620
9227 -1.6686 -0.8502 0.0994
9228 -1.6956 -0.8640 0.0470
9229 -1.6940 -0.8631 0.0000
9230 -1.6633 -0.8475 -0.0498
9231 -1.6168 -0.8238 -0.1086
9232 -1.5754 -0.8027 -0.1757
9233 -1.5589 -0.7943 -0.2438
9234 -1.5780 -0.8040 -0.3020
9235 -1.6299 -0.8305 -0.3417
9236 -1.7003 -0.8664 -0.3626
9237 -1.7697 -0.9017 -0.3733
9238 -1.8218 -0.9283 -0.3889
9239 -1.8502 -0.9427 -0.4234
9240 -1.8600 -0.9477 -0.4830
9241 -1.8641 -0.9498 -0.5614
9242 -1.8771 -0.9564 -0.6418
9243 -1.9083 -0.9723 -0.7030
9244 -1.9585 -0.9979 -0.7290
9245 -2.0203 -1.0294 -0.7159
9246 -2.0832 -1.0614 -0.6748
9247 -2.1390 -1.0899 -0.6273
9248 -2.1857 -1.1136 -0.5970
9249 -2.2275 -1.1350 -0.5988
9250 -2.2719 -1.1576 -0.6332
9251 -2.3242 -1.1843 -0.6854
9252 -2.3841 -1.2148 -0.7319
9253 -2.4448 -1.2457 -0.7504
9254 -2.4966 -1.2721 -0.7290
9255 -2.5320 -1.2901 -0.6707
9256 -2.5506 -1.2996 -0.5917
9257 -2.5602 -1.3045 -0.5139
9258 -2.5740 -1.3115 -0.4554
9259 -2.6048 -1.3272 -0.4234
9260 -2.6579 -1.3542 -0.4125
9261 -2.7277 -1.3898 -0.4079
9262 -2.7994 -1.4263 -0.3933
9263 -2.8539 -1.4541 -0.3582
9264 -2.8770 -1.4659 -0.3020
9265 -2.8654 -1.4600 -0.2326
9266 -2.8287 -1.4413 -0.1620
9267 -2.7865 -1.4198 -0.0994
9268 -2.7594 -1.4060 -0.0470
9269 -2.7611 -1.4068 -0.0000
9270 -2.7917 -1.4224 0.0498
9271 -2.8382 -1.4461 0.1086
9272 -2.8797 -1.4673 0.1757
9273 -2.8961 -1.4757 0.2438
9274 -2.8770 -1.4659 0.3020
9275 -2.8251 -1.4395 0.3417
9276 -2.7547 -1.4036 0.3626
9277 -2.6854 -1.3683 0.3733
9278 -2.6332 -1.3417 0.3889
9279 -2.6048 -1.3272 0.4234
9280 -2.5951 -1.3222 0.4830
9281 -2.5536 -1.4038 0.6524
9282 -2.5239 -1.3875 0.7180
9283 -2.4795 -1.3631 0.7615
9284 -2.4317 -1.3368 0.8030
9285 -2.3720 -1.3040 0.8053
9286 -2.3043 -1.2668 0.7424
9287 -2.2465 -1.2350 0.6728
9288 -2.1998 -1.2094 0.6585
9289 -2.1535 -1.1839 0.6762
9290 -2.1050 -1.1572 0.6879
9291 -2.0503 -1.1272 0.7169
9292 -1.9814 -1.0893 0.7765
9293 -1.9108 -1.0505 0.8068
9294 -1.8636 -1.0245 0.7622
9295 -1.8368 -1.0098 0.6829
9296 -1.8110 -0.9956 0.6166
9297 -1.7920 -0.9852 0.5501
9298 -1.7892 -0.9836 0.4729
9299 -1.7704 -0.9733 0.4229
9300 -1.7038 -0.9367 0.4172
9301 -1.6191 -0.8901 0.4140
9302 -1.5616 -0.8585 0.3802
9303 -1.5235 -0.8375 0.3295
9304 -1.4871 -0.8175 0.2749
9305 -1.4851 -0.8164 0.2068
9306 -1.5402 -0.8467 0.1296
9307 -1.6011 -0.8802 0.0636
9308 -1.6138 -0.8872 0.0103
9309 -1.5982 -0.8786 -0.0425
9310 -1.5879 -0.8730 -0.0979
9311 -1.5625 -0.8590 -0.1603
9312 -1.5103 -0.8303 -0.2389
9313 -1.4837 -0.8157 -0.3194
9314 -1.5228 -0.8372 -0.3734
9315 -1.5923 -0.8754 -0.4039
9316 -1.6504 -0.9073 -0.4334
9317 -1.7087 -0.9394 -0.4551
9318 -1.7763 -0.9766 -0.4583
9319 -1.8202 -1.0006 -0.4797
9320 -1.8252 -1.0034 -0.5557
9321 -1.8280 -1.0049 -0.6524
9322 -1.8576 -1.0212 -0.7180
9323 -1.9020 -1.0456 -0.7615
9324 -1.9498 -1.0719 -0.8030
9325 -2.0096 -1.1048 -0.8053
9326 -2.0772 -1.1420 -0.7424
9327 -2.1350 -1.1737 -0.6728
9328 -2.1817 -1.1994 -0.6585
9329 -2.2280 -1.2249 -0.6762
9330 -2.2766 -1.2516 -0.6879
9331 -2.3312 -1.2816 -0.7169
9332 -2.4001 -1.3195 -0.7765
9333 -2.4707 -1.3583 -0.8068
9334 -2.5180 -1.3843 -0.7622
9335 -2.5447 -1.3990 -0.6829
9336 -2.5705 -1.4132 -0.6166
9337 -2.5895 -1.4236 -0.5501
9338 -2.5924 -1.4252 -0.4729
9339 -2.6111 -1.4355 -0.4229
9340 -2.6777 -1.4721 -0.4172
9341 -2.7625 -1.5187 -0.4140
9342 -2.8199 -1.5503 -0.3802
9343 -2.8581 -1.5712 -0.3295
9344 -2.8944 -1.5912 -0.2749
9345 -2.8965 -1.5924 -0.2068
9346 -2.8414 -1.5621 -0.1296
9347 -2.7804 -1.5285 -0.0636
9348 -2.7678 -1.5216 -0.0103
9349 -2.7833 -1.5302 0.0425
9350 -2.7936 -1.5358 0.0979
9351 -2.8190 -1.5498 0.1603
9352 -2.8712 -1.5785 0.2389
9353 -2.8978 -1.5931 0.3194
9354 -2.8587 -1.5716 0.3734
9355 -2.7892 -1.5334 0.4039
9356 -2.7311 -1.5014 0.4334
9357 -2.6728 -1.4694 0.4551
9358 -2.6052 -1.4322 0.4583
9359 -2.5614 -1.4081 0.4797
9360 -2.5564 -1.4054 0.5557
9361 -2.4982 -1.4774 0.7319
9362 -2.4644 -1.4574 0.8041
9363 -2.4163 -1.4290 0.8532
9364 -2.3605 -1.3960 0.8860
9365 -2.2960 -1.3579 0.8782
9366 -2.2296 -1.3186 0.8185
9367 -2.1722 -1.2846 0.7526
9368 -2.1223 -1.2551 0.7276
9369 -2.0720 -1.2254 0.7343
9370 -2.0184 -1.1937 0.7488
9371 -1.9569 -1.1573 0.7795
9372 -1.8834 -1.1139 0.8253
9373 -1.8109 -1.0710 0.8418
9374 -1.7601 -1.0409 0.7979
9375 -1.7307 -1.0235 0.7200
9376 -1.7087 -1.0105 0.6427
9377 -1.6944 -1.0020 0.5660
9378 -1.6882 -0.9984 0.4902
9379 -1.6645 -0.9844 0.4392
9380 -1.6017 -0.9473 0.4198
9381 -1.5219 -0.9000 0.4024
9382 -1.4597 -0.8633 0.3631
9383 -1.4175 -0.8383 0.3072
9384 -1.3892 -0.8216 0.2424
9385 -1.3960 -0.8256 0.1675
9386 -1.4473 -0.8560 0.0904
9387 -1.5041 -0.8895 0.0237
9388 -1.5256 -0.9022 -0.0343
9389 -1.5198 -0.8988 -0.0928
9390 -1.5073 -0.8914 -0.1551
9391 -1.4809 -0.8758 -0.2265
9392 -1.4415 -0.8525 -0.3119
9393 -1.4273 -0.8441 -0.3961
9394 -1.4651 -0.8664 -0.4551
9395 -1.5322 -0.9061 -0.4893
9396 -1.5987 -0.9455 -0.5149
9397 -1.6647 -0.9845 -0.5315
9398 -1.7299 -1.0231 -0.5387
9399 -1.7738 -1.0490 -0.5662
9400 -1.7905 -1.0589 -0.6391
9401 -1.8055 -1.0678 -0.7319
9402 -1.8394 -1.0878 -0.8041
9403 -1.8875 -1.1162 -0.8532
9404 -1.9432 -1.1492 -0.8860
9405 -2.0077 -1.1873 -0.8782
9406 -2.0741 -1.2266 -0.8185
9407 -2.1315 -1.2606 -0.7526
9408 -2.1814 -1.2901 -0.7276
9409 -2.2317 -1.3198 -0.7343
9410 -2.2853 -1.3515 -0.7488
9411 -2.3468 -1.3879 -0.7795
9412 -2.4203 -1.4313 -0.8253
9413 -2.4928 -1.4742 -0.8418
9414 -2.5436 -1.5043 -0.7979
9415 -2.5730 -1.5217 -0.7200
9416 -2.5950 -1.5347 -0.6427
9417 -2.6093 -1.5432 -0.5660
9418 -2.6156 -1.5468 -0.4902
9419 -2.6392 -1.5608 -0.4392
9420 -2.7020 -1.5979 -0.4198
9421 -2.7818 -1.6452 -0.4024
9422 -2.8440 -1.6819 -0.3631
9423 -2.8862 -1.7069 -0.3072
9424 -2.9145 -1.7236 -0.2424
9425 -2.9077 -1.7196 -0.1675
9426 -2.8564 -1.6892 -0.0904
9427 -2.7996 -1.6557 -0.0237
9428 -2.7781 -1.6430 0.0343
9429 -2.7839 -1.6464 0.0928
9430 -2.7964 -1.6538 0.1551
9431 -2.8228 -1.6694 0.2265
9432 -2.8622 -1.6927 0.3119
9433 -2.8764 -1.7011 0.3961
9434 -2.8386 -1.6788 0.4551
9435 -2.7716 -1.6391 0.4893
9436 -2.7050 -1.5997 0.5149
9437 -2.6390 -1.5607 0.5315
9438 -2.5738 -1.5221 0.5387
9439 -2.5299 -1.4962 0.5662
9440 -2.5132 -1.4863 0.6391
9441 -2.4259 -1.5395 0.7930
9442 -2.3934 -1.5189 0.8858
9443 -2.3452 -1.4883 0.9555
9444 -2.2792 -1.4464 0.9628
9445 -2.2098 -1.4024 0.9278
9446 -2.1461 -1.3620 0.8872
9447 -2.0885 -1.3254 0.8407
9448 -2.0373 -1.2929 0.7883
9449 -1.9872 -1.2611 0.7675
9450 -1.9260 -1.2223 0.8000
9451 -1.8534 -1.1762 0.8467
9452 -1.7818 -1.1308 0.8630
9453 -1.7156 -1.0888 0.8513
9454 -1.6550 -1.0503 0.8218
9455 -1.6147 -1.0247 0.7575
9456 -1.6061 -1.0193 0.6569
9457 -1.6076 -1.0202 0.5597
9458 -1.5882 -1.0079 0.4959
9459 -1.5488 -0.9829 0.4524
9460 -1.5025 -0.9535 0.4109
9461 -1.4413 -0.9147 0.3732
9462 -1.3629 -0.8649 0.3347
9463 -1.3040 -0.8276 0.2776
9464 -1.2979 -0.8236 0.1994
9465 -1.3274 -0.8424 0.1172
9466 -1.3617 -0.8642 0.0418
9467 -1.4010 -0.8891 -0.0264
9468 -1.4453 -0.9172 -0.0870
9469 -1.4628 -0.9283 -0.1464
9470 -1.4354 -0.9109 -0.2189
9471 -1.3959 -0.8859 -0.3048
9472 -1.3821 -0.8771 -0.3897
9473 -1.3920 -0.8834 -0.4680
9474 -1.4169 -0.8992 -0.5398
9475 -1.4712 -0.9337 -0.5876
9476 -1.5562 -0.9876 -0.5977
9477 -1.6382 -1.0397 -0.5960
9478 -1.6922 -1.0739 -0.6189
9479 -1.7289 -1.0972 -0.6656
9480 -1.7639 -1.1194 -0.7204
9481 -1.7958 -1.1396 -0.7930
9482 -1.8282 -1.1602 -0.8858
9483 -1.8764 -1.1908 -0.9555
9484 -1.9425 -1.2327 -0.9628
9485 -2.0119 -1.2768 -0.9278
9486 -2.0755 -1.3171 -0.8872
9487 -2.1331 -1.3537 -0.8407
9488 -2.1843 -1.3862 -0.7883
9489 -2.2344 -1.4180 -0.7675
9490 -2.2956 -1.4568 -0.8000
9491 -2.3682 -1.5029 -0.8467
9492 -2.4398 -1.5484 -0.8630
9493 -2.5060 -1.5904 -0.8513
9494 -2.5666 -1.6288 -0.8218
9495 -2.6069 -1.6544 -0.7575
9496 -2.6155 -1.6599 -0.6569
9497 -2.6141 -1.6589 -0.5597
9498 -2.6334 -1.6712 -0.4959
9499 -2.6728 -1.6962 -0.4524
9500 -2.7191 -1.7256 -0.4109
9501 -2.7804 -1.7645 -0.3732
9502 -2.8587 -1.8142 -0.3347
9503 -2.9176 -1.8516 -0.2776
9504 -2.9238 -1.8555 -0.1994
9505 -2.8942 -1.8367 -0.1172
9506 -2.8599 -1.8149 -0.0418
9507 -2.8207 -1.7901 0.0264
9508 -2.7764 -1.7619 0.0870
9509 -2.7588 -1.7508 0.1464
9510 -2.7863 -1.7682 0.2189
9511 -2.8257 -1.7933 0.3048
9512 -2.8395 -1.8020 0.3897
9513 -2.8296 -1.7957 0.4680
9514 -2.8047 -1.7799 0.5398
9515 -2.7504 -1.7455 0.5876
9516 -2.6655 -1.6916 0.5977
9517 -2.5834 -1.6395 0.5960
9518 -2.5295 -1.6053 0.6189
9519 -2.4928 -1.5820 0.6656
9520 -2.4578 -1.5598 0.7204
9521 -2.3462 -1.5945 0.8504
9522 -2.3091 -1.5692 0.9486
9523 -2.2567 -1.5337 1.0225
9524 -2.1876 -1.4867 1.0185
9525 -2.1183 -1.4396 0.9715
9526 -2.0556 -1.3970 0.9335
9527 -1.9981 -1.3579 0.8899
9528 -1.9485 -1.3242 0.8261
9529 -1.8991 -1.2907 0.7938
9530 -1.8333 -1.2459 0.8277
9531 -1.7548 -1.1925 0.8743
9532 -1.6836 -1.1442 0.8771
9533 -1.6202 -1.1011 0.8525
9534 -1.5568 -1.0580 0.8227
9535 -1.5145 -1.0292 0.7587
9536 -1.5132 -1.0283 0.6497
9537 -1.5223 -1.0345 0.5455
9538 -1.5003 -1.0196 0.4822
9539 -1.4572 -0.9903 0.4365
9540 -1.4179 -0.9636 0.3849
9541 -1.3644 -0.9272 0.3367
9542 -1.2832 -0.8720 0.2918
9543 -1.2220 -0.8305 0.2286
9544 -1.2253 -0.8327 0.1450
9545 -1.2642 -0.8592 0.0611
9546 -1.2956 -0.8805 -0.0147
9547 -1.3317 -0.9050 -0.0841
9548 -1.3845 -0.9409 -0.1442
9549 -1.4112 -0.9590 -0.2038
9550 -1.3831 -0.9400 -0.2834
9551 -1.3446 -0.9138 -0.3784
9552 -1.3423 -0.9122 -0.4644
9553 -1.3626 -0.9260 -0.5410
9554 -1.3873 -0.9428 -0.6177
9555 -1.4402 -0.9788 -0.6689
9556 -1.5303 -1.0400 -0.6705
9557 -1.6165 -1.0986 -0.6594
9558 -1.6689 -1.1342 -0.6861
9559 -1.7067 -1.1598 -0.7381
9560 -1.7494 -1.1889 -0.7857
9561 -1.7892 -1.2160 -0.8504
9562 -1.8263 -1.2412 -0.9486
9563 -1.8787 -1.2767 -1.0225
9564 -1.9478 -1.3237 -1.0185
9565 -2.0171 -1.3709 -0.9715
9566 -2.0798 -1.4135 -0.9335
9567 -2.1373 -1.4525 -0.8899
9568 -2.1869 -1.4862 -0.8261
9569 -2.2363 -1.5198 -0.7938
9570 -2.3021 -1.5645 -0.8277
9571 -2.3806 -1.6179 -0.8743
9572 -2.4518 -1.6662 -0.8771
9573 -2.5152 -1.7093 -0.8525
9574 -2.5786 -1.7524 -0.8227
9575 -2.6209 -1.7812 -0.7587
9576 -2.6222 -1.7821 -0.6497
9577 -2.6131 -1.7759 -0.5455
9578 -2.6351 -1.7908 -0.4822
9579 -2.6782 -1.8201 -0.4365
9580 -2.7175 -1.8468 -0.3849
9581 -2.7711 -1.8832 -0.3367
9582 -2.8522 -1.9384 -0.2918
9583 -2.9134 -1.9800 -0.2286
9584 -2.9101 -1.9777 -0.1450
9585 -2.8712 -1.9513 -0.0611
9586 -2.8398 -1.9299 0.0147
9587 -2.8037 -1.9054 0.0841
9588 -2.7509 -1.8695 0.1442
9589 -2.7242 -1.8514 0.2038
9590 -2.7523 -1.8704 0.2834
9591 -2.7908 -1.8966 0.3784
9592 -2.7931 -1.8982 0.4644
9593 -2.7728 -1.8844 0.5410
9594 -2.7481 -1.8676 0.6177
9595 -2.6952 -1.8317 0.6689
9596 -2.6051 -1.7704 0.6705
9597 -2.5189 -1.7118 0.6594
9598 -2.4665 -1.6762 0.6861
9599 -2.4288 -1.6506 0.7381
9600 -2.3860 -1.6215 0.7857
9601 -2.2600 -1.6420 0.9035
9602 -2.2131 -1.6079 0.9809
9603 -2.1548 -1.5656 1.0322
9604 -2.0889 -1.5177 1.0419
9605 -2.0225 -1.4695 1.0088
9606 -1.9622 -1.4257 0.9471
9607 -1.9098 -1.3875 0.8802
9608 -1.8611 -1.3522 0.8313
9609 -1.8088 -1.3142 0.8131
9610 -1.7466 -1.2690 0.8234
9611 -1.6736 -1.2160 0.8465
9612 -1.5961 -1.1597 0.8601
9613 -1.5256 -1.1084 0.8455
9614 -1.4734 -1.0705 0.7947
9615 -1.4455 -1.0502 0.7133
9616 -1.4381 -1.0449 0.6170
9617 -1.4392 -1.0457 0.5238
9618 -1.4328 -1.0410 0.4467
9619 -1.4063 -1.0217 0.3881
9620 -1.3564 -0.9855 0.3411
9621 -1.2916 -0.9384 0.2936
9622 -1.2290 -0.8929 0.2355
9623 -1.1874 -0.8627 0.1635
9624 -1.1796 -0.8571 0.0820
9625 -1.2064 -0.8765 0.0000
9626 -1.2563 -0.9128 -0.0745
9627 -1.3104 -0.9521 -0.1394
9628 -1.3500 -0.9809 -0.1996
9629 -1.3648 -0.9916 -0.2642
9630 -1.3564 -0.9855 -0.3411
9631 -1.3377 -0.9719 -0.4313
9632 -1.3267 -0.9639 -0.5271
9633 -1.3385 -0.9725 -0.6143
9634 -1.3796 -1.0023 -0.6787
9635 -1.4455 -1.0502 -0.7133
9636 -1.5234 -1.1068 -0.7224
9637 -1.5987 -1.1616 -0.7210
9638 -1.6612 -1.2069 -0.7289
9639 -1.7086 -1.2413 -0.7617
9640 -1.7466 -1.2690 -0.8234
9641 -1.7850 -1.2969 -0.9035
9642 -1.8320 -1.3310 -0.9809
9643 -1.8903 -1.3734 -1.0322
9644 -1.9562 -1.4213 -1.0419
9645 -2.0225 -1.4695 -1.0088
9646 -2.0828 -1.5133 -0.9471
9647 -2.1353 -1.5514 -0.8802
9648 -2.1840 -1.5868 -0.8313
9649 -2.2363 -1.6247 -0.8131
9650 -2.2985 -1.6699 -0.8234
9651 -2.3715 -1.7230 -0.8465
9652 -2.4490 -1.7793 -0.8601
9653 -2.5195 -1.8305 -0.8455
9654 -2.5717 -1.8684 -0.7947
9655 -2.5996 -1.8887 -0.7133
9656 -2.6070 -1.8941 -0.6170
9657 -2.6059 -1.8933 -0.5238
9658 -2.6122 -1.8979 -0.4467
9659 -2.6388 -1.9172 -0.3881
9660 -2.6887 -1.9534 -0.3411
9661 -2.7535 -2.0005 -0.2936
9662 -2.8161 -2.0460 -0.2355
9663 -2.8576 -2.0762 -0.1635
9664 -2.8654 -2.0819 -0.0820
9665 -2.8387 -2.0624 -0.0000
9666 -2.7887 -2.0261 0.0745
9667 -2.7347 -1.9869 0.1394
9668 -2.6951 -1.9581 0.1996
9669 -2.6803 -1.9474 0.2642
9670 -2.6887 -1.9534 0.3411
9671 -2.7073 -1.9670 0.4313
9672 -2.7184 -1.9750 0.5271
9673 -2.7066 -1.9664 0.6143
9674 -2.6655 -1.9366 0.6787
9675 -2.5996 -1.8887 0.7133
9676 -2.5217 -1.8321 0.7224
9677 -2.4463 -1.7774 0.7210
9678 -2.3839 -1.7320 0.7289
9679 -2.3365 -1.6976 0.7617
9680 -2.2985 -1.6699 0.8234
9681 -2.1626 -1.6775 0.9227
9682 -2.1102 -1.6368 0.9777
9683 -2.0505 -1.5905 1.0053
9684 -1.9882 -1.5422 1.0286
9685 -1.9252 -1.4933 1.0095
9686 -1.8714 -1.4516 0.9243
9687 -1.8279 -1.4178 0.8352
9688 -1.7806 -1.3811 0.8015
9689 -1.7259 -1.3388 0.7973
9690 -1.6713 -1.2964 0.7857
9691 -1.6075 -1.2469 0.7873
9692 -1.5245 -1.1825 0.8120
9693 -1.4477 -1.1229 0.8073
9694 -1.4097 -1.0935 0.7388
9695 -1.3984 -1.0847 0.6437
9696 -1.3854 -1.0747 0.5606
9697 -1.3790 -1.0697 0.4790
9698 -1.3898 -1.0781 0.3924
9699 -1.3811 -1.0713 0.3255
9700 -1.3214 -1.0250 0.2834
9701 -1.2463 -0.9667 0.2369
9702 -1.2029 -0.9331 0.1706
9703 -1.1811 -0.9161 0.0950
9704 -1.1626 -0.9018 0.0162
9705 -1.1778 -0.9136 -0.0635
9706 -1.2450 -0.9657 -0.1316
9707 -1.3154 -1.0203 -0.1867
9708 -1.3421 -1.0410 -0.2466
9709 -1.3454 -1.0436 -0.3157
9710 -1.3546 -1.0507 -0.3849
9711 -1.3533 -1.0498 -0.4656
9712 -1.3338 -1.0346 -0.5707
9713 -1.3375 -1.0375 -0.6679
9714 -1.3916 -1.0795 -0.7159
9715 -1.4667 -1.1377 -0.7302
9716 -1.5324 -1.1887 -0.7466
9717 -1.5969 -1.2387 -0.7547
9718 -1.6653 -1.2918 -0.7411
9719 -1.7182 -1.3328 -0.7521
9720 -1.7515 -1.3586 -0.8277
9721 -1.7882 -1.3871 -0.9227
9722 -1.8406 -1.4277 -0.9777
9723 -1.9003 -1.4740 -1.0053
9724 -1.9626 -1.5224 -1.0286
9725 -2.0256 -1.5712 -1.0095
9726 -2.0793 -1.6129 -0.9243
9727 -2.1229 -1.6467 -0.8352
9728 -2.1702 -1.6834 -0.8015
9729 -2.2248 -1.7258 -0.7973
9730 -2.2795 -1.7682 -0.7857
9731 -2.3433 -1.8176 -0.7873
9732 -2.4263 -1.8820 -0.8120
9733 -2.5031 -1.9416 -0.8073
9734 -2.5411 -1.9711 -0.7388
9735 -2.5523 -1.9798 -0.6437
9736 -2.5653 -1.9899 -0.5606
9737 -2.5717 -1.9949 -0.4790
9738 -2.5610 -1.9865 -0.3924
9739 -2.5697 -1.9932 -0.3255
9740 -2.6294 -2.0396 -0.2834
9741 -2.7045 -2.0978 -0.2369
9742 -2.7479 -2.1315 -0.1706
9743 -2.7697 -2.1484 -0.0950
9744 -2.7882 -2.1627 -0.0162
9745 -2.7730 -2.1510 0.0635
9746 -2.7058 -2.0988 0.1316
9747 -2.6354 -2.0442 0.1867
9748 -2.6087 -2.0235 0.2466
9749 -2.6054 -2.0210 0.3157
9750 -2.5962 -2.0138 0.3849
9751 -2.5974 -2.0148 0.4656
9752 -2.6170 -2.0299 0.5707
9753 -2.6133 -2.0271 0.6679
9754 -2.5591 -1.9851 0.7159
9755 -2.4840 -1.9268 0.7302
9756 -2.4183 -1.8759 0.7466
9757 -2.3538 -1.8258 0.7547
9758 -2.2854 -1.7728 0.7411
9759 -2.2326 -1.7318 0.7521
9760 -2.1993 -1.7060 0.8277
9761 -2.0562 -1.7010 0.8840
9762 -2.0063 -1.6598 0.9412
9763 -1.9498 -1.6130 0.9710
9764 -1.8906 -1.5640 0.9822
9765 -1.8337 -1.5170 0.9511
9766 -1.7875 -1.4788 0.8697
9767 -1.7505 -1.4482 0.7852
9768 -1.7103 -1.4149 0.7419
9769 -1.6622 -1.3751 0.7282
9770 -1.6097 -1.3316 0.7204
9771 -1.5467 -1.2796 0.7249
9772 -1.4701 -1.2162 0.7390
9773 -1.4015 -1.1594 0.7253
9774 -1.3659 -1.1300 0.6618
9775 -1.3569 -1.1225 0.5732
9776 -1.3543 -1.1204 0.4876
9777 -1.3583 -1.1237 0.4052
9778 -1.3694 -1.1328 0.3264
9779 -1.3599 -1.1250 0.2647
9780 -1.3099 -1.0836 0.2189
9781 -1.2452 -1.0301 0.1686
9782 -1.2011 -0.9936 0.1039
9783 -1.1781 -0.9746 0.0305
9784 -1.1695 -0.9675 -0.0463
9785 -1.1934 -0.9873 -0.1202
9786 -1.2562 -1.0392 -0.1801
9787 -1.3213 -1.0931 -0.2281
9788 -1.3547 -1.1207 -0.2803
9789 -1.3652 -1.1294 -0.3427
9790 -1.3712 -1.1343 -0.4109
9791 -1.3678 -1.1315 -0.4926
9792 -1.3569 -1.1225 -0.5921
9793 -1.3674 -1.1312 -0.6811
9794 -1.4164 -1.1717 -0.7273
9795 -1.4846 -1.2282 -0.7389
9796 -1.5506 -1.2827 -0.7423
9797 -1.6141 -1.3353 -0.7371
9798 -1.6748 -1.3855 -0.7228
9799 -1.7224 -1.4249 -0.7351
9800 -1.7577 -1.4541 -0.8000
9801 -1.7964 -1.4861 -0.8840
9802 -1.8462 -1.5273 -0.9412
9803 -1.9028 -1.5741 -0.9710
9804 -1.9620 -1.6231 -0.9822
9805 -2.0189 -1.6702 -0.9511
9806 -2.0651 -1.7084 -0.8697
9807 -2.1020 -1.7390 -0.7852
9808 -2.1423 -1.7722 -0.7419
9809 -2.1903 -1.8120 -0.7282
9810 -2.2429 -1.8555 -0.7204
9811 -2.3059 -1.9076 -0.7249
9812 -2.3825 -1.9710 -0.7390
9813 -2.4511 -2.0277 -0.7253
9814 -2.4866 -2.0571 -0.6618
9815 -2.4957 -2.0646 -0.5732
9816 -2.4983 -2.0667 -0.4876
9817 -2.4942 -2.0634 -0.4052
9818 -2.4832 -2.0543 -0.3264
9819 -2.4927 -2.0621 -0.2647
9820 -2.5427 -2.1035 -0.2189
9821 -2.6074 -2.1570 -0.1686
9822 -2.6515 -2.1935 -0.1039
9823 -2.6745 -2.2125 -0.0305
9824 -2.6831 -2.2196 0.0463
9825 -2.6592 -2.1998 0.1202
9826 -2.5964 -2.1479 0.1801
9827 -2.5313 -2.0940 0.2281
9828 -2.4979 -2.0664 0.2803
9829 -2.4874 -2.0577 0.3427
9830 -2.4814 -2.0528 0.4109
9831 -2.4848 -2.0556 0.4926
9832 -2.4957 -2.0646 0.5921
9833 -2.4852 -2.0559 0.6811
9834 -2.4362 -2.0154 0.7273
9835 -2.3679 -1.9589 0.7389
9836 -2.3020 -1.9044 0.7423
9837 -2.2385 -1.8519 0.7371
9838 -2.1777 -1.8016 0.7228
9839 -2.1302 -1.7623 0.7351
9840 -2.0949 -1.7331 0.8000
9841 -1.9516 -1.7206 0.8053
9842 -1.9065 -1.6808 0.8813
9843 -1.8534 -1.6340 0.9299
9844 -1.7997 -1.5866 0.9130
9845 -1.7529 -1.5454 0.8551
9846 -1.7123 -1.5096 0.7943
9847 -1.6780 -1.4793 0.7305
9848 -1.6504 -1.4551 0.6638
9849 -1.6163 -1.4250 0.6280
9850 -1.5604 -1.3756 0.6391
9851 -1.4913 -1.3147 0.6600
9852 -1.4299 -1.2606 0.6525
9853 -1.3794 -1.2161 0.6208
9854 -1.3375 -1.1792 0.5743
9855 -1.3206 -1.1643 0.5025
9856 -1.3387 -1.1803 0.4080
9857 -1.3642 -1.2027 0.3206
9858 -1.3642 -1.2027 0.2575
9859 -1.3422 -1.1833 0.2065
9860 -1.3136 -1.1581 0.1551
9861 -1.2712 -1.1207 0.1017
9862 -1.2142 -1.0705 0.0416
9863 -1.1778 -1.0383 -0.0292
9864 -1.1904 -1.0495 -0.1008
9865 -1.2339 -1.0878 -0.1631
9866 -1.2795 -1.1280 -0.2173
9867 -1.3273 -1.1702 -0.2630
9868 -1.3773 -1.2143 -0.2997
9869 -1.4042 -1.2380 -0.3452
9870 -1.3959 -1.2306 -0.4198
9871 -1.3802 -1.2168 -0.5119
9872 -1.3858 -1.2218 -0.5938
9873 -1.4096 -1.2428 -0.6610
9874 -1.4445 -1.2735 -0.7169
9875 -1.4983 -1.3210 -0.7394
9876 -1.5692 -1.3835 -0.7153
9877 -1.6348 -1.4413 -0.6813
9878 -1.6822 -1.4830 -0.6813
9879 -1.7204 -1.5167 -0.7107
9880 -1.7590 -1.5507 -0.7488
9881 -1.7990 -1.5860 -0.8053
9882 -1.8441 -1.6258 -0.8813
9883 -1.8972 -1.6726 -0.9299
9884 -1.9509 -1.7199 -0.9130
9885 -1.9976 -1.7611 -0.8551
9886 -2.0383 -1.7970 -0.7943
9887 -2.0726 -1.8272 -0.7305
9888 -2.1001 -1.8515 -0.6638
9889 -2.1342 -1.8816 -0.6280
9890 -2.1902 -1.9309 -0.6391
9891 -2.2593 -1.9918 -0.6600
9892 -2.3207 -2.0459 -0.6525
9893 -2.3711 -2.0904 -0.6208
9894 -2.4130 -2.1274 -0.5743
9895 -2.4299 -2.1423 -0.5025
9896 -2.4118 -2.1263 -0.4080
9897 -2.3863 -2.1038 -0.3206
9898 -2.3864 -2.1039 -0.2575
9899 -2.4084 -2.1233 -0.2065
9900 -2.4370 -2.1485 -0.1551
9901 -2.4793 -2.1858 -0.1017
9902 -2.5363 -2.2361 -0.0416
9903 -2.5728 -2.2682 0.0292
9904 -2.5601 -2.2571 0.1008
9905 -2.5167 -2.2187 0.1631
9906 -2.4711 -2.1785 0.2173
9907 -2.4233 -2.1364 0.2630
9908 -2.3732 -2.0923 0.2997
9909 -2.3463 -2.0686 0.3452
9910 -2.3547 -2.0759 0.4198
9911 -2.3703 -2.0897 0.5119
9912 -2.3648 -2.0848 0.5938
9913 -2.3409 -2.0638 0.6610
9914 -2.3061 -2.0331 0.7169
9915 -2.2522 -1.9856 0.7394
9916 -2.1813 -1.9231 0.7153
9917 -2.1158 -1.8653 0.6813
9918 -2.0684 -1.8235 0.6813
9919 -2.0302 -1.7898 0.7107
9920 -1.9916 -1.7558 0.7488
9921 -1.8560 -1.7429 0.7332
9922 -1.8131 -1.7026 0.8123
9923 -1.7629 -1.6555 0.8639
9924 -1.7160 -1.6115 0.8361
9925 -1.6786 -1.5763 0.7685
9926 -1.6445 -1.5443 0.7130
9927 -1.6157 -1.5173 0.6552
9928 -1.5978 -1.5004 0.5820
9929 -1.5726 -1.4768 0.5400
9930 -1.5183 -1.4258 0.5557
9931 -1.4499 -1.3616 0.5796
9932 -1.3971 -1.3120 0.5654
9933 -1.3564 -1.2737 0.5289
9934 -1.3162 -1.2360 0.4880
9935 -1.3007 -1.2215 0.4232
9936 -1.3291 -1.2481 0.3316
9937 -1.3643 -1.2812 0.2488
9938 -1.3636 -1.2805 0.1936
9939 -1.3404 -1.2587 0.1478
9940 -1.3209 -1.2404 0.0979
9941 -1.2880 -1.2095 0.0461
9942 -1.2303 -1.1553 -0.0128
9943 -1.1926 -1.1200 -0.0817
9944 -1.2129 -1.1390 -0.1459
9945 -1.2622 -1.1853 -0.1973
9946 -1.3027 -1.2233 -0.2441
9947 -1.3448 -1.2629 -0.2835
9948 -1.3982 -1.3130 -0.3082
9949 -1.4288 -1.3417 -0.3427
9950 -1.4174 -1.3310 -0.4172
9951 -1.3999 -1.3146 -0.5110
9952 -1.4103 -1.3243 -0.5834
9953 -1.4369 -1.3493 -0.6393
9954 -1.4667 -1.3773 -0.6944
9955 -1.5139 -1.4216 -0.7157
9956 -1.5807 -1.4844 -0.6768
9957 -1.6411 -1.5411 -0.6284
9958 -1.6813 -1.5788 -0.6294
9959 -1.7147 -1.6102 -0.6612
9960 -1.7510 -1.6443 -0.6879
9961 -1.7888 -1.6798 -0.7332
9962 -1.8317 -1.7201 -0.8123
9963 -1.8820 -1.7673 -0.8639
9964 -1.9288 -1.8113 -0.8361
9965 -1.9663 -1.8464 -0.7685
9966 -2.0004 -1.8785 -0.7130
9967 -2.0291 -1.9055 -0.6552
9968 -2.0471 -1.9223 -0.5820
9969 -2.0722 -1.9459 -0.5400
9970 -2.1266 -1.9970 -0.5557
9971 -2.1949 -2.0612 -0.5796
9972 -2.2477 -2.1107 -0.5654
9973 -2.2885 -2.1490 -0.5289
9974 -2.3286 -2.1867 -0.4880
9975 -2.3441 -2.2013 -0.4232
9976 -2.3158 -2.1747 -0.3316
9977 -2.2805 -2.1415 -0.2488
9978 -2.2813 -2.1422 -0.1936
9979 -2.3044 -2.1640 -0.1478
9980 -2.3239 -2.1823 -0.0979
9981 -2.3569 -2.2133 -0.0461
9982 -2.4146 -2.2674 0.0128
9983 -2.4522 -2.3028 0.0817
9984 -2.4319 -2.2837 0.1459
9985 -2.3826 -2.2374 0.1973
9986 -2.3422 -2.1995 0.2441
9987 -2.3000 -2.1599 0.2835
9988 -2.2467 -2.1098 0.3082
9989 -2.2160 -2.0810 0.3427
9990 -2.2275 -2.0918 0.4172
9991 -2.2449 -2.1081 0.5110
9992 -2.2346 -2.0984 0.5834
9993 -2.2080 -2.0734 0.6393
9994 -2.1782 -2.0455 0.6944
9995 -2.1310 -2.0011 0.7157
9996 -2.0641 -1.9383 0.6768
9997 -2.0038 -1.8817 0.6284
9998 -1.9636 -1.8439 0.6294
9999 -1.9302 -1.8125 0.6612
10000 -1.8938 -1.7784 0.6879
10001 -1.7678 -1.7678 0.6939
10002 -1.7260 -1.7260 0.7504
10003 -1.6805 -1.6805 0.7793
10004 -1.6375 -1.6375 0.7672
10005 -1.6033 -1.6033 0.7159
10006 -1.5800 -1.5800 0.6411
10007 -1.5639 -1.5639 0.5659
10008 -1.5465 -1.5465 0.5106
10009 -1.5189 -1.5189 0.4845
10010 -1.4761 -1.4761 0.4830
10011 -1.4208 -1.4208 0.4907
10012 -1.3630 -1.3630 0.4888
10013 -1.3164 -1.3164 0.4638
10014 -1.2920 -1.2920 0.4123
10015 -1.2935 -1.2935 0.3417
10016 -1.3144 -1.3144 0.2656
10017 -1.3406 -1.3406 0.1963
10018 -1.3560 -1.3560 0.1398
10019 -1.3495 -1.3495 0.0937
10020 -1.3200 -1.3200 0.0498
10021 -1.2771 -1.2771 0.0000
10022 -1.2372 -1.2372 -0.0591
10023 -1.2167 -1.2167 -0.1234
10024 -1.2252 -1.2252 -0.1842
10025 -1.2616 -1.2616 -0.2326
10026 -1.3144 -1.3144 -0.2656
10027 -1.3676 -1.3676 -0.2884
10028 -1.4067 -1.4067 -0.3129
10029 -1.4252 -1.4252 -0.3520
10030 -1.4263 -1.4263 -0.4125
10031 -1.4208 -1.4208 -0.4907
10032 -1.4221 -1.4221 -0.5724
10033 -1.4398 -1.4398 -0.6383
10034 -1.4762 -1.4762 -0.6728
10035 -1.5261 -1.5261 -0.6707
10036 -1.5800 -1.5800 -0.6411
10037 -1.6290 -1.6290 -0.6041
10038 -1.6689 -1.6689 -0.5823
10039 -1.7015 -1.7015 -0.5915
10040 -1.7325 -1.7325 -0.6332
10041 -1.7678 -1.7678 -0.6939
10042 -1.8095 -1.8095 -0.7504
10043 -1.8550 -1.8550 -0.7793
10044 -1.8980 -1.8980 -0.7672
10045 -1.9322 -1.9322 -0.7159
10046 -1.9555 -1.9555 -0.6411
10047 -1.9717 -1.9717 -0.5659
10048 -1.9890 -1.9890 -0.5106
10049 -2.0167 -2.0167 -0.4845
10050 -2.0594 -2.0594 -0.4830
10051 -2.1147 -2.1147 -0.4907
10052 -2.1725 -2.1725 -0.4888
10053 -2.2191 -2.2191 -0.4638
10054 -2.2435 -2.2435 -0.4123
10055 -2.2420 -2.2420 -0.3417
10056 -2.2211 -2.2211 -0.2656
10057 -2.1949 -2.1949 -0.1963
10058 -2.1795 -2.1795 -0.1398
10059 -2.1860 -2.1860 -0.0937
10060 -2.2155 -2.2155 -0.0498
10061 -2.2585 -2.2585 -0.0000
10062 -2.2984 -2.2984 0.0591
10063 -2.3188 -2.3188 0.1234
10064 -2.3103 -2.3103 0.1842
10065 -2.2740 -2.2740 0.2326
10066 -2.2211 -2.2211 0.2656
10067 -2.1679 -2.1679 0.2884
10068 -2.1288 -2.1288 0.3129
10069 -2.1103 -2.1103 0.3520
10070 -2.1093 -2.1093 0.4125
10071 -2.1147 -2.1147 0.4907
10072 -2.1134 -2.1134 0.5724
10073 -2.0957 -2.0957 0.6383
10074 -2.0593 -2.0593 0.6728
10075 -2.0094 -2.0094 0.6707
10076 -1.9555 -1.9555 0.6411
10077 -1.9066 -1.9066 0.6041
10078 -1.8666 -1.8666 0.5823
10079 -1.8340 -1.8340 0.5915
10080 -1.8030 -1.8030 0.6332
10081 -1.6823 -1.7915 0.6750
10082 -1.6423 -1.7489 0.7090
10083 -1.6018 -1.7058 0.7158
10084 -1.5599 -1.6611 0.7192
10085 -1.5261 -1.6251 0.6835
10086 -1.5134 -1.6116 0.5903
10087 -1.5094 -1.6074 0.4988
10088 -1.4901 -1.5868 0.4600
10089 -1.4577 -1.5523 0.4479
10090 -1.4262 -1.5188 0.4298
10091 -1.3836 -1.4734 0.4221
10092 -1.3193 -1.4050 0.4300
10093 -1.2655 -1.3476 0.4134
10094 -1.2562 -1.3377 0.3521
10095 -1.2734 -1.3561 0.2769
10096 -1.2856 -1.3691 0.2129
10097 -1.3019 -1.3864 0.1536
10098 -1.3322 -1.4187 0.0967
10099 -1.3412 -1.4282 0.0511
10100 -1.3017 -1.3861 0.0094
10101 -1.2493 -1.3303 -0.0425
10102 -1.2260 -1.3056 -0.1009
10103 -1.2214 -1.3007 -0.1600
10104 -1.2191 -1.2982 -0.2212
10105 -1.2435 -1.3242 -0.2706
10106 -1.3073 -1.3921 -0.2892
10107 -1.3699 -1.4588 -0.2950
10108 -1.3965 -1.4871 -0.3233
10109 -1.4048 -1.4959 -0.3705
10110 -1.4171 -1.5091 -0.4165
10111 -1.4224 -1.5147 -0.4788
10112 -1.4170 -1.5090 -0.5727
10113 -1.4284 -1.5211 -0.6514
10114 -1.4703 -1.5658 -0.6650
10115 -1.5218 -1.6206 -0.6398
10116 -1.5656 -1.6672 -0.6219
10117 -1.6062 -1.7105 -0.5982
10118 -1.6452 -1.7520 -0.5539
10119 -1.6764 -1.7852 -0.5408
10120 -1.7049 -1.8156 -0.5985
10121 -1.7404 -1.8534 -0.6750
10122 -1.7804 -1.8960 -0.7090
10123 -1.8209 -1.9391 -0.7158
10124 -1.8628 -1.9837 -0.7192
10125 -1.8966 -2.0197 -0.6835
10126 -1.9093 -2.0332 -0.5903
10127 -1.9133 -2.0375 -0.4988
10128 -1.9327 -2.0581 -0.4600
10129 -1.9650 -2.0925 -0.4479
10130 -1.9965 -2.1261 -0.4298
10131 -2.0391 -2.1715 -0.4221
10132 -2.1034 -2.2399 -0.4300
10133 -2.1573 -2.2973 -0.4134
10134 -2.1666 -2.3072 -0.3521
10135 -2.1493 -2.2888 -0.2769
10136 -2.1371 -2.2758 -0.2129
10137 -2.1209 -2.2585 -0.1536
10138 -2.0905 -2.2262 -0.0967
10139 -2.0816 -2.2167 -0.0511
10140 -2.1211 -2.2587 -0.0094
10141 -2.1735 -2.3145 0.0425
10142 -2.1967 -2.3392 0.1009
10143 -2.2013 -2.3442 0.1600
10144 -2.2037 -2.3467 0.2212
10145 -2.1793 -2.3207 0.2706
10146 -2.1155 -2.2527 0.2892
10147 -2.0528 -2.1861 0.2950
10148 -2.0263 -2.1577 0.3233
10149 -2.0180 -2.1489 0.3705
10150 -2.0056 -2.1358 0.4165
10151 -2.0003 -2.1301 0.4788
10152 -2.0057 -2.1359 0.5727
10153 -1.9943 -2.1238 0.6514
10154 -1.9524 -2.0791 0.6650
10155 -1.9009 -2.0242 0.6398
10156 -1.8571 -1.9776 0.6219
10157 -1.8165 -1.9344 0.5982
10158 -1.7775 -1.8929 0.5539
10159 -1.7464 -1.8597 0.5408
10160 -1.7178 -1.8293 0.5985
10161 -1.5983 -1.8129 0.6584
10162 -1.5580 -1.7672 0.6959
10163 -1.5176 -1.7214 0.7060
10164 -1.4787 -1.6772 0.6987
10165 -1.4499 -1.6446 0.6536
10166 -1.4397 -1.6330 0.5662
10167 -1.4372 -1.6302 0.4808
10168 -1.4231 -1.6142 0.4345
10169 -1.3959 -1.5834 0.4144
10170 -1.3632 -1.5462 0.3991
10171 -1.3188 -1.4959 0.3923
10172 -1.2605 -1.4298 0.3901
10173 -1.2136 -1.3766 0.3655
10174 -1.2031 -1.3646 0.3074
10175 -1.2184 -1.3820 0.2367
10176 -1.2375 -1.4037 0.1720
10177 -1.2604 -1.4296 0.1133
10178 -1.2873 -1.4602 0.0611
10179 -1.2931 -1.4667 0.0171
10180 -1.2615 -1.4309 -0.0279
10181 -1.2179 -1.3814 -0.0832
10182 -1.1931 -1.3533 -0.1441
10183 -1.1864 -1.3457 -0.2051
10184 -1.1912 -1.3512 -0.2640
10185 -1.2210 -1.3850 -0.3076
10186 -1.2788 -1.4506 -0.3230
10187 -1.3353 -1.5146 -0.3267
10188 -1.3659 -1.5494 -0.3481
10189 -1.3792 -1.5644 -0.3892
10190 -1.3893 -1.5759 -0.4387
10191 -1.3938 -1.5810 -0.5058
10192 -1.3953 -1.5826 -0.5939
10193 -1.4116 -1.6011 -0.6649
10194 -1.4500 -1.6447 -0.6808
10195 -1.4967 -1.6977 -0.6576
10196 -1.5395 -1.7463 -0.6287
10197 -1.5783 -1.7903 -0.5941
10198 -1.6129 -1.8295 -0.5534
10199 -1.6420 -1.8624 -0.5447
10200 -1.6718 -1.8962 -0.5924
10201 -1.7083 -1.9377 -0.6584
10202 -1.7486 -1.9834 -0.6959
10203 -1.7889 -2.0291 -0.7060
10204 -1.8279 -2.0733 -0.6987
10205 -1.8567 -2.1060 -0.6536
10206 -1.8669 -2.1175 -0.5662
10207 -1.8694 -2.1204 -0.4808
10208 -1.8835 -2.1364 -0.4345
10209 -1.9106 -2.1672 -0.4144
10210 -1.9434 -2.2043 -0.3991
10211 -1.9878 -2.2547 -0.3923
10212 -2.0461 -2.3208 -0.3901
10213 -2.0930 -2.3740 -0.3655
10214 -2.1035 -2.3859 -0.3074
10215 -2.0881 -2.3685 -0.2367
10216 -2.0691 -2.3469 -0.1720
10217 -2.0462 -2.3209 -0.1133
10218 -2.0192 -2.2904 -0.0611
10219 -2.0135 -2.2839 -0.0171
10220 -2.0450 -2.3197 0.0279
10221 -2.0887 -2.3691 0.0832
10222 -2.1135 -2.3973 0.1441
10223 -2.1202 -2.4049 0.2051
10224 -2.1154 -2.3994 0.2640
10225 -2.0855 -2.3656 0.3076
10226 -2.0277 -2.3000 0.3230
10227 -1.9712 -2.2359 0.3267
10228 -1.9406 -2.2012 0.3481
10229 -1.9273 -2.1861 0.3892
10230 -1.9172 -2.1747 0.4387
10231 -1.9127 -2.1696 0.5058
10232 -1.9113 -2.1679 0.5939
10233 -1.8950 -2.1495 0.6649
10234 -1.8566 -2.1058 0.6808
10235 -1.8098 -2.0529 0.6576
10236 -1.7670 -2.0043 0.6287
10237 -1.7282 -1.9603 0.5941
10238 -1.6937 -1.9211 0.5534
10239 -1.6646 -1.8881 0.5447
10240 -1.6348 -1.8543 0.5924
10241 -1.5139 -1.8300 0.6551
10242 -1.4695 -1.7764 0.7113
10243 -1.4240 -1.7213 0.7391
10244 -1.3906 -1.6809 0.7052
10245 -1.3707 -1.6569 0.6359
10246 -1.3561 -1.6392 0.5672
10247 -1.3468 -1.6280 0.4991
10248 -1.3432 -1.6237 0.4316
10249 -1.3279 -1.6051 0.3914
10250 -1.2852 -1.5535 0.3876
10251 -1.2296 -1.4863 0.3881
10252 -1.1853 -1.4327 0.3654
10253 -1.1541 -1.3950 0.3244
10254 -1.1322 -1.3686 0.2735
10255 -1.1350 -1.3719 0.2090
10256 -1.1700 -1.4142 0.1376
10257 -1.2090 -1.4614 0.0762
10258 -1.2220 -1.4772 0.0275
10259 -1.2143 -1.4678 -0.0187
10260 -1.2008 -1.4516 -0.0680
10261 -1.1760 -1.4215 -0.1250
10262 -1.1402 -1.3782 -0.1946
10263 -1.1225 -1.3568 -0.2661
10264 -1.1440 -1.3829 -0.3184
10265 -1.1882 -1.4363 -0.3496
10266 -1.2320 -1.4892 -0.3726
10267 -1.2754 -1.5417 -0.3871
10268 -1.3184 -1.5937 -0.3927
10269 -1.3441 -1.6247 -0.4168
10270 -1.3465 -1.6277 -0.4838
10271 -1.3462 -1.6273 -0.5710
10272 -1.3607 -1.6448 -0.6406
10273 -1.3868 -1.6763 -0.6895
10274 -1.4192 -1.7155 -0.7238
10275 -1.4603 -1.7652 -0.7194
10276 -1.5058 -1.8202 -0.6645
10277 -1.5450 -1.8676 -0.6033
10278 -1.5760 -1.9051 -0.5829
10279 -1.6055 -1.9407 -0.5950
10280 -1.6369 -1.9787 -0.6161
10281 -1.6732 -2.0226 -0.6551
10282 -1.7176 -2.0762 -0.7113
10283 -1.7632 -2.1313 -0.7391
10284 -1.7965 -2.1716 -0.7052
10285 -1.8164 -2.1957 -0.6359
10286 -1.8311 -2.2134 -0.5672
10287 -1.8403 -2.2246 -0.4991
10288 -1.8439 -2.2289 -0.4316
10289 -1.8592 -2.2474 -0.3914
10290 -1.9019 -2.2990 -0.3876
10291 -1.9575 -2.3663 -0.3881
10292 -2.0019 -2.4198 -0.3654
10293 -2.0330 -2.4575 -0.3244
10294 -2.0549 -2.4840 -0.2735
10295 -2.0521 -2.4806 -0.2090
10296 -2.0172 -2.4383 -0.1376
10297 -1.9781 -2.3911 -0.0762
10298 -1.9651 -2.3754 -0.0275
10299 -1.9728 -2.3847 0.0187
10300 -1.9863 -2.4010 0.0680
10301 -2.0111 -2.4310 0.1250
10302 -2.0470 -2.4743 0.1946
10303 -2.0647 -2.4957 0.2661
10304 -2.0431 -2.4696 0.3184
10305 -1.9989 -2.4163 0.3496
10306 -1.9551 -2.3633 0.3726
10307 -1.9117 -2.3108 0.3871
10308 -1.8687 -2.2588 0.3927
10309 -1.8431 -2.2279 0.4168
10310 -1.8406 -2.2249 0.4838
10311 -1.8409 -2.2253 0.5710
10312 -1.8265 -2.2078 0.6406
10313 -1.8004 -2.1763 0.6895
10314 -1.7679 -2.1370 0.7238
10315 -1.7268 -2.0873 0.7194
10316 -1.6813 -2.0323 0.6645
10317 -1.6421 -1.9850 0.6033
10318 -1.6111 -1.9475 0.5829
10319 -1.5816 -1.9119 0.5950
10320 -1.5502 -1.8739 0.6161
10321 -1.4236 -1.8353 0.6905
10322 -1.3753 -1.7730 0.7481
10323 -1.3263 -1.7099 0.7764
10324 -1.2951 -1.6696 0.7309
10325 -1.2788 -1.6487 0.6515
10326 -1.2629 -1.6282 0.5853
10327 -1.2517 -1.6137 0.5192
10328 -1.2520 -1.6140 0.4432
10329 -1.2405 -1.5993 0.3938
10330 -1.1947 -1.5402 0.3870
10331 -1.1361 -1.4647 0.3823
10332 -1.0971 -1.4143 0.3479
10333 -1.0718 -1.3818 0.2974
10334 -1.0478 -1.3508 0.2432
10335 -1.0479 -1.3510 0.1766
10336 -1.0882 -1.4028 0.1031
10337 -1.1322 -1.4596 0.0411
10338 -1.1420 -1.4723 -0.0100
10339 -1.1321 -1.4595 -0.0617
10340 -1.1258 -1.4514 -0.1157
10341 -1.1091 -1.4298 -0.1773
10342 -1.0738 -1.3843 -0.2561
10343 -1.0564 -1.3619 -0.3360
10344 -1.0843 -1.3979 -0.3870
10345 -1.1329 -1.4606 -0.4135
10346 -1.1735 -1.5129 -0.4394
10347 -1.2141 -1.5652 -0.4577
10348 -1.2607 -1.6252 -0.4573
10349 -1.2909 -1.6642 -0.4760
10350 -1.2950 -1.6696 -0.5507
10351 -1.2980 -1.6734 -0.6464
10352 -1.3191 -1.7005 -0.7101
10353 -1.3500 -1.7404 -0.7512
10354 -1.3832 -1.7832 -0.7904
10355 -1.4240 -1.8358 -0.7902
10356 -1.4691 -1.8939 -0.7246
10357 -1.5071 -1.9429 -0.6528
10358 -1.5384 -1.9833 -0.6367
10359 -1.5701 -2.0242 -0.6529
10360 -1.6032 -2.0668 -0.6631
10361 -1.6409 -2.1155 -0.6905
10362 -1.6892 -2.1778 -0.7481
10363 -1.7382 -2.2409 -0.7764
10364 -1.7695 -2.2812 -0.7309
10365 -1.7857 -2.3021 -0.6515
10366 -1.8016 -2.3226 -0.5853
10367 -1.8128 -2.3371 -0.5192
10368 -1.8125 -2.3367 -0.4432
10369 -1.8240 -2.3515 -0.3938
10370 -1.8698 -2.4105 -0.3870
10371 -1.9284 -2.4861 -0.3823
10372 -1.9675 -2.5364 -0.3479
10373 -1.9927 -2.5690 -0.2974
10374 -2.0167 -2.6000 -0.2432
10375 -2.0166 -2.5998 -0.1766
10376 -1.9764 -2.5479 -0.1031
10377 -1.9324 -2.4912 -0.0411
10378 -1.9225 -2.4785 0.0100
10379 -1.9324 -2.4913 0.0617
10380 -1.9387 -2.4993 0.1157
10381 -1.9555 -2.5210 0.1773
10382 -1.9908 -2.5665 0.2561
10383 -2.0082 -2.5889 0.3360
10384 -1.9802 -2.5529 0.3870
10385 -1.9316 -2.4902 0.4135
10386 -1.8910 -2.4379 0.4394
10387 -1.8505 -2.3856 0.4577
10388 -1.8039 -2.3255 0.4573
10389 -1.7736 -2.2865 0.4760
10390 -1.7695 -2.2812 0.5507
10391 -1.7666 -2.2774 0.6464
10392 -1.7455 -2.2502 0.7101
10393 -1.7146 -2.2104 0.7512
10394 -1.6813 -2.1675 0.7904
10395 -1.6405 -2.1150 0.7902
10396 -1.5955 -2.0569 0.7246
10397 -1.5574 -2.0078 0.6528
10398 -1.5261 -1.9675 0.6367
10399 -1.4944 -1.9266 0.6529
10400 -1.4613 -1.8839 0.6631
10401 -1.3242 -1.8225 0.7608
10402 -1.2763 -1.7567 0.7934
10403 -1.2306 -1.6938 0.7975
10404 -1.1946 -1.6442 0.7632
10405 -1.1728 -1.6142 0.6948
10406 -1.1641 -1.6022 0.6083
10407 -1.1614 -1.5985 0.5241
10408 -1.1544 -1.5889 0.4578
10409 -1.1343 -1.5612 0.4143
10410 -1.0980 -1.5112 0.3873
10411 -1.0505 -1.4459 0.3632
10412 -1.0031 -1.3807 0.3286
10413 -0.9691 -1.3338 0.2766
10414 -0.9579 -1.3184 0.2090
10415 -0.9709 -1.3363 0.1343
10416 -1.0007 -1.3773 0.0628
10417 -1.0338 -1.4229 0.0000
10418 -1.0564 -1.4540 -0.0553
10419 -1.0602 -1.4593 -0.1103
10420 -1.0458 -1.4395 -0.1730
10421 -1.0222 -1.4070 -0.2472
10422 -1.0031 -1.3807 -0.3286
10423 -1.0007 -1.3773 -0.4064
10424 -1.0209 -1.4051 -0.4677
10425 -1.0611 -1.4605 -0.5048
10426 -1.1119 -1.5304 -0.5196
10427 -1.1614 -1.5985 -0.5241
10428 -1.2004 -1.6522 -0.5360
10429 -1.2259 -1.6873 -0.5703
10430 -1.2418 -1.7092 -0.6320
10431 -1.2560 -1.7287 -0.7128
10432 -1.2763 -1.7567 -0.7934
10433 -1.3069 -1.7988 -0.8513
10434 -1.3466 -1.8535 -0.8704
10435 -1.3905 -1.9139 -0.8482
10436 -1.4326 -1.9718 -0.7975
10437 -1.4695 -2.0225 -0.7412
10438 -1.5020 -2.0673 -0.7027
10439 -1.5343 -2.1118 -0.6962
10440 -1.5712 -2.1625 -0.7207
10441 -1.6148 -2.2225 -0.7608
10442 -1.6626 -2.2884 -0.7934
10443 -1.7083 -2.3513 -0.7975
10444 -1.7444 -2.4009 -0.7632
10445 -1.7662 -2.4309 -0.6948
10446 -1.7749 -2.4429 -0.6083
10447 -1.7775 -2.4466 -0.5241
10448 -1.7845 -2.4562 -0.4578
10449 -1.8047 -2.4839 -0.4143
10450 -1.8409 -2.5338 -0.3873
10451 -1.8884 -2.5992 -0.3632
10452 -1.9358 -2.6644 -0.3286
10453 -1.9698 -2.7113 -0.2766
10454 -1.9811 -2.7267 -0.2090
10455 -1.9680 -2.7088 -0.1343
10456 -1.9382 -2.6678 -0.0628
10457 -1.9051 -2.6222 -0.0000
10458 -1.8825 -2.5911 0.0553
10459 -1.8787 -2.5858 0.1103
10460 -1.8931 -2.6056 0.1730
10461 -1.9167 -2.6381 0.2472
10462 -1.9358 -2.6644 0.3286
10463 -1.9382 -2.6678 0.4064
10464 -1.9181 -2.6400 0.4677
10465 -1.8778 -2.5846 0.5048
10466 -1.8270 -2.5147 0.5196
10467 -1.7775 -2.4466 0.5241
10468 -1.7385 -2.3929 0.5360
10469 -1.7130 -2.3577 0.5703
10470 -1.6971 -2.3359 0.6320
10471 -1.6829 -2.3164 0.7128
10472 -1.6626 -2.2884 0.7934
10473 -1.6320 -2.2463 0.8513
10474 -1.5923 -2.1916 0.8704
10475 -1.5484 -2.1312 0.8482
10476 -1.5064 -2.0733 0.7975
10477 -1.4695 -2.0225 0.7412
10478 -1.4370 -1.9778 0.7027
10479 -1.4046 -1.9333 0.6962
10480 -1.3678 -1.8826 0.7207
10481 -1.2216 -1.7976 0.8248
10482 -1.1760 -1.7304 0.8324
10483 -1.1351 -1.6702 0.8127
10484 -1.0939 -1.6096 0.7880
10485 -1.0663 -1.5690 0.7288
10486 -1.0656 -1.5680 0.6234
10487 -1.0720 -1.5774 0.5226
10488 -1.0578 -1.5564 0.4641
10489 -1.0293 -1.5146 0.4244
10490 -1.0032 -1.4761 0.3787
10491 -0.9672 -1.4232 0.3372
10492 -0.9123 -1.3424 0.3002
10493 -0.8705 -1.2808 0.2443
10494 -0.8719 -1.2829 0.1656
10495 -0.8972 -1.3202 0.0854
10496 -0.9173 -1.3498 0.0136
10497 -0.9405 -1.3839 -0.0520
10498 -0.9751 -1.4348 -0.1089
10499 -0.9916 -1.4591 -0.1645
10500 -0.9704 -1.4279 -0.2380
10501 -0.9416 -1.3855 -0.3266
10502 -0.9374 -1.3793 -0.4078
10503 -0.9484 -1.3955 -0.4806
10504 -0.9623 -1.4159 -0.5538
10505 -0.9955 -1.4649 -0.6029
10506 -1.0548 -1.5521 -0.6041
10507 -1.1114 -1.6354 -0.5928
10508 -1.1443 -1.6838 -0.6182
10509 -1.1667 -1.7167 -0.6687
10510 -1.1923 -1.7545 -0.7152
10511 -1.2157 -1.7888 -0.7792
10512 -1.2365 -1.8194 -0.8769
10513 -1.2679 -1.8657 -0.9514
10514 -1.3121 -1.9307 -0.9489
10515 -1.3572 -1.9970 -0.9038
10516 -1.3975 -2.0564 -0.8680
10517 -1.4344 -2.1107 -0.8267
10518 -1.4664 -2.1578 -0.7653
10519 -1.4977 -2.2037 -0.7358
10520 -1.5390 -2.2645 -0.7735
10521 -1.5888 -2.3378 -0.8248
10522 -1.6344 -2.4050 -0.8324
10523 -1.6754 -2.4652 -0.8127
10524 -1.7165 -2.5258 -0.7880
10525 -1.7441 -2.5664 -0.7288
10526 -1.7448 -2.5674 -0.6234
10527 -1.7384 -2.5580 -0.5226
10528 -1.7527 -2.5790 -0.4641
10529 -1.7811 -2.6208 -0.4244
10530 -1.8072 -2.6593 -0.3787
10531 -1.8432 -2.7122 -0.3372
10532 -1.8981 -2.7930 -0.3002
10533 -1.9400 -2.8546 -0.2443
10534 -1.9385 -2.8525 -0.1656
10535 -1.9132 -2.8152 -0.0854
10536 -1.8931 -2.7856 -0.0136
10537 -1.8699 -2.7515 0.0520
10538 -1.8354 -2.7007 0.1089
10539 -1.8188 -2.6763 0.1645
10540 -1.8400 -2.7075 0.2380
10541 -1.8688 -2.7499 0.3266
10542 -1.8731 -2.7561 0.4078
10543 -1.8620 -2.7399 0.4806
10544 -1.8482 -2.7195 0.5538
10545 -1.8149 -2.6705 0.6029
10546 -1.7556 -2.5833 0.6041
10547 -1.6990 -2.5000 0.5928
10548 -1.6661 -2.4516 0.6182
10549 -1.6437 -2.4187 0.6687
10550 -1.6181 -2.3809 0.7152
10551 -1.5947 -2.3466 0.7792
10552 -1.5740 -2.3160 0.8769
10553 -1.5425 -2.2697 0.9514
10554 -1.4983 -2.2047 0.9489
10555 -1.4532 -2.1384 0.9038
10556 -1.4129 -2.0790 0.8680
10557 -1.3760 -2.0247 0.8267
10558 -1.3440 -1.9776 0.7653
10559 -1.3128 -1.9317 0.7358
10560 -1.2714 -1.8709 0.7735
10561 -1.1267 -1.7754 0.8443
10562 -1.0794 -1.7008 0.8514
10563 -1.0370 -1.6340 0.8310
10564 -0.9990 -1.5742 0.7933
10565 -0.9757 -1.5375 0.7231
10566 -0.9744 -1.5354 0.6201
10567 -0.9793 -1.5432 0.5215
10568 -0.9695 -1.5277 0.4536
10569 -0.9461 -1.4908 0.4037
10570 -0.9183 -1.4470 0.3550
10571 -0.8810 -1.3882 0.3081
10572 -0.8330 -1.3126 0.2586
10573 -0.7984 -1.2580 0.1927
10574 -0.7982 -1.2578 0.1115
10575 -0.8209 -1.2936 0.0304
10576 -0.8464 -1.3338 -0.0434
10577 -0.8748 -1.3784 -0.1096
10578 -0.9060 -1.4277 -0.1676
10579 -0.9205 -1.4504 -0.2272
10580 -0.9072 -1.4295 -0.3049
10581 -0.8872 -1.3980 -0.3973
10582 -0.8834 -1.3920 -0.4856
10583 -0.8943 -1.4092 -0.5647
10584 -0.9145 -1.4410 -0.6355
10585 -0.9521 -1.5003 -0.6790
10586 -1.0073 -1.5873 -0.6815
10587 -1.0601 -1.6705 -0.6723
10588 -1.0965 -1.7278 -0.6906
10589 -1.1232 -1.7700 -0.7343
10590 -1.1494 -1.8111 -0.7862
10591 -1.1745 -1.8507 -0.8558
10592 -1.2010 -1.8925 -0.9454
10593 -1.2363 -1.9481 -1.0100
10594 -1.2798 -2.0166 -1.0103
10595 -1.3233 -2.0851 -0.9679
10596 -1.3628 -2.1475 -0.9203
10597 -1.3983 -2.2033 -0.8674
10598 -1.4293 -2.2523 -0.8091
10599 -1.4613 -2.3027 -0.7822
10600 -1.5029 -2.3683 -0.8069
10601 -1.5524 -2.4463 -0.8443
10602 -1.5998 -2.5208 -0.8514
10603 -1.6422 -2.5876 -0.8310
10604 -1.6801 -2.6474 -0.7933
10605 -1.7034 -2.6841 -0.7231
10606 -1.7047 -2.6862 -0.6201
10607 -1.6998 -2.6784 -0.5215
10608 -1.7096 -2.6939 -0.4536
10609 -1.7330 -2.7308 -0.4037
10610 -1.7608 -2.7746 -0.3550
10611 -1.7981 -2.8334 -0.3081
10612 -1.8461 -2.9090 -0.2586
10613 -1.8808 -2.9636 -0.1927
10614 -1.8809 -2.9639 -0.1115
10615 -1.8582 -2.9280 -0.0304
10616 -1.8327 -2.8879 0.0434
10617 -1.8044 -2.8432 0.1096
10618 -1.7731 -2.7939 0.1676
10619 -1.7587 -2.7712 0.2272
10620 -1.7719 -2.7921 0.3049
10621 -1.7920 -2.8237 0.3973
10622 -1.7958 -2.8297 0.4856
10623 -1.7848 -2.8124 0.5647
10624 -1.7646 -2.7806 0.6355
10625 -1.7270 -2.7213 0.6790
10626 -1.6718 -2.6344 0.6815
10627 -1.6190 -2.5511 0.6723
10628 -1.5826 -2.4938 0.6906
10629 -1.5559 -2.4517 0.7343
10630 -1.5298 -2.4105 0.7862
10631 -1.5047 -2.3710 0.8558
10632 -1.4781 -2.3292 0.9454
10633 -1.4428 -2.2735 1.0100
10634 -1.3993 -2.2050 1.0103
10635 -1.3559 -2.1365 0.9679
10636 -1.3163 -2.0742 0.9203
10637 -1.2808 -2.0183 0.8674
10638 -1.2498 -1.9694 0.8091
10639 -1.2178 -1.9190 0.7822
10640 -1.1762 -1.8534 0.8069
10641 -1.0430 -1.7636 0.8206
10642 -0.9912 -1.6760 0.8416
10643 -0.9434 -1.5953 0.8336
10644 -0.9152 -1.5475 0.7716
10645 -0.9033 -1.5274 0.6812
10646 -0.8959 -1.5149 0.5928
10647 -0.8932 -1.5103 0.5065
10648 -0.8954 -1.5141 0.4226
10649 -0.8851 -1.4966 0.3582
10650 -0.8491 -1.4358 0.3144
10651 -0.8034 -1.3584 0.2678
10652 -0.7707 -1.3032 0.2042
10653 -0.7517 -1.2710 0.1293
10654 -0.7421 -1.2549 0.0491
10655 -0.7543 -1.2755 -0.0320
10656 -0.7929 -1.3407 -0.1040
10657 -0.8338 -1.4098 -0.1644
10658 -0.8538 -1.4436 -0.2251
10659 -0.8584 -1.4515 -0.2929
10660 -0.8600 -1.4542 -0.3660
10661 -0.8549 -1.4456 -0.4511
10662 -0.8442 -1.4275 -0.5528
10663 -0.8483 -1.4343 -0.6466
10664 -0.8798 -1.4877 -0.7021
10665 -0.9258 -1.5655 -0.7255
10666 -0.9708 -1.6416 -0.7400
10667 -1.0148 -1.7159 -0.7453
10668 -1.0575 -1.7881 -0.7410
10669 -1.0903 -1.8435 -0.7612
10670 -1.1126 -1.8813 -0.8320
10671 -1.1363 -1.9213 -0.9218
10672 -1.1687 -1.9761 -0.9860
10673 -1.2068 -2.0406 -1.0234
10674 -1.2476 -2.1096 -1.0421
10675 -1.2889 -2.1794 -1.0182
10676 -1.3256 -2.2414 -0.9424
10677 -1.3563 -2.2934 -0.8621
10678 -1.3872 -2.3456 -0.8228
10679 -1.4217 -2.4040 -0.8137
10680 -1.4589 -2.4669 -0.8106
10681 -1.5022 -2.5401 -0.8206
10682 -1.5540 -2.6277 -0.8416
10683 -1.6018 -2.7084 -0.8336
10684 -1.6300 -2.7562 -0.7716
10685 -1.6419 -2.7763 -0.6812
10686 -1.6493 -2.7888 -0.5928
10687 -1.6520 -2.7934 -0.5065
10688 -1.6498 -2.7897 -0.4226
10689 -1.6601 -2.8071 -0.3582
10690 -1.6961 -2.8680 -0.3144
10691 -1.7418 -2.9453 -0.2678
10692 -1.7745 -3.0006 -0.2042
10693 -1.7935 -3.0327 -0.1293
10694 -1.8031 -3.0488 -0.0491
10695 -1.7909 -3.0282 0.0320
10696 -1.7523 -2.9630 0.1040
10697 -1.7114 -2.8939 0.1644
10698 -1.6914 -2.8601 0.2251
10699 -1.6868 -2.8522 0.2929
10700 -1.6852 -2.8496 0.3660
10701 -1.6903 -2.8582 0.4511
10702 -1.7010 -2.8763 0.5528
10703 -1.6970 -2.8694 0.6466
10704 -1.6654 -2.8160 0.7021
10705 -1.6194 -2.7382 0.7255
10706 -1.5744 -2.6621 0.7400
10707 -1.5304 -2.5878 0.7453
10708 -1.4877 -2.5156 0.7410
10709 -1.4549 -2.4602 0.7612
10710 -1.4326 -2.4224 0.8320
10711 -1.4089 -2.3824 0.9218
10712 -1.3765 -2.3276 0.9860
10713 -1.3384 -2.2631 1.0234
10714 -1.2976 -2.1942 1.0421
10715 -1.2563 -2.1243 1.0182
10716 -1.2196 -2.0623 0.9424
10717 -1.1889 -2.0103 0.8621
10718 -1.1580 -1.9581 0.8228
10719 -1.1235 -1.8997 0.8137
10720 -1.0863 -1.8368 0.8106
10721 -0.9660 -1.7571 0.7799
10722 -0.9147 -1.6639 0.8008
10723 -0.8677 -1.5783 0.7927
10724 -0.8454 -1.5377 0.7222
10725 -0.8397 -1.5274 0.6262
10726 -0.8328 -1.5149 0.5420
10727 -0.8300 -1.5097 0.4596
10728 -0.8377 -1.5238 0.3729
10729 -0.8333 -1.5157 0.3050
10730 -0.7974 -1.4505 0.2599
10731 -0.7522 -1.3683 0.2098
10732 -0.7268 -1.3220 0.1411
10733 -0.7146 -1.2998 0.0640
10734 -0.7045 -1.2815 -0.0163
10735 -0.7150 -1.3005 -0.0960
10736 -0.7570 -1.3770 -0.1621
10737 -0.8008 -1.4567 -0.2151
10738 -0.8181 -1.4881 -0.2745
10739 -0.8212 -1.4938 -0.3442
10740 -0.8281 -1.5062 -0.4136
10741 -0.8287 -1.5074 -0.4949
10742 -0.8186 -1.4890 -0.6013
10743 -0.8225 -1.4961 -0.6989
10744 -0.8565 -1.5579 -0.7452
10745 -0.9027 -1.6420 -0.7570
10746 -0.9433 -1.7158 -0.7712
10747 -0.9830 -1.7880 -0.7772
10748 -1.0248 -1.8640 -0.7611
10749 -1.0574 -1.9235 -0.7703
10750 -1.0792 -1.9630 -0.8448
10751 -1.1033 -2.0069 -0.9385
10752 -1.1364 -2.0671 -0.9914
10753 -1.1736 -2.1347 -1.0167
10754 -1.2122 -2.2051 -1.0376
10755 -1.2506 -2.2749 -1.0159
10756 -1.2825 -2.3328 -0.9286
10757 -1.3080 -2.3792 -0.8377
10758 -1.3366 -2.4313 -0.8019
10759 -1.3702 -2.4924 -0.7953
10760 -1.4036 -2.5532 -0.7811
10761 -1.4428 -2.6245 -0.7799
10762 -1.4941 -2.7177 -0.8008
10763 -1.5411 -2.8032 -0.7927
10764 -1.5634 -2.8438 -0.7222
10765 -1.5691 -2.8541 -0.6262
10766 -1.5759 -2.8666 -0.5420
10767 -1.5788 -2.8718 -0.4596
10768 -1.5711 -2.8577 -0.3729
10769 -1.5755 -2.8658 -0.3050
10770 -1.6114 -2.9311 -0.2599
10771 -1.6565 -3.0132 -0.2098
10772 -1.6820 -3.0596 -0.1411
10773 -1.6942 -3.0817 -0.0640
10774 -1.7043 -3.1001 0.0163
10775 -1.6938 -3.0810 0.0960
10776 -1.6518 -3.0045 0.1621
10777 -1.6079 -2.9248 0.2151
10778 -1.5907 -2.8934 0.2745
10779 -1.5875 -2.8877 0.3442
10780 -1.5807 -2.8753 0.4136
10781 -1.5801 -2.8742 0.4949
10782 -1.5902 -2.8925 0.6013
10783 -1.5863 -2.8854 0.6989
10784 -1.5523 -2.8236 0.7452
10785 -1.5061 -2.7395 0.7570
10786 -1.4655 -2.6658 0.7712
10787 -1.4258 -2.5935 0.7772
10788 -1.3840 -2.5175 0.7611
10789 -1.3513 -2.4580 0.7703
10790 -1.3296 -2.4185 0.8448
10791 -1.3054 -2.3746 0.9385
10792 -1.2724 -2.3144 0.9914
10793 -1.2352 -2.2468 1.0167
10794 -1.1965 -2.1765 1.0376
10795 -1.1581 -2.1066 1.0159
10796 -1.1263 -2.0487 0.9286
10797 -1.1008 -2.0023 0.8377
10798 -1.0721 -1.9502 0.8019
10799 -1.0386 -1.8892 0.7953
10800 -1.0051 -1.8283 0.7811
10801 -0.8932 -1.7530 0.7330
10802 -0.8505 -1.6692 0.7337
10803 -0.8136 -1.5967 0.7079
10804 -0.7894 -1.5492 0.6502
10805 -0.7806 -1.5320 0.5671
10806 -0.7842 -1.5392 0.4734
10807 -0.7922 -1.5549 0.3847
10808 -0.7948 -1.5599 0.3103
10809 -0.7848 -1.5403 0.2506
10810 -0.7609 -1.4934 0.1978
10811 -0.7287 -1.4301 0.1417
10812 -0.6983 -1.3705 0.0757
10813 -0.6805 -1.3355 0.0000
10814 -0.6819 -1.3382 -0.0786
10815 -0.7023 -1.3784 -0.1509
10816 -0.7350 -1.4425 -0.2115
10817 -0.7691 -1.5095 -0.2618
10818 -0.7948 -1.5599 -0.3103
10819 -0.8069 -1.5837 -0.3682
10820 -0.8070 -1.5838 -0.4427
10821 -0.8022 -1.5744 -0.5326
10822 -0.8019 -1.5738 -0.6266
10823 -0.8136 -1.5967 -0.7079
10824 -0.8398 -1.6482 -0.7613
10825 -0.8775 -1.7222 -0.7806
10826 -0.9200 -1.8057 -0.7725
10827 -0.9603 -1.8848 -0.7549
10828 -0.9941 -1.9510 -0.7492
10829 -1.0212 -2.0042 -0.7713
10830 -1.0452 -2.0513 -0.8239
10831 -1.0706 -2.1012 -0.8949
10832 -1.1006 -2.1601 -0.9619
10833 -1.1350 -2.2275 -1.0012
10834 -1.1706 -2.2975 -0.9981
10835 -1.2035 -2.3620 -0.9530
10836 -1.2310 -2.4160 -0.8810
10837 -1.2538 -2.4608 -0.8058
10838 -1.2759 -2.5040 -0.7492
10839 -1.3021 -2.5556 -0.7226
10840 -1.3360 -2.6220 -0.7224
10841 -1.3768 -2.7020 -0.7330
10842 -1.4195 -2.7858 -0.7337
10843 -1.4564 -2.8583 -0.7079
10844 -1.4806 -2.9058 -0.6502
10845 -1.4894 -2.9230 -0.5671
10846 -1.4857 -2.9159 -0.4734
10847 -1.4777 -2.9002 -0.3847
10848 -1.4751 -2.8951 -0.3103
10849 -1.4851 -2.9147 -0.2506
10850 -1.5090 -2.9616 -0.1978
10851 -1.5413 -3.0249 -0.1417
10852 -1.5717 -3.0845 -0.0757
10853 -1.5895 -3.1196 -0.0000
10854 -1.5881 -3.1168 0.0786
10855 -1.5676 -3.0766 0.1509
10856 -1.5350 -3.0125 0.2115
10857 -1.5008 -2.9455 0.2618
10858 -1.4751 -2.8951 0.3103
10859 -1.4630 -2.8713 0.3682
10860 -1.4630 -2.8712 0.4427
10861 -1.4678 -2.8806 0.5326
10862 -1.4681 -2.8812 0.6266
10863 -1.4564 -2.8583 0.7079
10864 -1.4302 -2.8069 0.7613
10865 -1.3924 -2.7328 0.7806
10866 -1.3499 -2.6493 0.7725
10867 -1.3096 -2.5703 0.7549
10868 -1.2759 -2.5040 0.7492
10869 -1.2487 -2.4508 0.7713
10870 -1.2248 -2.4038 0.8239
10871 -1.1993 -2.3538 0.8949
10872 -1.1693 -2.2950 0.9619
10873 -1.1350 -2.2275 1.0012
10874 -1.0993 -2.1575 0.9981
10875 -1.0665 -2.0930 0.9530
10876 -1.0389 -2.0391 0.8810
10877 -1.0161 -1.9942 0.8058
10878 -0.9941 -1.9510 0.7492
10879 -0.9678 -1.8995 0.7226
10880 -0.9340 -1.8331 0.7224
10881 -0.8296 -1.7630 0.6668
10882 -0.7963 -1.6921 0.6500
10883 -0.7698 -1.6360 0.6100
10884 -0.7439 -1.5809 0.5653
10885 -0.7322 -1.5560 0.4952
10886 -0.7460 -1.5853 0.3960
10887 -0.7641 -1.6239 0.3052
10888 -0.7618 -1.6190 0.2433
10889 -0.7468 -1.5870 0.1916
10890 -0.7341 -1.5601 0.1354
10891 -0.7138 -1.5168 0.0779
10892 -0.6791 -1.4432 0.0142
10893 -0.6563 -1.3947 -0.0603
10894 -0.6676 -1.4187 -0.1327
10895 -0.6962 -1.4796 -0.1933
10896 -0.7200 -1.5301 -0.2489
10897 -0.7451 -1.5835 -0.2969
10898 -0.7772 -1.6516 -0.3305
10899 -0.7961 -1.6918 -0.3727
10900 -0.7901 -1.6790 -0.4529
10901 -0.7805 -1.6587 -0.5516
10902 -0.7877 -1.6739 -0.6299
10903 -0.8047 -1.7101 -0.6919
10904 -0.8238 -1.7506 -0.7529
10905 -0.8536 -1.8140 -0.7803
10906 -0.8958 -1.9037 -0.7480
10907 -0.9345 -1.9859 -0.7053
10908 -0.9608 -2.0419 -0.7107
10909 -0.9829 -2.0887 -0.7461
10910 -1.0068 -2.1395 -0.7758
10911 -1.0313 -2.1916 -0.8237
10912 -1.0584 -2.2492 -0.9050
10913 -1.0901 -2.3166 -0.9586
10914 -1.1209 -2.3821 -0.9321
10915 -1.1468 -2.4370 -0.8648
10916 -1.1704 -2.4872 -0.8089
10917 -1.1909 -2.5307 -0.7500
10918 -1.2052 -2.5611 -0.6746
10919 -1.2232 -2.5993 -0.6303
10920 -1.2573 -2.6718 -0.6444
10921 -1.2993 -2.7612 -0.6668
10922 -1.3326 -2.8320 -0.6500
10923 -1.3591 -2.8881 -0.6100
10924 -1.3850 -2.9433 -0.5653
10925 -1.3967 -2.9681 -0.4952
10926 -1.3829 -2.9389 -0.3960
10927 -1.3648 -2.9003 -0.3052
10928 -1.3671 -2.9052 -0.2433
10929 -1.3821 -2.9371 -0.1916
10930 -1.3948 -2.9641 -0.1354
10931 -1.4151 -3.0073 -0.0779
10932 -1.4498 -3.0810 -0.0142
10933 -1.4726 -3.1294 0.0603
10934 -1.4613 -3.1054 0.1327
10935 -1.4326 -3.0445 0.1933
10936 -1.4089 -2.9940 0.2489
10937 -1.3838 -2.9406 0.2969
10938 -1.3517 -2.8725 0.3305
10939 -1.3328 -2.8323 0.3727
10940 -1.3388 -2.8451 0.4529
10941 -1.3484 -2.8654 0.5516
10942 -1.3412 -2.8502 0.6299
10943 -1.3242 -2.8140 0.6919
10944 -1.3051 -2.7735 0.7529
10945 -1.2753 -2.7101 0.7803
10946 -1.2331 -2.6204 0.7480
10947 -1.1944 -2.5382 0.7053
10948 -1.1681 -2.4823 0.7107
10949 -1.1460 -2.4354 0.7461
10950 -1.1221 -2.3846 0.7758
10951 -1.0976 -2.3325 0.8237
10952 -1.0705 -2.2749 0.9050
10953 -1.0388 -2.2075 0.9586
10954 -1.0080 -2.1420 0.9321
10955 -0.9821 -2.0872 0.8648
10956 -0.9585 -2.0369 0.8089
10957 -0.9380 -1.9934 0.7500
10958 -0.9237 -1.9630 0.6746
10959 -0.9057 -1.9248 0.6303
10960 -0.8716 -1.8523 0.6444
10961 -0.7786 -1.7991 0.5746
10962 -0.7475 -1.7274 0.5622
10963 -0.7230 -1.6708 0.5270
10964 -0.7035 -1.6258 0.4786
10965 -0.6981 -1.6131 0.4081
10966 -0.7118 -1.6449 0.3196
10967 -0.7291 -1.6848 0.2391
10968 -0.7318 -1.6912 0.1798
10969 -0.7224 -1.6695 0.1299
10970 -0.7095 -1.6396 0.0788
10971 -0.6893 -1.5929 0.0240
10972 -0.6615 -1.5286 -0.0393
10973 -0.6448 -1.4900 -0.1107
10974 -0.6539 -1.5111 -0.1768
10975 -0.6788 -1.5686 -0.2298
10976 -0.7044 -1.6277 -0.2745
10977 -0.7307 -1.6886 -0.3106
10978 -0.7578 -1.7512 -0.3376
10979 -0.7729 -1.7861 -0.3764
10980 -0.7704 -1.7803 -0.4488
10981 -0.7647 -1.7670 -0.5396
10982 -0.7696 -1.7784 -0.6178
10983 -0.7836 -1.8107 -0.6794
10984 -0.8028 -1.8552 -0.7285
10985 -0.8308 -1.9199 -0.7423
10986 -0.8660 -2.0011 -0.7077
10987 -0.8979 -2.0749 -0.6643
10988 -0.9215 -2.1294 -0.6573
10989 -0.9413 -2.1752 -0.6809
10990 -0.9616 -2.2221 -0.7134
10991 -0.9833 -2.2723 -0.7644
10992 -1.0085 -2.3305 -0.8344
10993 -1.0368 -2.3960 -0.8764
10994 -1.0631 -2.4566 -0.8535
10995 -1.0841 -2.5053 -0.7909
10996 -1.1019 -2.5463 -0.7264
10997 -1.1162 -2.5795 -0.6601
10998 -1.1270 -2.6042 -0.5919
10999 -1.1424 -2.6398 -0.5539
11000 -1.1711 -2.7062 -0.5602
11001 -1.2072 -2.7896 -0.5746
11002 -1.2382 -2.8614 -0.5622
11003 -1.2627 -2.9179 -0.5270
11004 -1.2822 -2.9630 -0.4786
11005 -1.2877 -2.9756 -0.4081
11006 -1.2739 -2.9439 -0.3196
11007 -1.2567 -2.9040 -0.2391
11008 -1.2539 -2.8976 -0.1798
11009 -1.2633 -2.9193 -0.1299
11010 -1.2762 -2.9491 -0.0788
11011 -1.2965 -2.9959 -0.0240
11012 -1.3242 -3.0601 0.0393
11013 -1.3409 -3.0987 0.1107
11014 -1.3318 -3.0777 0.1768
11015 -1.3070 -3.0202 0.2298
11016 -1.2814 -2.9610 0.2745
11017 -1.2550 -2.9002 0.3106
11018 -1.2279 -2.8376 0.3376
11019 -1.2128 -2.8027 0.3764
11020 -1.2153 -2.8085 0.4488
11021 -1.2211 -2.8218 0.5396
11022 -1.2161 -2.8103 0.6178
11023 -1.2022 -2.7781 0.6794
11024 -1.1829 -2.7336 0.7285
11025 -1.1549 -2.6689 0.7423
11026 -1.1198 -2.5877 0.7077
11027 -1.0878 -2.5139 0.6643
11028 -1.0643 -2.4594 0.6573
11029 -1.0445 -2.4136 0.6809
11030 -1.0242 -2.3667 0.7134
11031 -1.0024 -2.3164 0.7644
11032 -0.9772 -2.2583 0.8344
11033 -0.9489 -2.1928 0.8764
11034 -0.9227 -2.1322 0.8535
11035 -0.9016 -2.0835 0.7909
11036 -0.8839 -2.0425 0.7264
11037 -0.8695 -2.0093 0.6601
11038 -0.8588 -1.9845 0.5919
11039 -0.8434 -1.9489 0.5539
11040 -0.8146 -1.8825 0.5602
11041 -0.7324 -1.8499 0.4792
11042 -0.6989 -1.7653 0.4818
11043 -0.6710 -1.6949 0.4602
11044 -0.6623 -1.6727 0.3998
11045 -0.6675 -1.6860 0.3231
11046 -0.6752 -1.7053 0.2516
11047 -0.6853 -1.7309 0.1855
11048 -0.6980 -1.7629 0.1251
11049 -0.6994 -1.7664 0.0758
11050 -0.6802 -1.7179 0.0308
11051 -0.6541 -1.6520 -0.0227
11052 -0.6383 -1.6123 -0.0846
11053 -0.6328 -1.5982 -0.1490
11054 -0.6338 -1.6008 -0.2129
11055 -0.6493 -1.6400 -0.2650
11056 -0.6815 -1.7212 -0.2929
11057 -0.7134 -1.8019 -0.3089
11058 -0.7306 -1.8452 -0.3386
11059 -0.7375 -1.8627 -0.3852
11060 -0.7425 -1.8753 -0.4395
11061 -0.7439 -1.8789 -0.5103
11062 -0.7429 -1.8765 -0.6014
11063 -0.7509 -1.8966 -0.6771
11064 -0.7731 -1.9527 -0.7009
11065 -0.8014 -2.0240 -0.6866
11066 -0.8277 -2.0905 -0.6659
11067 -0.8520 -2.1520 -0.6384
11068 -0.8743 -2.2082 -0.6039
11069 -0.8924 -2.2539 -0.6002
11070 -0.9090 -2.2958 -0.6523
11071 -0.9287 -2.3456 -0.7232
11072 -0.9514 -2.4031 -0.7660
11073 -0.9752 -2.4630 -0.7811
11074 -0.9987 -2.5224 -0.7783
11075 -1.0179 -2.5708 -0.7361
11076 -1.0281 -2.5968 -0.6488
11077 -1.0340 -2.6117 -0.5620
11078 -1.0450 -2.6393 -0.5155
11079 -1.0621 -2.6826 -0.4966
11080 -1.0821 -2.7331 -0.4830
11081 -1.1082 -2.7989 -0.4792
11082 -1.1417 -2.8836 -0.4818
11083 -1.1696 -2.9540 -0.4602
11084 -1.1783 -2.9762 -0.3998
11085 -1.1731 -2.9629 -0.3231
11086 -1.1654 -2.9436 -0.2516
11087 -1.1553 -2.9180 -0.1855
11088 -1.1426 -2.8859 -0.1251
11089 -1.1413 -2.8825 -0.0758
11090 -1.1604 -2.9310 -0.0308
11091 -1.1866 -2.9969 0.0227
11092 -1.2023 -3.0366 0.0846
11093 -1.2079 -3.0507 0.1490
11094 -1.2068 -3.0481 0.2129
11095 -1.1913 -3.0089 0.2650
11096 -1.1591 -2.9276 0.2929
11097 -1.1272 -2.8470 0.3089
11098 -1.1101 -2.8037 0.3386
11099 -1.1031 -2.7862 0.3852
11100 -1.0981 -2.7735 0.4395
11101 -1.0967 -2.7700 0.5103
11102 -1.0977 -2.7724 0.6014
11103 -1.0897 -2.7523 0.6771
11104 -1.0675 -2.6962 0.7009
11105 -1.0393 -2.6249 0.6866
11106 -1.0129 -2.5584 0.6659
11107 -0.9886 -2.4969 0.6384
11108 -0.9664 -2.4407 0.6039
11109 -0.9482 -2.3949 0.6002
11110 -0.9316 -2.3530 0.6523
11111 -0.9119 -2.3033 0.7232
11112 -0.8892 -2.2458 0.7660
11113 -0.8655 -2.1859 0.7811
11114 -0.8419 -2.1265 0.7783
11115 -0.8228 -2.0780 0.7361
11116 -0.8125 -2.0521 0.6488
11117 -0.8066 -2.0372 0.5620
11118 -0.7957 -2.0096 0.5155
11119 -0.7785 -1.9663 0.4966
11120 -0.7585 -1.9158 0.4830
11121 -0.6779 -1.8829 0.4126
11122 -0.6459 -1.7940 0.4170
11123 -0.6193 -1.7201 0.3973
11124 -0.6152 -1.7088 0.3350
11125 -0.6245 -1.7345 0.2599
11126 -0.6311 -1.7530 0.1959
11127 -0.6397 -1.7769 0.1367
11128 -0.6553 -1.8201 0.0805
11129 -0.6602 -1.8337 0.0347
11130 -0.6411 -1.7806 -0.0095
11131 -0.6157 -1.7102 -0.0645
11132 -0.6049 -1.6801 -0.1247
11133 -0.6033 -1.6756 -0.1846
11134 -0.6028 -1.6744 -0.2466
11135 -0.6155 -1.7096 -0.2955
11136 -0.6474 -1.7981 -0.3118
11137 -0.6785 -1.8847 -0.3154
11138 -0.6921 -1.9224 -0.3430
11139 -0.6969 -1.9356 -0.3903
11140 -0.7036 -1.9544 -0.4363
11141 -0.7071 -1.9640 -0.4988
11142 -0.7056 -1.9599 -0.5933
11143 -0.7123 -1.9784 -0.6718
11144 -0.7334 -2.0370 -0.6838
11145 -0.7588 -2.1076 -0.6565
11146 -0.7805 -2.1679 -0.6369
11147 -0.8005 -2.2236 -0.6115
11148 -0.8196 -2.2765 -0.5655
11149 -0.8351 -2.3196 -0.5511
11150 -0.8501 -2.3612 -0.6075
11151 -0.8687 -2.4129 -0.6823
11152 -0.8891 -2.4695 -0.7143
11153 -0.9094 -2.5259 -0.7191
11154 -0.9304 -2.5843 -0.7204
11155 -0.9470 -2.6303 -0.6829
11156 -0.9525 -2.6456 -0.5889
11157 -0.9537 -2.6489 -0.4969
11158 -0.9630 -2.6749 -0.4568
11159 -0.9791 -2.7195 -0.4428
11160 -0.9946 -2.7627 -0.4228
11161 -1.0158 -2.8215 -0.4126
11162 -1.0478 -2.9104 -0.4170
11163 -1.0744 -2.9843 -0.3973
11164 -1.0785 -2.9956 -0.3350
11165 -1.0692 -2.9699 -0.2599
11166 -1.0626 -2.9514 -0.1959
11167 -1.0540 -2.9276 -0.1367
11168 -1.0384 -2.8843 -0.0805
11169 -1.0335 -2.8708 -0.0347
11170 -1.0526 -2.9238 0.0095
11171 -1.0780 -2.9942 0.0645
11172 -1.0888 -3.0243 0.1247
11173 -1.0904 -3.0288 0.1846
11174 -1.0909 -3.0300 0.2466
11175 -1.0782 -2.9948 0.2955
11176 -1.0463 -2.9063 0.3118
11177 -1.0152 -2.8198 0.3154
11178 -1.0016 -2.7820 0.3430
11179 -0.9968 -2.7688 0.3903
11180 -0.9901 -2.7500 0.4363
11181 -0.9866 -2.7404 0.4988
11182 -0.9881 -2.7445 0.5933
11183 -0.9814 -2.7260 0.6718
11184 -0.9603 -2.6674 0.6838
11185 -0.9349 -2.5968 0.6565
11186 -0.9132 -2.5366 0.6369
11187 -0.8931 -2.4808 0.6115
11188 -0.8741 -2.4279 0.5655
11189 -0.8586 -2.3848 0.5511
11190 -0.8436 -2.3432 0.6075
11191 -0.8250 -2.2915 0.6823
11192 -0.8046 -2.2349 0.7143
11193 -0.7843 -2.1785 0.7191
11194 -0.7633 -2.1201 0.7204
11195 -0.7467 -2.0741 0.6829
11196 -0.7412 -2.0588 0.5889
11197 -0.7400 -2.0555 0.4969
11198 -0.7307 -2.0295 0.4568
11199 -0.7146 -1.9849 0.4428
11200 -0.6990 -1.9417 0.4228
11201 -0.6100 -1.8775 0.3821
11202 -0.5858 -1.8029 0.3703
11203 -0.5674 -1.7462 0.3383
11204 -0.5598 -1.7229 0.2851
11205 -0.5642 -1.7365 0.2190
11206 -0.5772 -1.7765 0.1517
11207 -0.5921 -1.8223 0.0925
11208 -0.6016 -1.8515 0.0435
11209 -0.6011 -1.8499 0.0000
11210 -0.5904 -1.8171 -0.0464
11211 -0.5742 -1.7671 -0.1017
11212 -0.5596 -1.7222 -0.1655
11213 -0.5536 -1.7037 -0.2303
11214 -0.5598 -1.7229 -0.2851
11215 -0.5774 -1.7770 -0.3218
11216 -0.6013 -1.8506 -0.3396
11217 -0.6247 -1.9227 -0.3475
11218 -0.6422 -1.9763 -0.3604
11219 -0.6513 -2.0045 -0.3924
11220 -0.6539 -2.0125 -0.4496
11221 -0.6545 -2.0143 -0.5259
11222 -0.6581 -2.0254 -0.6043
11223 -0.6680 -2.0559 -0.6639
11224 -0.6844 -2.1065 -0.6884
11225 -0.7049 -2.1693 -0.6741
11226 -0.7257 -2.2333 -0.6320
11227 -0.7440 -2.2897 -0.5839
11228 -0.7591 -2.3362 -0.5532
11229 -0.7725 -2.3776 -0.5549
11230 -0.7869 -2.4218 -0.5894
11231 -0.8040 -2.4743 -0.6420
11232 -0.8237 -2.5350 -0.6892
11233 -0.8437 -2.5966 -0.7086
11234 -0.8607 -2.6488 -0.6884
11235 -0.8720 -2.6837 -0.6315
11236 -0.8775 -2.7006 -0.5542
11237 -0.8799 -2.7081 -0.4783
11238 -0.8839 -2.7204 -0.4219
11239 -0.8938 -2.7508 -0.3924
11240 -0.9115 -2.8052 -0.3840
11241 -0.9350 -2.8778 -0.3821
11242 -0.9593 -2.9524 -0.3703
11243 -0.9777 -3.0090 -0.3383
11244 -0.9853 -3.0323 -0.2851
11245 -0.9808 -3.0187 -0.2190
11246 -0.9679 -2.9787 -0.1517
11247 -0.9530 -2.9330 -0.0925
11248 -0.9435 -2.9038 -0.0435
11249 -0.9440 -2.9054 -0.0000
11250 -0.9547 -2.9382 0.0464
11251 -0.9709 -2.9882 0.1017
11252 -0.9855 -3.0331 0.1655
11253 -0.9915 -3.0516 0.2303
11254 -0.9853 -3.0323 0.2851
11255 -0.9677 -2.9783 0.3218
11256 -0.9438 -2.9047 0.3396
11257 -0.9203 -2.8325 0.3475
11258 -0.9029 -2.7789 0.3604
11259 -0.8938 -2.7508 0.3924
11260 -0.8912 -2.7428 0.4496
11261 -0.8906 -2.7410 0.5259
11262 -0.8870 -2.7299 0.6043
11263 -0.8771 -2.6994 0.6639
11264 -0.8607 -2.6488 0.6884
11265 -0.8402 -2.5859 0.6741
11266 -0.8194 -2.5220 0.6320
11267 -0.8011 -2.4656 0.5839
11268 -0.7860 -2.4190 0.5532
11269 -0.7725 -2.3776 0.5549
11270 -0.7582 -2.3335 0.5894
11271 -0.7411 -2.2809 0.6420
11272 -0.7214 -2.2203 0.6892
11273 -0.7014 -2.1587 0.7086
11274 -0.6844 -2.1065 0.6884
11275 -0.6731 -2.0716 0.6315
11276 -0.6676 -2.0546 0.5542
11277 -0.6652 -2.0471 0.4783
11278 -0.6612 -2.0349 0.4219
11279 -0.6513 -2.0045 0.3924
11280 -0.6336 -1.9501 0.3840
11281 -0.5360 -1.8450 0.3672
11282 -0.5187 -1.7853 0.3393
11283 -0.5074 -1.7464 0.2949
11284 -0.4965 -1.7089 0.2466
11285 -0.4964 -1.7086 0.1851
11286 -0.5143 -1.7704 0.1146
11287 -0.5340 -1.8381 0.0554
11288 -0.5381 -1.8522 0.0090
11289 -0.5331 -1.8350 -0.0371
11290 -0.5297 -1.8231 -0.0856
11291 -0.5212 -1.7941 -0.1412
11292 -0.5041 -1.7352 -0.2132
11293 -0.4950 -1.7039 -0.2873
11294 -0.5067 -1.7441 -0.3350
11295 -0.5279 -1.8171 -0.3594
11296 -0.5454 -1.8772 -0.3832
11297 -0.5628 -1.9371 -0.3994
11298 -0.5830 -2.0068 -0.3975
11299 -0.5956 -2.0500 -0.4142
11300 -0.5957 -2.0504 -0.4859
11301 -0.5950 -2.0481 -0.5787
11302 -0.6028 -2.0749 -0.6408
11303 -0.6152 -2.1176 -0.6814
11304 -0.6287 -2.1639 -0.7204
11305 -0.6458 -2.2230 -0.7208
11306 -0.6655 -2.2907 -0.6564
11307 -0.6820 -2.3475 -0.5859
11308 -0.6950 -2.3921 -0.5712
11309 -0.7078 -2.4363 -0.5891
11310 -0.7214 -2.4829 -0.6015
11311 -0.7369 -2.5363 -0.6317
11312 -0.7570 -2.6055 -0.6931
11313 -0.7776 -2.6766 -0.7257
11314 -0.7909 -2.7224 -0.6838
11315 -0.7978 -2.7459 -0.6078
11316 -0.8044 -2.7687 -0.5452
11317 -0.8089 -2.7843 -0.4828
11318 -0.8084 -2.7825 -0.4102
11319 -0.8130 -2.7985 -0.3652
11320 -0.8330 -2.8673 -0.3648
11321 -0.8589 -2.9564 -0.3672
11322 -0.8763 -3.0161 -0.3393
11323 -0.8876 -3.0551 -0.2949
11324 -0.8985 -3.0925 -0.2466
11325 -0.8986 -3.0929 -0.1851
11326 -0.8806 -3.0311 -0.1146
11327 -0.8609 -2.9634 -0.0554
11328 -0.8568 -2.9492 -0.0090
11329 -0.8618 -2.9664 0.0371
11330 -0.8653 -2.9784 0.0856
11331 -0.8737 -3.0074 0.1412
11332 -0.8908 -3.0663 0.2132
11333 -0.8999 -3.0976 0.2873
11334 -0.8883 -3.0574 0.3350
11335 -0.8670 -2.9844 0.3594
11336 -0.8496 -2.9243 0.3832
11337 -0.8322 -2.8644 0.3994
11338 -0.8119 -2.7947 0.3975
11339 -0.7994 -2.7514 0.4142
11340 -0.7993 -2.7510 0.4859
11341 -0.7999 -2.7534 0.5787
11342 -0.7921 -2.7266 0.6408
11343 -0.7797 -2.6839 0.6814
11344 -0.7663 -2.6376 0.7204
11345 -0.7491 -2.5784 0.7208
11346 -0.7294 -2.5108 0.6564
11347 -0.7129 -2.4539 0.5859
11348 -0.7000 -2.4094 0.5712
11349 -0.6871 -2.3651 0.5891
11350 -0.6736 -2.3185 0.6015
11351 -0.6581 -2.2651 0.6317
11352 -0.6380 -2.1960 0.6931
11353 -0.6173 -2.1248 0.7257
11354 -0.6040 -2.0790 0.6838
11355 -0.5972 -2.0556 0.6078
11356 -0.5906 -2.0328 0.5452
11357 -0.5860 -2.0172 0.4828
11358 -0.5866 -2.0190 0.4102
11359 -0.5819 -2.0030 0.3652
11360 -0.5619 -1.9342 0.3648
11361 -0.4640 -1.8073 0.3486
11362 -0.4471 -1.7412 0.3171
11363 -0.4357 -1.6968 0.2694
11364 -0.4282 -1.6676 0.2129
11365 -0.4306 -1.6771 0.1466
11366 -0.4458 -1.7362 0.0781
11367 -0.4623 -1.8006 0.0201
11368 -0.4685 -1.8248 -0.0291
11369 -0.4667 -1.8175 -0.0788
11370 -0.4627 -1.8021 -0.1324
11371 -0.4545 -1.7703 -0.1953
11372 -0.4425 -1.7232 -0.2724
11373 -0.4375 -1.7040 -0.3486
11374 -0.4474 -1.7425 -0.3998
11375 -0.4656 -1.8135 -0.4265
11376 -0.4836 -1.8834 -0.4451
11377 -0.5012 -1.9521 -0.4551
11378 -0.5185 -2.0194 -0.4562
11379 -0.5295 -2.0623 -0.4780
11380 -0.5326 -2.0742 -0.5458
11381 -0.5350 -2.0838 -0.6341
11382 -0.5429 -2.1143 -0.7023
11383 -0.5547 -2.1606 -0.7482
11384 -0.5688 -2.2152 -0.7783
11385 -0.5853 -2.2795 -0.7685
11386 -0.6023 -2.3458 -0.7075
11387 -0.6167 -2.4019 -0.6410
11388 -0.6289 -2.4496 -0.6160
11389 -0.6413 -2.4978 -0.6235
11390 -0.6547 -2.5497 -0.6395
11391 -0.6703 -2.6106 -0.6723
11392 -0.6895 -2.6853 -0.7209
11393 -0.7084 -2.7591 -0.7408
11394 -0.7212 -2.8087 -0.7009
11395 -0.7278 -2.8346 -0.6276
11396 -0.7324 -2.8525 -0.5555
11397 -0.7349 -2.8623 -0.4846
11398 -0.7352 -2.8633 -0.4151
11399 -0.7406 -2.8845 -0.3708
11400 -0.7575 -2.9501 -0.3585
11401 -0.7794 -3.0356 -0.3486
11402 -0.7964 -3.1017 -0.3171
11403 -0.8078 -3.1461 -0.2694
11404 -0.8153 -3.1753 -0.2129
11405 -0.8128 -3.1658 -0.1466
11406 -0.7977 -3.1068 -0.0781
11407 -0.7811 -3.0423 -0.0201
11408 -0.7749 -3.0181 0.0291
11409 -0.7768 -3.0254 0.0788
11410 -0.7808 -3.0409 0.1324
11411 -0.7889 -3.0726 0.1953
11412 -0.8010 -3.1197 0.2724
11413 -0.8059 -3.1390 0.3486
11414 -0.7960 -3.1004 0.3998
11415 -0.7778 -3.0294 0.4265
11416 -0.7599 -2.9595 0.4451
11417 -0.7422 -2.8909 0.4551
11418 -0.7249 -2.8235 0.4562
11419 -0.7139 -2.7806 0.4780
11420 -0.7109 -2.7687 0.5458
11421 -0.7084 -2.7591 0.6341
11422 -0.7006 -2.7286 0.7023
11423 -0.6887 -2.6824 0.7482
11424 -0.6747 -2.6277 0.7783
11425 -0.6582 -2.5635 0.7685
11426 -0.6412 -2.4971 0.7075
11427 -0.6267 -2.4410 0.6410
11428 -0.6145 -2.3933 0.6160
11429 -0.6021 -2.3452 0.6235
11430 -0.5888 -2.2932 0.6395
11431 -0.5732 -2.2323 0.6723
11432 -0.5540 -2.1576 0.7209
11433 -0.5350 -2.0838 0.7408
11434 -0.5223 -2.0342 0.7009
11435 -0.5156 -2.0083 0.6276
11436 -0.5110 -1.9904 0.5555
11437 -0.5085 -1.9807 0.4846
11438 -0.5083 -1.9796 0.4151
11439 -0.5028 -1.9585 0.3708
11440 -0.4860 -1.8928 0.3585
11441 -0.3944 -1.7645 0.3256
11442 -0.3749 -1.6772 0.2953
11443 -0.3603 -1.6119 0.2465
11444 -0.3592 -1.6068 0.1768
11445 -0.3671 -1.6424 0.1032
11446 -0.3762 -1.6828 0.0366
11447 -0.3863 -1.7282 -0.0229
11448 -0.3976 -1.7788 -0.0748
11449 -0.4019 -1.7978 -0.1255
11450 -0.3943 -1.7641 -0.1894
11451 -0.3836 -1.7160 -0.2670
11452 -0.3793 -1.6968 -0.3437
11453 -0.3810 -1.7044 -0.4143
11454 -0.3864 -1.7288 -0.4786
11455 -0.3994 -1.7866 -0.5192
11456 -0.4201 -1.8793 -0.5226
11457 -0.4399 -1.9681 -0.5147
11458 -0.4524 -2.0240 -0.5318
11459 -0.4604 -2.0595 -0.5733
11460 -0.4678 -2.0927 -0.6235
11461 -0.4743 -2.1220 -0.6920
11462 -0.4809 -2.1516 -0.7814
11463 -0.4916 -2.1993 -0.8483
11464 -0.5068 -2.2673 -0.8535
11465 -0.5228 -2.3391 -0.8171
11466 -0.5374 -2.4041 -0.7757
11467 -0.5504 -2.4622 -0.7292
11468 -0.5617 -2.5128 -0.6773
11469 -0.5727 -2.5623 -0.6578
11470 -0.5867 -2.6246 -0.6923
11471 -0.6036 -2.7004 -0.7417
11472 -0.6203 -2.7753 -0.7613
11473 -0.6357 -2.8441 -0.7535
11474 -0.6498 -2.9068 -0.7285
11475 -0.6586 -2.9465 -0.6693
11476 -0.6594 -2.9498 -0.5743
11477 -0.6576 -2.9420 -0.4833
11478 -0.6614 -2.9588 -0.4261
11479 -0.6704 -2.9993 -0.3896
11480 -0.6814 -3.0482 -0.3556
11481 -0.6963 -3.1151 -0.3256
11482 -0.7158 -3.2024 -0.2953
11483 -0.7304 -3.2677 -0.2465
11484 -0.7315 -3.2728 -0.1768
11485 -0.7236 -3.2372 -0.1032
11486 -0.7146 -3.1968 -0.0366
11487 -0.7044 -3.1514 0.0229
11488 -0.6931 -3.1008 0.0748
11489 -0.6889 -3.0818 0.1255
11490 -0.6964 -3.1154 0.1894
11491 -0.7072 -3.1636 0.2670
11492 -0.7114 -3.1828 0.3437
11493 -0.7097 -3.1752 0.4143
11494 -0.7043 -3.1508 0.4786
11495 -0.6914 -3.0930 0.5192
11496 -0.6706 -3.0003 0.5226
11497 -0.6508 -2.9114 0.5147
11498 -0.6383 -2.8556 0.5318
11499 -0.6304 -2.8200 0.5733
11500 -0.6229 -2.7868 0.6235
11501 -0.6164 -2.7576 0.6920
11502 -0.6098 -2.7279 0.7814
11503 -0.5991 -2.6803 0.8483
11504 -0.5839 -2.6123 0.8535
11505 -0.5679 -2.5405 0.8171
11506 -0.5533 -2.4755 0.7757
11507 -0.5404 -2.4174 0.7292
11508 -0.5290 -2.3668 0.6773
11509 -0.5180 -2.3173 0.6578
11510 -0.5040 -2.2550 0.6923
11511 -0.4871 -2.1792 0.7417
11512 -0.4704 -2.1043 0.7613
11513 -0.4550 -2.0355 0.7535
11514 -0.4410 -1.9728 0.7285
11515 -0.4321 -1.9331 0.6693
11516 -0.4314 -1.9298 0.5743
11517 -0.4331 -1.9375 0.4833
11518 -0.4293 -1.9208 0.4261
11519 -0.4203 -1.8803 0.3896
11520 -0.4094 -1.8313 0.3556
11521 -0.3243 -1.7001 0.3046
11522 -0.3063 -1.6059 0.2661
11523 -0.2928 -1.5350 0.2095
11524 -0.2938 -1.5402 0.1327
11525 -0.3027 -1.5870 0.0556
11526 -0.3099 -1.6245 -0.0133
11527 -0.3180 -1.6669 -0.0759
11528 -0.3298 -1.7288 -0.1292
11529 -0.3356 -1.7591 -0.1821
11530 -0.3288 -1.7238 -0.2551
11531 -0.3196 -1.6756 -0.3437
11532 -0.3186 -1.6700 -0.4235
11533 -0.3225 -1.6907 -0.4943
11534 -0.3274 -1.7162 -0.5653
11535 -0.3386 -1.7748 -0.6112
11536 -0.3581 -1.8772 -0.6078
11537 -0.3767 -1.9745 -0.5922
11538 -0.3875 -2.0314 -0.6146
11539 -0.3950 -2.0706 -0.6630
11540 -0.4035 -2.1154 -0.7073
11541 -0.4114 -2.1566 -0.7692
11542 -0.4186 -2.1943 -0.8651
11543 -0.4292 -2.2499 -0.9373
11544 -0.4436 -2.3254 -0.9321
11545 -0.4580 -2.4011 -0.8844
11546 -0.4709 -2.4688 -0.8462
11547 -0.4827 -2.5303 -0.8030
11548 -0.4927 -2.5826 -0.7401
11549 -0.5026 -2.6346 -0.7092
11550 -0.5163 -2.7063 -0.7451
11551 -0.5329 -2.7933 -0.7942
11552 -0.5478 -2.8718 -0.7999
11553 -0.5611 -2.9412 -0.7788
11554 -0.5744 -3.0110 -0.7529
11555 -0.5830 -3.0560 -0.6932
11556 -0.5823 -3.0527 -0.5890
11557 -0.5794 -3.0374 -0.4899
11558 -0.5836 -3.0595 -0.4320
11559 -0.5927 -3.1070 -0.3921
11560 -0.6010 -3.1505 -0.3465
11561 -0.6126 -3.2113 -0.3046
11562 -0.6306 -3.3055 -0.2661
11563 -0.6441 -3.3765 -0.2095
11564 -0.6431 -3.3713 -0.1327
11565 -0.6342 -3.3244 -0.0556
11566 -0.6270 -3.2870 0.0133
11567 -0.6189 -3.2445 0.0759
11568 -0.6071 -3.1827 0.1292
11569 -0.6013 -3.1524 0.1821
11570 -0.6081 -3.1876 0.2551
11571 -0.6173 -3.2359 0.3437
11572 -0.6183 -3.2415 0.4235
11573 -0.6144 -3.2208 0.4943
11574 -0.6095 -3.1953 0.5653
11575 -0.5983 -3.1367 0.6112
11576 -0.5788 -3.0343 0.6078
11577 -0.5603 -2.9369 0.5922
11578 -0.5494 -2.8800 0.6146
11579 -0.5419 -2.8409 0.6630
11580 -0.5334 -2.7961 0.7073
11581 -0.5255 -2.7549 0.7692
11582 -0.5183 -2.7171 0.8651
11583 -0.5077 -2.6615 0.9373
11584 -0.4933 -2.5860 0.9321
11585 -0.4789 -2.5104 0.8844
11586 -0.4660 -2.4427 0.8462
11587 -0.4542 -2.3812 0.8030
11588 -0.4443 -2.3288 0.7401
11589 -0.4343 -2.2768 0.7092
11590 -0.4207 -2.2051 0.7451
11591 -0.4041 -2.1181 0.7942
11592 -0.3891 -2.0397 0.7999
11593 -0.3758 -1.9702 0.7788
11594 -0.3625 -1.9005 0.7529
11595 -0.3539 -1.8554 0.6932
11596 -0.3546 -1.8587 0.5890
11597 -0.3575 -1.8740 0.4899
11598 -0.3533 -1.8520 0.4320
11599 -0.3442 -1.8045 0.3921
11600 -0.3359 -1.7610 0.3465
11601 -0.2563 -1.6181 0.2800
11602 -0.2443 -1.5426 0.2252
11603 -0.2364 -1.4925 0.1566
11604 -0.2350 -1.4834 0.0786
11605 -0.2402 -1.5163 0.0000
11606 -0.2498 -1.5771 -0.0711
11607 -0.2602 -1.6427 -0.1325
11608 -0.2677 -1.6904 -0.1893
11609 -0.2704 -1.7074 -0.2506
11610 -0.2686 -1.6961 -0.3242
11611 -0.2648 -1.6718 -0.4113
11612 -0.2624 -1.6567 -0.5041
11613 -0.2644 -1.6692 -0.5885
11614 -0.2720 -1.7173 -0.6502
11615 -0.2844 -1.7954 -0.6822
11616 -0.2990 -1.8880 -0.6890
11617 -0.3132 -1.9773 -0.6855
11618 -0.3248 -2.0507 -0.6915
11619 -0.3335 -2.1056 -0.7226
11620 -0.3404 -2.1490 -0.7828
11621 -0.3473 -2.1927 -0.8617
11622 -0.3559 -2.2468 -0.9382
11623 -0.3666 -2.3145 -0.9888
11624 -0.3788 -2.3916 -0.9981
11625 -0.3911 -2.4692 -0.9648
11626 -0.4022 -2.5394 -0.9033
11627 -0.4118 -2.6001 -0.8369
11628 -0.4207 -2.6562 -0.7886
11629 -0.4303 -2.7167 -0.7713
11630 -0.4418 -2.7895 -0.7828
11631 -0.4554 -2.8755 -0.8073
11632 -0.4699 -2.9671 -0.8227
11633 -0.4831 -3.0504 -0.8100
11634 -0.4928 -3.1114 -0.7613
11635 -0.4978 -3.1431 -0.6822
11636 -0.4989 -3.1497 -0.5884
11637 -0.4983 -3.1463 -0.4980
11638 -0.4993 -3.1522 -0.4237
11639 -0.5041 -3.1829 -0.3682
11640 -0.5135 -3.2424 -0.3242
11641 -0.5259 -3.3203 -0.2800
11642 -0.5379 -3.3959 -0.2252
11643 -0.5458 -3.4459 -0.1566
11644 -0.5472 -3.4550 -0.0786
11645 -0.5420 -3.4222 -0.0000
11646 -0.5324 -3.3614 0.0711
11647 -0.5220 -3.2958 0.1325
11648 -0.5144 -3.2481 0.1893
11649 -0.5117 -3.2310 0.2506
11650 -0.5135 -3.2424 0.3242
11651 -0.5174 -3.2666 0.4113
11652 -0.5198 -3.2818 0.5041
11653 -0.5178 -3.2692 0.5885
11654 -0.5102 -3.2211 0.6502
11655 -0.4978 -3.1431 0.6822
11656 -0.4831 -3.0504 0.6890
11657 -0.4690 -2.9611 0.6855
11658 -0.4574 -2.8877 0.6915
11659 -0.4487 -2.8329 0.7226
11660 -0.4418 -2.7895 0.7828
11661 -0.4349 -2.7458 0.8617
11662 -0.4263 -2.6917 0.9382
11663 -0.4156 -2.6239 0.9888
11664 -0.4034 -2.5468 0.9981
11665 -0.3911 -2.4692 0.9648
11666 -0.3800 -2.3990 0.9033
11667 -0.3704 -2.3383 0.8369
11668 -0.3615 -2.2822 0.7886
11669 -0.3519 -2.2217 0.7713
11670 -0.3404 -2.1490 0.7828
11671 -0.3267 -2.0629 0.8073
11672 -0.3122 -1.9713 0.8227
11673 -0.2990 -1.8880 0.8100
11674 -0.2894 -1.8270 0.7613
11675 -0.2844 -1.7954 0.6822
11676 -0.2833 -1.7887 0.5884
11677 -0.2839 -1.7922 0.4980
11678 -0.2829 -1.7863 0.4237
11679 -0.2781 -1.7555 0.3682
11680 -0.2686 -1.6961 0.3242
11681 -0.1966 -1.5562 0.2392
11682 -0.1897 -1.5015 0.1722
11683 -0.1862 -1.4741 0.0959
11684 -0.1833 -1.4508 0.0163
11685 -0.1857 -1.4699 -0.0641
11686 -0.1964 -1.5544 -0.1328
11687 -0.2075 -1.6429 -0.1887
11688 -0.2118 -1.6766 -0.2492
11689 -0.2123 -1.6809 -0.3190
11690 -0.2139 -1.6928 -0.3889
11691 -0.2137 -1.6915 -0.4702
11692 -0.2106 -1.6674 -0.5758
11693 -0.2113 -1.6724 -0.6736
11694 -0.2199 -1.7409 -0.7222
11695 -0.2319 -1.8357 -0.7369
11696 -0.2424 -1.9188 -0.7538
11697 -0.2527 -2.0003 -0.7623
11698 -0.2636 -2.0868 -0.7490
11699 -0.2721 -2.1538 -0.7604
11700 -0.2774 -2.1962 -0.8362
11701 -0.2834 -2.2430 -0.9315
11702 -0.2918 -2.3095 -0.9865
11703 -0.3013 -2.3852 -1.0142
11704 -0.3113 -2.4641 -1.0376
11705 -0.3214 -2.5439 -1.0184
11706 -0.3300 -2.6121 -0.9333
11707 -0.3370 -2.6675 -0.8440
11708 -0.3446 -2.7275 -0.8101
11709 -0.3533 -2.7968 -0.8057
11710 -0.3621 -2.8661 -0.7937
11711 -0.3723 -2.9467 -0.7950
11712 -0.3855 -3.0516 -0.8193
11713 -0.3978 -3.1486 -0.8143
11714 -0.4038 -3.1968 -0.7452
11715 -0.4057 -3.2114 -0.6497
11716 -0.4078 -3.2282 -0.5660
11717 -0.4089 -3.2366 -0.4838
11718 -0.4072 -3.2234 -0.3966
11719 -0.4086 -3.2347 -0.3290
11720 -0.4181 -3.3099 -0.2863
11721 -0.4301 -3.4044 -0.2392
11722 -0.4370 -3.4590 -0.1722
11723 -0.4404 -3.4865 -0.0959
11724 -0.4434 -3.5097 -0.0163
11725 -0.4410 -3.4907 0.0641
11726 -0.4303 -3.4062 0.1328
11727 -0.4191 -3.3177 0.1887
11728 -0.4149 -3.2840 0.2492
11729 -0.4143 -3.2797 0.3190
11730 -0.4128 -3.2678 0.3889
11731 -0.4130 -3.2690 0.4702
11732 -0.4160 -3.2932 0.5758
11733 -0.4154 -3.2881 0.6736
11734 -0.4067 -3.2197 0.7222
11735 -0.3948 -3.1248 0.7369
11736 -0.3843 -3.0418 0.7538
11737 -0.3740 -2.9603 0.7623
11738 -0.3630 -2.8738 0.7490
11739 -0.3546 -2.8067 0.7604
11740 -0.3492 -2.7643 0.8362
11741 -0.3433 -2.7176 0.9315
11742 -0.3349 -2.6511 0.9865
11743 -0.3253 -2.5754 1.0142
11744 -0.3154 -2.4965 1.0376
11745 -0.3053 -2.4167 1.0184
11746 -0.2967 -2.3485 0.9333
11747 -0.2897 -2.2931 0.8440
11748 -0.2821 -2.2330 0.8101
11749 -0.2734 -2.1638 0.8057
11750 -0.2646 -2.0945 0.7937
11751 -0.2544 -2.0138 0.7950
11752 -0.2412 -1.9090 0.8193
11753 -0.2289 -1.8120 0.8143
11754 -0.2228 -1.7638 0.7452
11755 -0.2210 -1.7492 0.6497
11756 -0.2189 -1.7324 0.5660
11757 -0.2178 -1.7240 0.4838
11758 -0.2195 -1.7372 0.3966
11759 -0.2180 -1.7259 0.3290
11760 -0.2085 -1.6507 0.2863
11761 -0.1465 -1.5502 0.1799
11762 -0.1411 -1.4925 0.1105
11763 -0.1382 -1.4625 0.0324
11764 -0.1372 -1.4514 -0.0491
11765 -0.1402 -1.4827 -0.1277
11766 -0.1479 -1.5646 -0.1923
11767 -0.1560 -1.6499 -0.2448
11768 -0.1602 -1.6945 -0.3015
11769 -0.1616 -1.7099 -0.3682
11770 -0.1626 -1.7198 -0.4406
11771 -0.1624 -1.7179 -0.5263
11772 -0.1613 -1.7066 -0.6296
11773 -0.1629 -1.7232 -0.7222
11774 -0.1692 -1.7899 -0.7716
11775 -0.1779 -1.8817 -0.7863
11776 -0.1863 -1.9707 -0.7925
11777 -0.1944 -2.0567 -0.7897
11778 -0.2022 -2.1394 -0.7775
11779 -0.2085 -2.2052 -0.7916
11780 -0.2132 -2.2553 -0.8579
11781 -0.2183 -2.3098 -0.9429
11782 -0.2249 -2.3789 -1.0009
11783 -0.2322 -2.4566 -1.0310
11784 -0.2399 -2.5378 -1.0421
11785 -0.2473 -2.6160 -1.0107
11786 -0.2534 -2.6803 -0.9285
11787 -0.2583 -2.7327 -0.8428
11788 -0.2636 -2.7891 -0.7980
11789 -0.2699 -2.8555 -0.7825
11790 -0.2767 -2.9276 -0.7725
11791 -0.2848 -3.0129 -0.7745
11792 -0.2945 -3.1157 -0.7858
11793 -0.3032 -3.2079 -0.7691
11794 -0.3079 -3.2571 -0.7021
11795 -0.3093 -3.2718 -0.6100
11796 -0.3098 -3.2779 -0.5206
11797 -0.3096 -3.2751 -0.4341
11798 -0.3084 -3.2629 -0.3510
11799 -0.3098 -3.2769 -0.2850
11800 -0.3160 -3.3430 -0.2347
11801 -0.3240 -3.4276 -0.1799
11802 -0.3295 -3.4853 -0.1105
11803 -0.3323 -3.5153 -0.0324
11804 -0.3333 -3.5264 0.0491
11805 -0.3304 -3.4951 0.1277
11806 -0.3226 -3.4132 0.1923
11807 -0.3146 -3.3279 0.2448
11808 -0.3104 -3.2833 0.3015
11809 -0.3089 -3.2679 0.3682
11810 -0.3080 -3.2580 0.4406
11811 -0.3082 -3.2599 0.5263
11812 -0.3092 -3.2713 0.6296
11813 -0.3076 -3.2546 0.7222
11814 -0.3013 -3.1879 0.7716
11815 -0.2927 -3.0961 0.7863
11816 -0.2843 -3.0072 0.7925
11817 -0.2761 -2.9211 0.7897
11818 -0.2683 -2.8384 0.7775
11819 -0.2621 -2.7726 0.7916
11820 -0.2574 -2.7225 0.8579
11821 -0.2522 -2.6680 0.9429
11822 -0.2457 -2.5989 1.0009
11823 -0.2383 -2.5212 1.0310
11824 -0.2306 -2.4400 1.0421
11825 -0.2233 -2.3618 1.0107
11826 -0.2172 -2.2975 0.9285
11827 -0.2122 -2.2451 0.8428
11828 -0.2069 -2.1887 0.7980
11829 -0.2006 -2.1223 0.7825
11830 -0.1938 -2.0502 0.7725
11831 -0.1857 -1.9649 0.7745
11832 -0.1760 -1.8621 0.7858
11833 -0.1673 -1.7699 0.7691
11834 -0.1627 -1.7207 0.7021
11835 -0.1613 -1.7061 0.6100
11836 -0.1607 -1.6999 0.5206
11837 -0.1610 -1.7027 0.4341
11838 -0.1621 -1.7149 0.3510
11839 -0.1608 -1.7009 0.2850
11840 -0.1545 -1.6349 0.2347
11841 -0.1003 -1.5944 0.1140
11842 -0.0955 -1.5180 0.0462
11843 -0.0924 -1.4694 -0.0323
11844 -0.0935 -1.4867 -0.1115
11845 -0.0972 -1.5457 -0.1815
11846 -0.1012 -1.6081 -0.2431
11847 -0.1053 -1.6741 -0.2962
11848 -0.1097 -1.7435 -0.3400
11849 -0.1122 -1.7827 -0.3924
11850 -0.1117 -1.7755 -0.4736
11851 -0.1107 -1.7592 -0.5719
11852 -0.1115 -1.7716 -0.6596
11853 -0.1138 -1.8087 -0.7324
11854 -0.1171 -1.8608 -0.7933
11855 -0.1220 -1.9386 -0.8204
11856 -0.1283 -2.0395 -0.8003
11857 -0.1342 -2.1335 -0.7698
11858 -0.1386 -2.2036 -0.7729
11859 -0.1423 -2.2617 -0.8047
11860 -0.1460 -2.3205 -0.8447
11861 -0.1498 -2.3813 -0.9024
11862 -0.1541 -2.4490 -0.9790
11863 -0.1590 -2.5273 -1.0277
11864 -0.1640 -2.6064 -1.0103
11865 -0.1684 -2.6762 -0.9512
11866 -0.1722 -2.7377 -0.8887
11867 -0.1756 -2.7907 -0.8226
11868 -0.1783 -2.8344 -0.7530
11869 -0.1816 -2.8867 -0.7137
11870 -0.1867 -2.9677 -0.7209
11871 -0.1929 -3.0658 -0.7373
11872 -0.1984 -3.1534 -0.7249
11873 -0.2030 -3.2260 -0.6878
11874 -0.2068 -3.2868 -0.6355
11875 -0.2085 -3.3138 -0.5575
11876 -0.2072 -3.2938 -0.4565
11877 -0.2053 -3.2634 -0.3623
11878 -0.2055 -3.2664 -0.2921
11879 -0.2075 -3.2982 -0.2338
11880 -0.2100 -3.3381 -0.1749
11881 -0.2136 -3.3957 -0.1140
11882 -0.2185 -3.4722 -0.0462
11883 -0.2215 -3.5207 0.0323
11884 -0.2204 -3.5034 0.1115
11885 -0.2167 -3.4444 0.1815
11886 -0.2128 -3.3820 0.2431
11887 -0.2086 -3.3161 0.2962
11888 -0.2043 -3.2466 0.3400
11889 -0.2018 -3.2074 0.3924
11890 -0.2022 -3.2146 0.4736
11891 -0.2033 -3.2309 0.5719
11892 -0.2025 -3.2186 0.6596
11893 -0.2002 -3.1815 0.7324
11894 -0.1969 -3.1293 0.7933
11895 -0.1920 -3.0515 0.8204
11896 -0.1856 -2.9507 0.8003
11897 -0.1797 -2.8566 0.7698
11898 -0.1753 -2.7865 0.7729
11899 -0.1717 -2.7284 0.8047
11900 -0.1680 -2.6696 0.8447
11901 -0.1641 -2.6088 0.9024
11902 -0.1599 -2.5411 0.9790
11903 -0.1549 -2.4628 1.0277
11904 -0.1500 -2.3837 1.0103
11905 -0.1456 -2.3140 0.9512
11906 -0.1417 -2.2524 0.8887
11907 -0.1384 -2.1995 0.8226
11908 -0.1356 -2.1557 0.7530
11909 -0.1323 -2.1035 0.7137
11910 -0.1272 -2.0224 0.7209
11911 -0.1211 -1.9243 0.7373
11912 -0.1156 -1.8367 0.7249
11913 -0.1110 -1.7641 0.6878
11914 -0.1072 -1.7034 0.6355
11915 -0.1055 -1.6763 0.5575
11916 -0.1067 -1.6963 0.4565
11917 -0.1086 -1.7267 0.3623
11918 -0.1084 -1.7237 0.2921
11919 -0.1064 -1.6919 0.2338
11920 -0.1039 -1.6521 0.1749
11921 -0.0519 -1.6518 0.0533
11922 -0.0494 -1.5725 -0.0146
11923 -0.0478 -1.5214 -0.0924
11924 -0.0487 -1.5504 -0.1656
11925 -0.0509 -1.6199 -0.2258
11926 -0.0527 -1.6779 -0.2812
11927 -0.0546 -1.7389 -0.3290
11928 -0.0571 -1.8160 -0.3617
11929 -0.0585 -1.8625 -0.4040
11930 -0.0582 -1.8519 -0.4859
11931 -0.0576 -1.8337 -0.5867
11932 -0.0583 -1.8541 -0.6656
11933 -0.0596 -1.8972 -0.7275
11934 -0.0611 -1.9452 -0.7880
11935 -0.0634 -2.0175 -0.8142
11936 -0.0665 -2.1170 -0.7796
11937 -0.0694 -2.2080 -0.7348
11938 -0.0714 -2.2716 -0.7388
11939 -0.0731 -2.3261 -0.7729
11940 -0.0749 -2.3848 -0.8012
11941 -0.0769 -2.4455 -0.8474
11942 -0.0790 -2.5133 -0.9268
11943 -0.0814 -2.5912 -0.9779
11944 -0.0837 -2.6643 -0.9489
11945 -0.0856 -2.7244 -0.8793
11946 -0.0874 -2.7798 -0.8213
11947 -0.0889 -2.8276 -0.7602
11948 -0.0899 -2.8603 -0.6831
11949 -0.0912 -2.9026 -0.6366
11950 -0.0938 -2.9845 -0.6472
11951 -0.0970 -3.0851 -0.6654
11952 -0.0994 -3.1641 -0.6450
11953 -0.1014 -3.2259 -0.6018
11954 -0.1033 -3.2864 -0.5538
11955 -0.1041 -3.3125 -0.4815
11956 -0.1030 -3.2780 -0.3819
11957 -0.1016 -3.2332 -0.2909
11958 -0.1017 -3.2372 -0.2273
11959 -0.1028 -3.2713 -0.1728
11960 -0.1037 -3.2996 -0.1140
11961 -0.1051 -3.3458 -0.0533
11962 -0.1076 -3.4251 0.0146
11963 -0.1092 -3.4762 0.0924
11964 -0.1083 -3.4472 0.1656
11965 -0.1061 -3.3777 0.2258
11966 -0.1043 -3.3197 0.2812
11967 -0.1024 -3.2586 0.3290
11968 -0.1000 -3.1816 0.3617
11969 -0.0985 -3.1351 0.4040
11970 -0.0989 -3.1456 0.4859
11971 -0.0994 -3.1639 0.5867
11972 -0.0988 -3.1435 0.6656
11973 -0.0974 -3.1003 0.7275
11974 -0.0959 -3.0523 0.7880
11975 -0.0937 -2.9800 0.8142
11976 -0.0905 -2.8805 0.7796
11977 -0.0877 -2.7896 0.7348
11978 -0.0857 -2.7259 0.7388
11979 -0.0840 -2.6715 0.7729
11980 -0.0821 -2.6127 0.8012
11981 -0.0802 -2.5521 0.8474
11982 -0.0781 -2.4842 0.9268
11983 -0.0756 -2.4064 0.9779
11984 -0.0733 -2.3332 0.9489
11985 -0.0714 -2.2731 0.8793
11986 -0.0697 -2.2177 0.8213
11987 -0.0682 -2.1700 0.7602
11988 -0.0672 -2.1372 0.6831
11989 -0.0658 -2.0950 0.6366
11990 -0.0633 -2.0131 0.6472
11991 -0.0601 -1.9124 0.6654
11992 -0.0576 -1.8335 0.6450
11993 -0.0557 -1.7716 0.6018
11994 -0.0538 -1.7111 0.5538
11995 -0.0530 -1.6850 0.4815
11996 -0.0540 -1.7196 0.3819
11997 -0.0554 -1.7643 0.2909
11998 -0.0553 -1.7603 0.2273
11999 -0.0542 -1.7262 0.1728
12000 -0.0534 -1.6979 0.1140
12001 -0.0000 -1.7000 0.0000
12002 -0.0000 -1.6439 -0.0674
12003 -0.0000 -1.6159 -0.1400
12004 -0.0000 -1.6296 -0.2090
12005 -0.0000 -1.6833 -0.2654
12006 -0.0000 -1.7609 -0.3061
12007 -0.0000 -1.8396 -0.3365
12008 -0.0000 -1.8990 -0.3683
12009 -0.0000 -1.9297 -0.4143
12010 -0.0000 -1.9364 -0.4814
12011 -0.0000 -1.9343 -0.5657
12012 -0.0000 -1.9423 -0.6530
12013 -0.0000 -1.9739 -0.7242
12014 -0.0000 -2.0323 -0.7632
12015 -0.0000 -2.1101 -0.7652
12016 -0.0000 -2.1939 -0.7391
12017 -0.0000 -2.2709 -0.7049
12018 -0.0000 -2.3354 -0.6854
12019 -0.0000 -2.3897 -0.6962
12020 -0.0000 -2.4418 -0.7389
12021 -0.0000 -2.5000 -0.8000
12022 -0.0000 -2.5674 -0.8561
12023 -0.0000 -2.6400 -0.8841
12024 -0.0000 -2.7090 -0.8704
12025 -0.0000 -2.7654 -0.8167
12026 -0.0000 -2.8061 -0.7391
12027 -0.0000 -2.8365 -0.6604
12028 -0.0000 -2.8683 -0.6010
12029 -0.0000 -2.9143 -0.5703
12030 -0.0000 -2.9814 -0.5636
12031 -0.0000 -3.0657 -0.5657
12032 -0.0000 -3.1530 -0.5577
12033 -0.0000 -3.2242 -0.5261
12034 -0.0000 -3.2632 -0.4677
12035 -0.0000 -3.2652 -0.3899
12036 -0.0000 -3.2391 -0.3061
12037 -0.0000 -3.2049 -0.2291
12038 -0.0000 -3.1854 -0.1646
12039 -0.0000 -3.1962 -0.1103
12040 -0.0000 -3.2389 -0.0582
12041 -0.0000 -3.3000 -0.0000
12042 -0.0000 -3.3561 0.0674
12043 -0.0000 -3.3841 0.1400
12044 -0.0000 -3.3704 0.2090
12045 -0.0000 -3.3167 0.2654
12046 -0.0000 -3.2391 0.3061
12047 -0.0000 -3.1604 0.3365
12048 -0.0000 -3.1010 0.3683
12049 -0.0000 -3.0703 0.4143
12050 -0.0000 -3.0636 0.4814
12051 -0.0000 -3.0657 0.5657
12052 -0.0000 -3.0577 0.6530
12053 -0.0000 -3.0261 0.7242
12054 -0.0000 -2.9677 0.7632
12055 -0.0000 -2.8899 0.7652
12056 -0.0000 -2.8061 0.7391
12057 -0.0000 -2.7291 0.7049
12058 -0.0000 -2.6646 0.6854
12059 -0.0000 -2.6103 0.6962
12060 -0.0000 -2.5582 0.7389
12061 -0.0000 -2.5000 0.8000
12062 -0.0000 -2.4326 0.8561
12063 -0.0000 -2.3600 0.8841
12064 -0.0000 -2.2910 0.8704
12065 -0.0000 -2.2346 0.8167
12066 -0.0000 -2.1939 0.7391
12067 -0.0000 -2.1635 0.6604
12068 -0.0000 -2.1317 0.6010
12069 -0.0000 -2.0857 0.5703
12070 -0.0000 -2.0186 0.5636
12071 -0.0000 -1.9343 0.5657
12072 -0.0000 -1.8470 0.5577
12073 -0.0000 -1.7758 0.5261
12074 -0.0000 -1.7368 0.4677
12075 -0.0000 -1.7348 0.3899
12076 -0.0000 -1.7609 0.3061
12077 -0.0000 -1.7951 0.2291
12078 -0.0000 -1.8146 0.1646
12079 -0.0000 -1.8038 0.1103
12080 -0.0000 -1.7611 0.0582
12081 0.0550 -1.7497 -0.0472
12082 0.0539 -1.7164 -0.1114
12083 0.0538 -1.7106 -0.1763
12084 0.0537 -1.7087 -0.2432
12085 0.0549 -1.7463 -0.2981
12086 0.0579 -1.8418 -0.3220
12087 0.0608 -1.9360 -0.3330
12088 0.0622 -1.9780 -0.3662
12089 0.0627 -1.9937 -0.4180
12090 0.0633 -2.0156 -0.4684
12091 0.0637 -2.0276 -0.5347
12092 0.0636 -2.0243 -0.6323
12093 0.0643 -2.0457 -0.7143
12094 0.0664 -2.1120 -0.7309
12095 0.0689 -2.1925 -0.7082
12096 0.0711 -2.2618 -0.6924
12097 0.0731 -2.3267 -0.6704
12098 0.0751 -2.3893 -0.6273
12099 0.0767 -2.4407 -0.6150
12100 0.0782 -2.4882 -0.6730
12101 0.0800 -2.5459 -0.7494
12102 0.0820 -2.6101 -0.7828
12103 0.0841 -2.6749 -0.7885
12104 0.0862 -2.7418 -0.7904
12105 0.0879 -2.7967 -0.7528
12106 0.0886 -2.8206 -0.6573
12107 0.0890 -2.8316 -0.5630
12108 0.0900 -2.8647 -0.5210
12109 0.0917 -2.9166 -0.5053
12110 0.0932 -2.9670 -0.4834
12111 0.0953 -3.0332 -0.4714
12112 0.0984 -3.1307 -0.4747
12113 0.1010 -3.2127 -0.4533
12114 0.1015 -3.2293 -0.3870
12115 0.1008 -3.2066 -0.3065
12116 0.1003 -3.1909 -0.2371
12117 0.0996 -3.1688 -0.1721
12118 0.0982 -3.1258 -0.1095
12119 0.0978 -3.1135 -0.0581
12120 0.0997 -3.1715 -0.0106
12121 0.1021 -3.2478 0.0472
12122 0.1031 -3.2812 0.1114
12123 0.1033 -3.2869 0.1763
12124 0.1034 -3.2888 0.2432
12125 0.1022 -3.2512 0.2981
12126 0.0992 -3.1557 0.3220
12127 0.0962 -3.0615 0.3330
12128 0.0949 -3.0195 0.3662
12129 0.0944 -3.0038 0.4180
12130 0.0937 -2.9819 0.4684
12131 0.0933 -2.9700 0.5347
12132 0.0934 -2.9733 0.6323
12133 0.0928 -2.9519 0.7143
12134 0.0907 -2.8856 0.7309
12135 0.0882 -2.8051 0.7082
12136 0.0860 -2.7357 0.6924
12137 0.0839 -2.6708 0.6704
12138 0.0820 -2.6082 0.6273
12139 0.0804 -2.5569 0.6150
12140 0.0789 -2.5093 0.6730
12141 0.0770 -2.4516 0.7494
12142 0.0750 -2.3874 0.7828
12143 0.0730 -2.3226 0.7885
12144 0.0709 -2.2557 0.7904
12145 0.0692 -2.2008 0.7528
12146 0.0684 -2.1769 0.6573
12147 0.0681 -2.1660 0.5630
12148 0.0670 -2.1328 0.5210
12149 0.0654 -2.0809 0.5053
12150 0.0638 -2.0306 0.4834
12151 0.0617 -1.9643 0.4714
12152 0.0587 -1.8668 0.4747
12153 0.0561 -1.7848 0.4533
12154 0.0556 -1.7682 0.3870
12155 0.0563 -1.7909 0.3065
12156 0.0568 -1.8067 0.2371
12157 0.0575 -1.8287 0.1721
12158 0.0588 -1.8718 0.1095
12159 0.0592 -1.8840 0.0581
12160 0.0574 -1.8261 0.0106
12161 0.1140 -1.8115 -0.0865
12162 0.1116 -1.7744 -0.1495
12163 0.1110 -1.7648 -0.2126
12164 0.1115 -1.7727 -0.2735
12165 0.1144 -1.8185 -0.3190
12166 0.1200 -1.9067 -0.3362
12167 0.1254 -1.9931 -0.3418
12168 0.1284 -2.0406 -0.3649
12169 0.1297 -2.0620 -0.4075
12170 0.1308 -2.0787 -0.4585
12171 0.1313 -2.0871 -0.5269
12172 0.1316 -2.0910 -0.6163
12173 0.1332 -2.1174 -0.6883
12174 0.1370 -2.1773 -0.7052
12175 0.1415 -2.2497 -0.6828
12176 0.1457 -2.3163 -0.6546
12177 0.1495 -2.3769 -0.6204
12178 0.1530 -2.4312 -0.5800
12179 0.1558 -2.4771 -0.5715
12180 0.1588 -2.5242 -0.6192
12181 0.1624 -2.5814 -0.6850
12182 0.1664 -2.6443 -0.7221
12183 0.1703 -2.7072 -0.7317
12184 0.1741 -2.7680 -0.7238
12185 0.1770 -2.8134 -0.6779
12186 0.1781 -2.8306 -0.5895
12187 0.1784 -2.8362 -0.5030
12188 0.1799 -2.8592 -0.4554
12189 0.1826 -2.9018 -0.4340
12190 0.1858 -2.9526 -0.4172
12191 0.1901 -3.0210 -0.4087
12192 0.1957 -3.1102 -0.4049
12193 0.2002 -3.1821 -0.3784
12194 0.2013 -3.1989 -0.3184
12195 0.1998 -3.1765 -0.2458
12196 0.1981 -3.1484 -0.1791
12197 0.1959 -3.1143 -0.1184
12198 0.1934 -3.0739 -0.0640
12199 0.1929 -3.0654 -0.0180
12200 0.1959 -3.1130 0.0292
12201 0.2000 -3.1787 0.0865
12202 0.2023 -3.2157 0.1495
12203 0.2029 -3.2254 0.2126
12204 0.2024 -3.2174 0.2735
12205 0.1995 -3.1716 0.3190
12206 0.1940 -3.0834 0.3362
12207 0.1886 -2.9970 0.3418
12208 0.1856 -2.9496 0.3649
12209 0.1842 -2.9282 0.4075
12210 0.1832 -2.9114 0.4585
12211 0.1826 -2.9030 0.5269
12212 0.1824 -2.8991 0.6163
12213 0.1807 -2.8727 0.6883
12214 0.1770 -2.8128 0.7052
12215 0.1724 -2.7404 0.6828
12216 0.1682 -2.6738 0.6546
12217 0.1644 -2.6132 0.6204
12218 0.1610 -2.5590 0.5800
12219 0.1581 -2.5130 0.5715
12220 0.1551 -2.4659 0.6192
12221 0.1515 -2.4087 0.6850
12222 0.1476 -2.3458 0.7221
12223 0.1436 -2.2829 0.7317
12224 0.1398 -2.2221 0.7238
12225 0.1369 -2.1767 0.6779
12226 0.1359 -2.1595 0.5895
12227 0.1355 -2.1539 0.5030
12228 0.1341 -2.1309 0.4554
12229 0.1314 -2.0884 0.4340
12230 0.1282 -2.0375 0.4172
12231 0.1239 -1.9692 0.4087
12232 0.1183 -1.8799 0.4049
12233 0.1138 -1.8081 0.3784
12234 0.1127 -1.7913 0.3184
12235 0.1141 -1.8136 0.2458
12236 0.1159 -1.8418 0.1791
12237 0.1180 -1.8759 0.1184
12238 0.1206 -1.9162 0.0640
12239 0.1211 -1.9247 0.0180
12240 0.1181 -1.8771 -0.0292
12241 0.1761 -1.8629 -0.1199
12242 0.1708 -1.8065 -0.1875
12243 0.1681 -1.7782 -0.2570
12244 0.1712 -1.8112 -0.3074
12245 0.1776 -1.8792 -0.3367
12246 0.1840 -1.9465 -0.3579
12247 0.1903 -2.0131 -0.3707
12248 0.1965 -2.0789 -0.3747
12249 0.2002 -2.1175 -0.3973
12250 0.2004 -2.1197 -0.4628
12251 0.2002 -2.1176 -0.5489
12252 0.2021 -2.1384 -0.6173
12253 0.2058 -2.1773 -0.6652
12254 0.2104 -2.2260 -0.6987
12255 0.2163 -2.2883 -0.6937
12256 0.2228 -2.3573 -0.6383
12257 0.2284 -2.4164 -0.5767
12258 0.2328 -2.4628 -0.5561
12259 0.2370 -2.5067 -0.5682
12260 0.2414 -2.5537 -0.5895
12261 0.2466 -2.6083 -0.6288
12262 0.2529 -2.6756 -0.6854
12263 0.2595 -2.7448 -0.7139
12264 0.2642 -2.7949 -0.6808
12265 0.2670 -2.8241 -0.6124
12266 0.2690 -2.8452 -0.5448
12267 0.2702 -2.8580 -0.4779
12268 0.2705 -2.8619 -0.4118
12269 0.2727 -2.8844 -0.3731
12270 0.2788 -2.9497 -0.3708
12271 0.2869 -3.0353 -0.3730
12272 0.2934 -3.1034 -0.3521
12273 0.2979 -3.1512 -0.3130
12274 0.3010 -3.1845 -0.2640
12275 0.3006 -3.1795 -0.2015
12276 0.2953 -3.1244 -0.1322
12277 0.2895 -3.0631 -0.0729
12278 0.2876 -3.0426 -0.0262
12279 0.2887 -3.0546 0.0179
12280 0.2907 -3.0758 0.0651
12281 0.2944 -3.1149 0.1199
12282 0.2998 -3.1713 0.1875
12283 0.3025 -3.1996 0.2570
12284 0.2993 -3.1667 0.3074
12285 0.2929 -3.0986 0.3367
12286 0.2865 -3.0313 0.3579
12287 0.2802 -2.9647 0.3707
12288 0.2740 -2.8989 0.3747
12289 0.2704 -2.8603 0.3973
12290 0.2702 -2.8581 0.4628
12291 0.2704 -2.8602 0.5489
12292 0.2684 -2.8394 0.6173
12293 0.2647 -2.8005 0.6652
12294 0.2601 -2.7518 0.6987
12295 0.2542 -2.6895 0.6937
12296 0.2477 -2.6205 0.6383
12297 0.2421 -2.5614 0.5767
12298 0.2377 -2.5150 0.5561
12299 0.2336 -2.4711 0.5682
12300 0.2291 -2.4241 0.5895
12301 0.2240 -2.3695 0.6288
12302 0.2176 -2.3022 0.6854
12303 0.2111 -2.2330 0.7139
12304 0.2063 -2.1829 0.6808
12305 0.2036 -2.1537 0.6124
12306 0.2016 -2.1326 0.5448
12307 0.2004 -2.1198 0.4779
12308 0.2000 -2.1159 0.4118
12309 0.1979 -2.0934 0.3731
12310 0.1917 -2.0281 0.3708
12311 0.1836 -1.9425 0.3730
12312 0.1772 -1.8744 0.3521
12313 0.1727 -1.8266 0.3130
12314 0.1695 -1.7933 0.2640
12315 0.1700 -1.7983 0.2015
12316 0.1752 -1.8534 0.1322
12317 0.1810 -1.9147 0.0729
12318 0.1829 -1.9352 0.0262
12319 0.1818 -1.9232 -0.0179
12320 0.1798 -1.9020 -0.0651
12321 0.2358 -1.8669 -0.1587
12322 0.2284 -1.8081 -0.2320
12323 0.2246 -1.7779 -0.3064
12324 0.2300 -1.8205 -0.3521
12325 0.2396 -1.8963 -0.3735
12326 0.2474 -1.9588 -0.3947
12327 0.2553 -2.0207 -0.4084
12328 0.2643 -2.0921 -0.4038
12329 0.2699 -2.1368 -0.4186
12330 0.2702 -2.1388 -0.4897
12331 0.2702 -2.1387 -0.5822
12332 0.2738 -2.1677 -0.6431
12333 0.2795 -2.2124 -0.6819
12334 0.2856 -2.2608 -0.7192
12335 0.2932 -2.3212 -0.7174
12336 0.3017 -2.3884 -0.6508
12337 0.3088 -2.4442 -0.5784
12338 0.3144 -2.4890 -0.5622
12339 0.3202 -2.5346 -0.5787
12340 0.3262 -2.5824 -0.5896
12341 0.3332 -2.6378 -0.6183
12342 0.3424 -2.7104 -0.6775
12343 0.3517 -2.7843 -0.7080
12344 0.3575 -2.8296 -0.6650
12345 0.3601 -2.8509 -0.5886
12346 0.3628 -2.8719 -0.5257
12347 0.3645 -2.8855 -0.4633
12348 0.3639 -2.8809 -0.3913
12349 0.3658 -2.8955 -0.3463
12350 0.3747 -2.9661 -0.3442
12351 0.3863 -3.0579 -0.3443
12352 0.3939 -3.1183 -0.3150
12353 0.3988 -3.1568 -0.2700
12354 0.4035 -3.1938 -0.2212
12355 0.4033 -3.1921 -0.1604
12356 0.3949 -3.1259 -0.0926
12357 0.3858 -3.0541 -0.0364
12358 0.3838 -3.0380 0.0088
12359 0.3859 -3.0544 0.0547
12360 0.3872 -3.0653 0.1029
12361 0.3908 -3.0937 0.1587
12362 0.3982 -3.1525 0.2320
12363 0.4021 -3.1827 0.3064
12364 0.3967 -3.1400 0.3521
12365 0.3871 -3.0642 0.3735
12366 0.3792 -3.0018 0.3947
12367 0.3714 -2.9399 0.4084
12368 0.3624 -2.8685 0.4038
12369 0.3567 -2.8238 0.4186
12370 0.3565 -2.8217 0.4897
12371 0.3565 -2.8219 0.5822
12372 0.3528 -2.7929 0.6431
12373 0.3472 -2.7481 0.6819
12374 0.3411 -2.6998 0.7192
12375 0.3334 -2.6394 0.7174
12376 0.3249 -2.5722 0.6508
12377 0.3179 -2.5164 0.5784
12378 0.3122 -2.4715 0.5622
12379 0.3065 -2.4260 0.5787
12380 0.3004 -2.3782 0.5896
12381 0.2934 -2.3228 0.6183
12382 0.2843 -2.2502 0.6775
12383 0.2749 -2.1763 0.7080
12384 0.2692 -2.1310 0.6650
12385 0.2665 -2.1097 0.5886
12386 0.2639 -2.0887 0.5257
12387 0.2621 -2.0751 0.4633
12388 0.2627 -2.0797 0.3913
12389 0.2609 -2.0650 0.3463
12390 0.2520 -1.9944 0.3442
12391 0.2404 -1.9027 0.3443
12392 0.2327 -1.8423 0.3150
12393 0.2279 -1.8037 0.2700
12394 0.2232 -1.7668 0.2212
12395 0.2234 -1.7685 0.1604
12396 0.2318 -1.8346 0.0926
12397 0.2408 -1.9064 0.0364
12398 0.2429 -1.9226 -0.0088
12399 0.2408 -1.9062 -0.0547
12400 0.2394 -1.8953 -0.1029
12401 0.2878 -1.8174 -0.2144
12402 0.2823 -1.7824 -0.2881
12403 0.2811 -1.7748 -0.3582
12404 0.2858 -1.8047 -0.4123
12405 0.2958 -1.8678 -0.4424
12406 0.3085 -1.9480 -0.4507
12407 0.3208 -2.0256 -0.4491
12408 0.3302 -2.0851 -0.4554
12409 0.3360 -2.1216 -0.4845
12410 0.3392 -2.1414 -0.5416
12411 0.3418 -2.1581 -0.6183
12412 0.3460 -2.1847 -0.6954
12413 0.3529 -2.2284 -0.7504
12414 0.3623 -2.2873 -0.7672
12415 0.3727 -2.3529 -0.7434
12416 0.3826 -2.4154 -0.6918
12417 0.3911 -2.4692 -0.6352
12418 0.3984 -2.5156 -0.5970
12419 0.4057 -2.5617 -0.5915
12420 0.4143 -2.6157 -0.6176
12421 0.4246 -2.6810 -0.6600
12422 0.4361 -2.7537 -0.6954
12423 0.4471 -2.8230 -0.7030
12424 0.4556 -2.8764 -0.6728
12425 0.4603 -2.9062 -0.6090
12426 0.4616 -2.9143 -0.5277
12427 0.4613 -2.9128 -0.4491
12428 0.4623 -2.9190 -0.3889
12429 0.4669 -2.9477 -0.3520
12430 0.4758 -3.0041 -0.3319
12431 0.4878 -3.0799 -0.3150
12432 0.4999 -3.1561 -0.2881
12433 0.5085 -3.2104 -0.2438
12434 0.5111 -3.2270 -0.1842
12435 0.5074 -3.2035 -0.1178
12436 0.4993 -3.1525 -0.0544
12437 0.4904 -3.0966 -0.0000
12438 0.4845 -3.0589 0.0470
12439 0.4836 -3.0534 0.0937
12440 0.4877 -3.0792 0.1483
12441 0.4943 -3.1211 0.2144
12442 0.4999 -3.1561 0.2881
12443 0.5011 -3.1636 0.3582
12444 0.4963 -3.1337 0.4123
12445 0.4863 -3.0707 0.4424
12446 0.4736 -2.9904 0.4507
12447 0.4613 -2.9128 0.4491
12448 0.4519 -2.8533 0.4554
12449 0.4461 -2.8169 0.4845
12450 0.4430 -2.7970 0.5416
12451 0.4404 -2.7804 0.6183
12452 0.4361 -2.7537 0.6954
12453 0.4292 -2.7100 0.7504
12454 0.4199 -2.6512 0.7672
12455 0.4095 -2.5855 0.7434
12456 0.3996 -2.5230 0.6918
12457 0.3911 -2.4692 0.6352
12458 0.3837 -2.4228 0.5970
12459 0.3764 -2.3767 0.5915
12460 0.3679 -2.3228 0.6176
12461 0.3575 -2.2574 0.6600
12462 0.3460 -2.1847 0.6954
12463 0.3350 -2.1154 0.7030
12464 0.3266 -2.0620 0.6728
12465 0.3219 -2.0322 0.6090
12466 0.3206 -2.0241 0.5277
12467 0.3208 -2.0256 0.4491
12468 0.3199 -2.0195 0.3889
12469 0.3153 -1.9907 0.3520
12470 0.3064 -1.9343 0.3319
12471 0.2944 -1.8585 0.3150
12472 0.2823 -1.7824 0.2881
12473 0.2737 -1.7280 0.2438
12474 0.2711 -1.7114 0.1842
12475 0.2748 -1.7349 0.1178
12476 0.2829 -1.7859 0.0544
12477 0.2917 -1.8419 0.0000
12478 0.2977 -1.8796 -0.0470
12479 0.2986 -1.8850 -0.0937
12480 0.2945 -1.8592 -0.1483
12481 0.3338 -1.7500 -0.2844
12482 0.3317 -1.7391 -0.3574
12483 0.3346 -1.7542 -0.4224
12484 0.3383 -1.7736 -0.4880
12485 0.3484 -1.8264 -0.5300
12486 0.3670 -1.9241 -0.5245
12487 0.3847 -2.0167 -0.5070
12488 0.3944 -2.0673 -0.5266
12489 0.4004 -2.0991 -0.5721
12490 0.4075 -2.1363 -0.6141
12491 0.4138 -2.1691 -0.6742
12492 0.4191 -2.1972 -0.7686
12493 0.4280 -2.2437 -0.8405
12494 0.4411 -2.3124 -0.8361
12495 0.4545 -2.3824 -0.7899
12496 0.4662 -2.4441 -0.7536
12497 0.4769 -2.4997 -0.7125
12498 0.4858 -2.5469 -0.6520
12499 0.4946 -2.5928 -0.6241
12500 0.5067 -2.6564 -0.6642
12501 0.5218 -2.7351 -0.7184
12502 0.5354 -2.8068 -0.7296
12503 0.5476 -2.8706 -0.7142
12504 0.5599 -2.9351 -0.6944
12505 0.5678 -2.9763 -0.6406
12506 0.5667 -2.9709 -0.5412
12507 0.5634 -2.9537 -0.4469
12508 0.5671 -2.9730 -0.3954
12509 0.5757 -3.0177 -0.3631
12510 0.5835 -3.0589 -0.3251
12511 0.5948 -3.1180 -0.2918
12512 0.6125 -3.2107 -0.2632
12513 0.6259 -3.2813 -0.2158
12514 0.6251 -3.2770 -0.1459
12515 0.6165 -3.2316 -0.0747
12516 0.6097 -3.1959 -0.0118
12517 0.6020 -3.1556 0.0448
12518 0.5906 -3.0961 0.0928
12519 0.5854 -3.0688 0.1395
12520 0.5929 -3.1081 0.2043
12521 0.6031 -3.1614 0.2844
12522 0.6052 -3.1724 0.3574
12523 0.6023 -3.1573 0.4224
12524 0.5986 -3.1378 0.4880
12525 0.5885 -3.0850 0.5300
12526 0.5699 -2.9873 0.5245
12527 0.5522 -2.8947 0.5070
12528 0.5425 -2.8441 0.5266
12529 0.5365 -2.8123 0.5721
12530 0.5294 -2.7751 0.6141
12531 0.5231 -2.7423 0.6742
12532 0.5178 -2.7142 0.7686
12533 0.5089 -2.6677 0.8405
12534 0.4958 -2.5991 0.8361
12535 0.4824 -2.5291 0.7899
12536 0.4707 -2.4673 0.7536
12537 0.4601 -2.4117 0.7125
12538 0.4511 -2.3646 0.6520
12539 0.4423 -2.3187 0.6241
12540 0.4302 -2.2550 0.6642
12541 0.4152 -2.1763 0.7184
12542 0.4015 -2.1046 0.7296
12543 0.3893 -2.0408 0.7142
12544 0.3770 -1.9763 0.6944
12545 0.3691 -1.9351 0.6406
12546 0.3702 -1.9405 0.5412
12547 0.3735 -1.9577 0.4469
12548 0.3698 -1.9384 0.3954
12549 0.3613 -1.8938 0.3631
12550 0.3534 -1.8525 0.3251
12551 0.3421 -1.7935 0.2918
12552 0.3244 -1.7007 0.2632
12553 0.3110 -1.6301 0.2158
12554 0.3118 -1.6344 0.1459
12555 0.3204 -1.6798 0.0747
12556 0.3273 -1.7155 0.0118
12557 0.3349 -1.7559 -0.0448
12558 0.3463 -1.8153 -0.0928
12559 0.3515 -1.8427 -0.1395
12560 0.3440 -1.8033 -0.2043
12561 0.3805 -1.7023 -0.3556
12562 0.3782 -1.6919 -0.4371
12563 0.3817 -1.7078 -0.5097
12564 0.3890 -1.7402 -0.5743
12565 0.4032 -1.8038 -0.6120
12566 0.4245 -1.8989 -0.6091
12567 0.4447 -1.9894 -0.5949
12568 0.4581 -2.0495 -0.6088
12569 0.4676 -2.0918 -0.6486
12570 0.4767 -2.1327 -0.6969
12571 0.4854 -2.1715 -0.7637
12572 0.4946 -2.2126 -0.8510
12573 0.5073 -2.2697 -0.9138
12574 0.5234 -2.3414 -0.9130
12575 0.5394 -2.4131 -0.8701
12576 0.5538 -2.4776 -0.8226
12577 0.5666 -2.5348 -0.7703
12578 0.5776 -2.5839 -0.7132
12579 0.5890 -2.6349 -0.6882
12580 0.6043 -2.7036 -0.7153
12581 0.6229 -2.7868 -0.7557
12582 0.6407 -2.8664 -0.7663
12583 0.6565 -2.9372 -0.7500
12584 0.6706 -3.0003 -0.7169
12585 0.6789 -3.0370 -0.6517
12586 0.6782 -3.0342 -0.5542
12587 0.6751 -3.0204 -0.4615
12588 0.6782 -3.0339 -0.3999
12589 0.6868 -3.0727 -0.3566
12590 0.6974 -3.1199 -0.3147
12591 0.7120 -3.1851 -0.2750
12592 0.7310 -3.2703 -0.2328
12593 0.7447 -3.3316 -0.1743
12594 0.7445 -3.3308 -0.1008
12595 0.7352 -3.2889 -0.0273
12596 0.7248 -3.2425 0.0388
12597 0.7134 -3.1916 0.0973
12598 0.7009 -3.1358 0.1477
12599 0.6955 -3.1114 0.1999
12600 0.7014 -3.1379 0.2703
12601 0.7102 -3.1773 0.3556
12602 0.7125 -3.1877 0.4371
12603 0.7090 -3.1717 0.5097
12604 0.7017 -3.1394 0.5743
12605 0.6875 -3.0758 0.6120
12606 0.6663 -2.9806 0.6091
12607 0.6460 -2.8902 0.5949
12608 0.6326 -2.8300 0.6088
12609 0.6231 -2.7878 0.6486
12610 0.6140 -2.7469 0.6969
12611 0.6053 -2.7081 0.7637
12612 0.5961 -2.6670 0.8510
12613 0.5834 -2.6099 0.9138
12614 0.5673 -2.5382 0.9130
12615 0.5513 -2.4665 0.8701
12616 0.5369 -2.4019 0.8226
12617 0.5241 -2.3448 0.7703
12618 0.5131 -2.2956 0.7132
12619 0.5017 -2.2447 0.6882
12620 0.4864 -2.1760 0.7153
12621 0.4678 -2.0927 0.7557
12622 0.4500 -2.0132 0.7663
12623 0.4342 -1.9424 0.7500
12624 0.4201 -1.8793 0.7169
12625 0.4119 -1.8425 0.6517
12626 0.4125 -1.8454 0.5542
12627 0.4156 -1.8592 0.4615
12628 0.4126 -1.8457 0.3999
12629 0.4039 -1.8068 0.3566
12630 0.3933 -1.7596 0.3147
12631 0.3788 -1.6945 0.2750
12632 0.3597 -1.6093 0.2328
12633 0.3460 -1.5480 0.1743
12634 0.3462 -1.5488 0.1008
12635 0.3556 -1.5907 0.0273
12636 0.3659 -1.6371 -0.0388
12637 0.3773 -1.6880 -0.0973
12638 0.3898 -1.7437 -0.1477
12639 0.3952 -1.7682 -0.1999
12640 0.3893 -1.7417 -0.2703
12641 0.4307 -1.6776 -0.4222
12642 0.4249 -1.6549 -0.5199
12643 0.4262 -1.6599 -0.6099
12644 0.4409 -1.7170 -0.6618
12645 0.4625 -1.8014 -0.6817
12646 0.4836 -1.8836 -0.6932
12647 0.5041 -1.9635 -0.6957
12648 0.5240 -2.0409 -0.6889
12649 0.5390 -2.0992 -0.7069
12650 0.5488 -2.1375 -0.7758
12651 0.5593 -2.1783 -0.8642
12652 0.5740 -2.2355 -0.9273
12653 0.5914 -2.3035 -0.9639
12654 0.6102 -2.3766 -0.9822
12655 0.6292 -2.4506 -0.9582
12656 0.6460 -2.5159 -0.8828
12657 0.6598 -2.5699 -0.8032
12658 0.6738 -2.6242 -0.7650
12659 0.6895 -2.6855 -0.7572
12660 0.7066 -2.7520 -0.7559
12661 0.7267 -2.8304 -0.7680
12662 0.7510 -2.9250 -0.7915
12663 0.7734 -3.0122 -0.7862
12664 0.7863 -3.0624 -0.7273
12665 0.7913 -3.0818 -0.6402
12666 0.7941 -3.0928 -0.5553
12667 0.7947 -3.0953 -0.4728
12668 0.7930 -3.0887 -0.3929
12669 0.7975 -3.1062 -0.3327
12670 0.8147 -3.1729 -0.2932
12671 0.8366 -3.2585 -0.2511
12672 0.8523 -3.3196 -0.1920
12673 0.8614 -3.3550 -0.1218
12674 0.8660 -3.3728 -0.0463
12675 0.8600 -3.3496 0.0301
12676 0.8413 -3.2765 0.0975
12677 0.8215 -3.1994 0.1532
12678 0.8120 -3.1624 0.2093
12679 0.8100 -3.1549 0.2726
12680 0.8097 -3.1536 0.3413
12681 0.8127 -3.1653 0.4222
12682 0.8186 -3.1881 0.5199
12683 0.8173 -3.1830 0.6099
12684 0.8026 -3.1259 0.6618
12685 0.7809 -3.0415 0.6817
12686 0.7598 -2.9593 0.6932
12687 0.7393 -2.8794 0.6957
12688 0.7194 -2.8020 0.6889
12689 0.7045 -2.7437 0.7069
12690 0.6946 -2.7054 0.7758
12691 0.6842 -2.6646 0.8642
12692 0.6695 -2.6075 0.9273
12693 0.6520 -2.5394 0.9639
12694 0.6332 -2.4663 0.9822
12695 0.6142 -2.3923 0.9582
12696 0.5975 -2.3271 0.8828
12697 0.5836 -2.2731 0.8032
12698 0.5697 -2.2188 0.7650
12699 0.5539 -2.1574 0.7572
12700 0.5368 -2.0909 0.7559
12701 0.5167 -2.0125 0.7680
12702 0.4924 -1.9179 0.7915
12703 0.4701 -1.8308 0.7862
12704 0.4572 -1.7805 0.7273
12705 0.4522 -1.7612 0.6402
12706 0.4493 -1.7501 0.5553
12707 0.4487 -1.7476 0.4728
12708 0.4504 -1.7542 0.3929
12709 0.4459 -1.7367 0.3327
12710 0.4288 -1.6700 0.2932
12711 0.4068 -1.5844 0.2511
12712 0.3911 -1.5233 0.1920
12713 0.3820 -1.4879 0.1218
12714 0.3775 -1.4701 0.0463
12715 0.3834 -1.4933 -0.0301
12716 0.4022 -1.5664 -0.0975
12717 0.4220 -1.6435 -0.1532
12718 0.4315 -1.6805 -0.2093
12719 0.4334 -1.6880 -0.2726
12720 0.4337 -1.6893 -0.3413
12721 0.4820 -1.6591 -0.4901
12722 0.4761 -1.6386 -0.5959
12723 0.4782 -1.6460 -0.6929
12724 0.4977 -1.7132 -0.7388
12725 0.5244 -1.8049 -0.7500
12726 0.5477 -1.8852 -0.7639
12727 0.5705 -1.9638 -0.7694
12728 0.5946 -2.0465 -0.7530
12729 0.6133 -2.1110 -0.7620
12730 0.6257 -2.1537 -0.8362
12731 0.6395 -2.2012 -0.9297
12732 0.6585 -2.2665 -0.9825
12733 0.6798 -2.3398 -1.0077
12734 0.7020 -2.4163 -1.0286
12735 0.7240 -2.4921 -1.0070
12736 0.7423 -2.5549 -0.9197
12737 0.7569 -2.6051 -0.8290
12738 0.7733 -2.6616 -0.7933
12739 0.7925 -2.7278 -0.7870
12740 0.8117 -2.7939 -0.7732
12741 0.8342 -2.8714 -0.7722
12742 0.8637 -2.9729 -0.7936
12743 0.8908 -3.0661 -0.7859
12744 0.9036 -3.1102 -0.7159
12745 0.9067 -3.1210 -0.6205
12746 0.9106 -3.1343 -0.5369
12747 0.9121 -3.1396 -0.4550
12748 0.9076 -3.1239 -0.3689
12749 0.9101 -3.1325 -0.3017
12750 0.9308 -3.2037 -0.2572
12751 0.9569 -3.2935 -0.2078
12752 0.9716 -3.3443 -0.1398
12753 0.9786 -3.3685 -0.0634
12754 0.9845 -3.3885 0.0162
12755 0.9784 -3.3677 0.0952
12756 0.9541 -3.2840 0.1605
12757 0.9288 -3.1968 0.2128
12758 0.9188 -3.1626 0.2716
12759 0.9171 -3.1565 0.3406
12760 0.9132 -3.1432 0.4094
12761 0.9129 -3.1423 0.4901
12762 0.9189 -3.1629 0.5959
12763 0.9168 -3.1555 0.6929
12764 0.8972 -3.0882 0.7388
12765 0.8706 -2.9966 0.7500
12766 0.8473 -2.9163 0.7639
12767 0.8244 -2.8377 0.7694
12768 0.8004 -2.7550 0.7530
12769 0.7816 -2.6904 0.7620
12770 0.7692 -2.6478 0.8362
12771 0.7555 -2.6003 0.9297
12772 0.7365 -2.5350 0.9825
12773 0.7152 -2.4616 1.0077
12774 0.6930 -2.3852 1.0286
12775 0.6709 -2.3093 1.0070
12776 0.6527 -2.2466 0.9197
12777 0.6381 -2.1963 0.8290
12778 0.6217 -2.1399 0.7933
12779 0.6025 -2.0737 0.7870
12780 0.5833 -2.0076 0.7732
12781 0.5607 -1.9301 0.7722
12782 0.5312 -1.8285 0.7936
12783 0.5042 -1.7353 0.7859
12784 0.4914 -1.6913 0.7159
12785 0.4882 -1.6805 0.6205
12786 0.4844 -1.6672 0.5369
12787 0.4828 -1.6619 0.4550
12788 0.4874 -1.6776 0.3689
12789 0.4849 -1.6690 0.3017
12790 0.4642 -1.5977 0.2572
12791 0.4381 -1.5079 0.2078
12792 0.4234 -1.4572 0.1398
12793 0.4163 -1.4330 0.0634
12794 0.4105 -1.4129 -0.0162
12795 0.4165 -1.4338 -0.0952
12796 0.4409 -1.5175 -0.1605
12797 0.4662 -1.6047 -0.2128
12798 0.4761 -1.6389 -0.2716
12799 0.4779 -1.6449 -0.3406
12800 0.4818 -1.6583 -0.4094
12801 0.5350 -1.6467 -0.5584
12802 0.5355 -1.6481 -0.6551
12803 0.5442 -1.6748 -0.7390
12804 0.5628 -1.7321 -0.7947
12805 0.5893 -1.8137 -0.8161
12806 0.6192 -1.9056 -0.8100
12807 0.6475 -1.9928 -0.7941
12808 0.6714 -2.0665 -0.7898
12809 0.6909 -2.1264 -0.8131
12810 0.7083 -2.1798 -0.8666
12811 0.7266 -2.2363 -0.9383
12812 0.7481 -2.3024 -1.0057
12813 0.7725 -2.3776 -1.0451
12814 0.7979 -2.4556 -1.0419
12815 0.8213 -2.5277 -0.9964
12816 0.8411 -2.5886 -0.9238
12817 0.8576 -2.6396 -0.8476
12818 0.8736 -2.6888 -0.7898
12819 0.8925 -2.7468 -0.7617
12820 0.9164 -2.8205 -0.7599
12821 0.9451 -2.9087 -0.7686
12822 0.9750 -3.0007 -0.7671
12823 1.0009 -3.0805 -0.7390
12824 1.0181 -3.1335 -0.6787
12825 1.0247 -3.1538 -0.5929
12826 1.0228 -3.1480 -0.4964
12827 1.0179 -3.1329 -0.4046
12828 1.0166 -3.1288 -0.3272
12829 1.0238 -3.1509 -0.2642
12830 1.0403 -3.2018 -0.2081
12831 1.0625 -3.2700 -0.1486
12832 1.0833 -3.3341 -0.0791
12833 1.0955 -3.3716 -0.0000
12834 1.0945 -3.3685 0.0820
12835 1.0804 -3.3252 0.1578
12836 1.0580 -3.2562 0.2218
12837 1.0345 -3.1838 0.2754
12838 1.0166 -3.1288 0.3272
12839 1.0079 -3.1021 0.3881
12840 1.0074 -3.1003 0.4657
12841 1.0100 -3.1086 0.5584
12842 1.0096 -3.1072 0.6551
12843 1.0009 -3.0805 0.7390
12844 0.9823 -3.0232 0.7947
12845 0.9558 -2.9416 0.8161
12846 0.9259 -2.8497 0.8100
12847 0.8976 -2.7624 0.7941
12848 0.8736 -2.6888 0.7898
12849 0.8542 -2.6289 0.8131
12850 0.8368 -2.5755 0.8666
12851 0.8185 -2.5190 0.9383
12852 0.7970 -2.4529 1.0057
12853 0.7725 -2.3776 1.0451
12854 0.7472 -2.2997 1.0419
12855 0.7238 -2.2276 0.9964
12856 0.7040 -2.1667 0.9238
12857 0.6874 -2.1157 0.8476
12858 0.6714 -2.0665 0.7898
12859 0.6526 -2.0085 0.7617
12860 0.6286 -1.9348 0.7599
12861 0.6000 -1.8466 0.7686
12862 0.5701 -1.7546 0.7671
12863 0.5442 -1.6748 0.7390
12864 0.5270 -1.6218 0.6787
12865 0.5203 -1.6015 0.5929
12866 0.5222 -1.6073 0.4964
12867 0.5272 -1.6224 0.4046
12868 0.5285 -1.6265 0.3272
12869 0.5213 -1.6044 0.2642
12870 0.5047 -1.5535 0.2081
12871 0.4826 -1.4853 0.1486
12872 0.4618 -1.4212 0.0791
12873 0.4496 -1.3837 0.0000
12874 0.4506 -1.3868 -0.0820
12875 0.4647 -1.4300 -0.1578
12876 0.4871 -1.4991 -0.2218
12877 0.5106 -1.5715 -0.2754
12878 0.5285 -1.6265 -0.3272
12879 0.5372 -1.6532 -0.3881
12880 0.5377 -1.6549 -0.4657
12881 0.5982 -1.6616 -0.6073
12882 0.6054 -1.6816 -0.6906
12883 0.6207 -1.7239 -0.7574
12884 0.6376 -1.7710 -0.8227
12885 0.6633 -1.8423 -0.8540
12886 0.6989 -1.9411 -0.8251
12887 0.7317 -2.0324 -0.7855
12888 0.7548 -2.0966 -0.7933
12889 0.7746 -2.1515 -0.8306
12890 0.7959 -2.2107 -0.8618
12891 0.8177 -2.2712 -0.9106
12892 0.8416 -2.3375 -0.9923
12893 0.8691 -2.4141 -1.0457
12894 0.8959 -2.4886 -1.0185
12895 0.9188 -2.5520 -0.9500
12896 0.9398 -2.6105 -0.8924
12897 0.9583 -2.6618 -0.8311
12898 0.9718 -2.6993 -0.7530
12899 0.9882 -2.7447 -0.7054
12900 1.0172 -2.8255 -0.7158
12901 1.0525 -2.9236 -0.7340
12902 1.0808 -3.0020 -0.7127
12903 1.1034 -3.0648 -0.6678
12904 1.1255 -3.1262 -0.6177
12905 1.1361 -3.1557 -0.5420
12906 1.1263 -3.1285 -0.4369
12907 1.1129 -3.0912 -0.3399
12908 1.1156 -3.0986 -0.2716
12909 1.1282 -3.1337 -0.2133
12910 1.1388 -3.1631 -0.1504
12911 1.1553 -3.2089 -0.0861
12912 1.1830 -3.2858 -0.0156
12913 1.2011 -3.3361 0.0658
12914 1.1918 -3.3105 0.1450
12915 1.1686 -3.2460 0.2123
12916 1.1491 -3.1918 0.2745
12917 1.1284 -3.1342 0.3291
12918 1.1019 -3.0607 0.3689
12919 1.0858 -3.0159 0.4172
12920 1.0893 -3.0257 0.5031
12921 1.0955 -3.0429 0.6073
12922 1.0883 -3.0228 0.6906
12923 1.0730 -2.9805 0.7574
12924 1.0561 -2.9334 0.8227
12925 1.0304 -2.8621 0.8540
12926 0.9948 -2.7633 0.8251
12927 0.9620 -2.6720 0.7855
12928 0.9389 -2.6078 0.7933
12929 0.9191 -2.5529 0.8306
12930 0.8978 -2.4937 0.8618
12931 0.8760 -2.4332 0.9106
12932 0.8521 -2.3669 0.9923
12933 0.8246 -2.2903 1.0457
12934 0.7977 -2.2158 1.0185
12935 0.7749 -2.1524 0.9500
12936 0.7539 -2.0939 0.8924
12937 0.7354 -2.0426 0.8311
12938 0.7219 -2.0051 0.7530
12939 0.7055 -1.9597 0.7054
12940 0.6764 -1.8789 0.7158
12941 0.6411 -1.7808 0.7340
12942 0.6129 -1.7024 0.7127
12943 0.5903 -1.6396 0.6678
12944 0.5682 -1.5782 0.6177
12945 0.5576 -1.5487 0.5420
12946 0.5673 -1.5759 0.4369
12947 0.5808 -1.6132 0.3399
12948 0.5781 -1.6058 0.2716
12949 0.5655 -1.5707 0.2133
12950 0.5549 -1.5413 0.1504
12951 0.5384 -1.4955 0.0861
12952 0.5107 -1.4186 0.0156
12953 0.4926 -1.3683 -0.0658
12954 0.5018 -1.3939 -0.1450
12955 0.5251 -1.4584 -0.2123
12956 0.5446 -1.5126 -0.2745
12957 0.5653 -1.5702 -0.3291
12958 0.5918 -1.6437 -0.3689
12959 0.6079 -1.6885 -0.4172
12960 0.6044 -1.6787 -0.5031
12961 0.6788 -1.7145 -0.6160
12962 0.6857 -1.7319 -0.7004
12963 0.7011 -1.7708 -0.7676
12964 0.7216 -1.8225 -0.8218
12965 0.7503 -1.8950 -0.8401
12966 0.7858 -1.9846 -0.8095
12967 0.8184 -2.0669 -0.7693
12968 0.8433 -2.1299 -0.7650
12969 0.8648 -2.1842 -0.7906
12970 0.8868 -2.2398 -0.8244
12971 0.9102 -2.2988 -0.8760
12972 0.9367 -2.3659 -0.9459
12973 0.9662 -2.4404 -0.9872
12974 0.9937 -2.5098 -0.9628
12975 1.0164 -2.5670 -0.8981
12976 1.0359 -2.6163 -0.8308
12977 1.0522 -2.6574 -0.7611
12978 1.0650 -2.6898 -0.6889
12979 1.0820 -2.7328 -0.6462
12980 1.1112 -2.8066 -0.6473
12981 1.1471 -2.8972 -0.6560
12982 1.1781 -2.9756 -0.6373
12983 1.2029 -3.0382 -0.5955
12984 1.2228 -3.0886 -0.5398
12985 1.2296 -3.1056 -0.4619
12986 1.2183 -3.0771 -0.3655
12987 1.2035 -3.0397 -0.2770
12988 1.2019 -3.0357 -0.2093
12989 1.2113 -3.0595 -0.1508
12990 1.2238 -3.0909 -0.0910
12991 1.2428 -3.1389 -0.0275
12992 1.2685 -3.2039 0.0446
12993 1.2837 -3.2423 0.1247
12994 1.2748 -3.2197 0.1994
12995 1.2509 -3.1594 0.2609
12996 1.2262 -3.0969 0.3139
12997 1.2005 -3.0321 0.3581
12998 1.1739 -2.9649 0.3929
12999 1.1582 -2.9253 0.4392
13000 1.1586 -2.9263 0.5186
13001 1.1618 -2.9344 0.6160
13002 1.1549 -2.9170 0.7004
13003 1.1395 -2.8781 0.7676
13004 1.1190 -2.8264 0.8218
13005 1.0903 -2.7539 0.8401
13006 1.0549 -2.6643 0.8095
13007 1.0223 -2.5820 0.7693
13008 0.9973 -2.5190 0.7650
13009 0.9758 -2.4647 0.7906
13010 0.9538 -2.4091 0.8244
13011 0.9304 -2.3500 0.8760
13012 0.9039 -2.2830 0.9459
13013 0.8744 -2.2085 0.9872
13014 0.8469 -2.1390 0.9628
13015 0.8243 -2.0819 0.8981
13016 0.8047 -2.0325 0.8308
13017 0.7885 -1.9914 0.7611
13018 0.7757 -1.9591 0.6889
13019 0.7586 -1.9161 0.6462
13020 0.7294 -1.8423 0.6473
13021 0.6935 -1.7517 0.6560
13022 0.6625 -1.6732 0.6373
13023 0.6377 -1.6107 0.5955
13024 0.6178 -1.5603 0.5398
13025 0.6110 -1.5433 0.4619
13026 0.6223 -1.5718 0.3655
13027 0.6371 -1.6092 0.2770
13028 0.6387 -1.6132 0.2093
13029 0.6293 -1.5894 0.1508
13030 0.6168 -1.5580 0.0910
13031 0.5978 -1.5100 0.0275
13032 0.5721 -1.4450 -0.0446
13033 0.5569 -1.4066 -0.1247
13034 0.5659 -1.4292 -0.1994
13035 0.5897 -1.4894 -0.2609
13036 0.6145 -1.5520 -0.3139
13037 0.6401 -1.6168 -0.3581
13038 0.6667 -1.6839 -0.3929
13039 0.6824 -1.7236 -0.4392
13040 0.6820 -1.7226 -0.5186
13041 0.7722 -1.7844 -0.5917
13042 0.7738 -1.7881 -0.6885
13043 0.7852 -1.8145 -0.7695
13044 0.8121 -1.8767 -0.7979
13045 0.8457 -1.9542 -0.7876
13046 0.8773 -2.0273 -0.7703
13047 0.9068 -2.0956 -0.7456
13048 0.9342 -2.1588 -0.7132
13049 0.9572 -2.2120 -0.7110
13050 0.9786 -2.2613 -0.7638
13051 1.0033 -2.3185 -0.8348
13052 1.0313 -2.3832 -0.8769
13053 1.0604 -2.4503 -0.8908
13054 1.0891 -2.5168 -0.8860
13055 1.1131 -2.5723 -0.8411
13056 1.1275 -2.6054 -0.7505
13057 1.1369 -2.6273 -0.6598
13058 1.1517 -2.6614 -0.6088
13059 1.1730 -2.7107 -0.5848
13060 1.1973 -2.7667 -0.5656
13061 1.2279 -2.8374 -0.5557
13062 1.2663 -2.9263 -0.5516
13063 1.2985 -3.0006 -0.5229
13064 1.3098 -3.0267 -0.4551
13065 1.3057 -3.0172 -0.3706
13066 1.2988 -3.0013 -0.2911
13067 1.2890 -2.9787 -0.2166
13068 1.2761 -2.9490 -0.1477
13069 1.2752 -2.9469 -0.0898
13070 1.2962 -2.9954 -0.0360
13071 1.3244 -3.0605 0.0262
13072 1.3411 -3.0992 0.0968
13073 1.3466 -3.1119 0.1699
13074 1.3447 -3.1075 0.2424
13075 1.3269 -3.0664 0.3028
13076 1.2909 -2.9832 0.3389
13077 1.2549 -2.8999 0.3627
13078 1.2346 -2.8531 0.3999
13079 1.2251 -2.8311 0.4536
13080 1.2175 -2.8135 0.5146
13081 1.2135 -2.8043 0.5917
13082 1.2119 -2.8006 0.6885
13083 1.2005 -2.7743 0.7695
13084 1.1736 -2.7121 0.7979
13085 1.1401 -2.6345 0.7876
13086 1.1085 -2.5615 0.7703
13087 1.0789 -2.4932 0.7456
13088 1.0515 -2.4299 0.7132
13089 1.0285 -2.3768 0.7110
13090 1.0072 -2.3274 0.7638
13091 0.9825 -2.2703 0.8348
13092 0.9544 -2.2055 0.8769
13093 0.9254 -2.1384 0.8908
13094 0.8966 -2.0719 0.8860
13095 0.8726 -2.0165 0.8411
13096 0.8583 -1.9834 0.7505
13097 0.8488 -1.9615 0.6598
13098 0.8341 -1.9274 0.6088
13099 0.8127 -1.8781 0.5848
13100 0.7885 -1.8221 0.5656
13101 0.7579 -1.7513 0.5557
13102 0.7194 -1.6625 0.5516
13103 0.6873 -1.5882 0.5229
13104 0.6760 -1.5621 0.4551
13105 0.6801 -1.5715 0.3706
13106 0.6869 -1.5874 0.2911
13107 0.6968 -1.6101 0.2166
13108 0.7096 -1.6398 0.1477
13109 0.7105 -1.6419 0.0898
13110 0.6895 -1.5934 0.0360
13111 0.6613 -1.5282 -0.0262
13112 0.6446 -1.4896 -0.0968
13113 0.6391 -1.4769 -0.1699
13114 0.6410 -1.4812 -0.2424
13115 0.6588 -1.5224 -0.3028
13116 0.6948 -1.6056 -0.3389
13117 0.7308 -1.6889 -0.3627
13118 0.7511 -1.7357 -0.3999
13119 0.7606 -1.7577 -0.4536
13120 0.7682 -1.7753 -0.5146
13121 0.8651 -1.8384 -0.5660
13122 0.8655 -1.8394 -0.6647
13123 0.8764 -1.8624 -0.7469
13124 0.9055 -1.9242 -0.7622
13125 0.9401 -1.9978 -0.7377
13126 0.9701 -2.0616 -0.7203
13127 0.9981 -2.1212 -0.6967
13128 1.0249 -2.1781 -0.6520
13129 1.0474 -2.2257 -0.6383
13130 1.0691 -2.2719 -0.6948
13131 1.0954 -2.3279 -0.7692
13132 1.1239 -2.3885 -0.8003
13133 1.1523 -2.4488 -0.8037
13134 1.1815 -2.5108 -0.8030
13135 1.2050 -2.5608 -0.7631
13136 1.2146 -2.5812 -0.6660
13137 1.2186 -2.5897 -0.5706
13138 1.2328 -2.6198 -0.5266
13139 1.2552 -2.6675 -0.5082
13140 1.2769 -2.7136 -0.4836
13141 1.3055 -2.7742 -0.4683
13142 1.3475 -2.8635 -0.4671
13143 1.3825 -2.9379 -0.4417
13144 1.3890 -2.9517 -0.3734
13145 1.3785 -2.9295 -0.2921
13146 1.3712 -2.9138 -0.2216
13147 1.3611 -2.8925 -0.1557
13148 1.3420 -2.8520 -0.0928
13149 1.3362 -2.8396 -0.0402
13150 1.3603 -2.8907 0.0109
13151 1.3920 -2.9581 0.0727
13152 1.4052 -2.9862 0.1397
13153 1.4066 -2.9892 0.2063
13154 1.4063 -2.9886 0.2749
13155 1.3893 -2.9525 0.3302
13156 1.3480 -2.8647 0.3527
13157 1.3074 -2.7784 0.3621
13158 1.2887 -2.7386 0.3954
13159 1.2808 -2.7219 0.4481
13160 1.2703 -2.6996 0.4990
13161 1.2638 -2.6858 0.5660
13162 1.2634 -2.6848 0.6647
13163 1.2525 -2.6618 0.7469
13164 1.2234 -2.5999 0.7622
13165 1.1888 -2.5263 0.7377
13166 1.1588 -2.4626 0.7203
13167 1.1308 -2.4030 0.6967
13168 1.1040 -2.3460 0.6520
13169 1.0815 -2.2984 0.6383
13170 1.0598 -2.2522 0.6948
13171 1.0335 -2.1963 0.7692
13172 1.0050 -2.1357 0.8003
13173 0.9766 -2.0754 0.8037
13174 0.9474 -2.0133 0.8030
13175 0.9239 -1.9633 0.7631
13176 0.9143 -1.9430 0.6660
13177 0.9103 -1.9344 0.5706
13178 0.8961 -1.9043 0.5266
13179 0.8737 -1.8566 0.5082
13180 0.8520 -1.8106 0.4836
13181 0.8234 -1.7499 0.4683
13182 0.7814 -1.6606 0.4671
13183 0.7464 -1.5862 0.4417
13184 0.7399 -1.5724 0.3734
13185 0.7504 -1.5946 0.2921
13186 0.7577 -1.6103 0.2216
13187 0.7678 -1.6317 0.1557
13188 0.7869 -1.6721 0.0928
13189 0.7927 -1.6846 0.0402
13190 0.7686 -1.6334 -0.0109
13191 0.7369 -1.5660 -0.0727
13192 0.7237 -1.5379 -0.1397
13193 0.7223 -1.5349 -0.2063
13194 0.7226 -1.5355 -0.2749
13195 0.7396 -1.5716 -0.3302
13196 0.7809 -1.6594 -0.3527
13197 0.8215 -1.7457 -0.3621
13198 0.8402 -1.7856 -0.3954
13199 0.8480 -1.8022 -0.4481
13200 0.8586 -1.8245 -0.4990
13201 0.9498 -1.8641 -0.5614
13202 0.9564 -1.8771 -0.6418
13203 0.9723 -1.9083 -0.7030
13204 0.9979 -1.9585 -0.7290
13205 1.0294 -2.0203 -0.7159
13206 1.0614 -2.0832 -0.6748
13207 1.0899 -2.1390 -0.6273
13208 1.1136 -2.1857 -0.5970
13209 1.1350 -2.2275 -0.5988
13210 1.1576 -2.2719 -0.6332
13211 1.1843 -2.3242 -0.6854
13212 1.2148 -2.3841 -0.7319
13213 1.2457 -2.4448 -0.7504
13214 1.2721 -2.4966 -0.7290
13215 1.2901 -2.5320 -0.6707
13216 1.2996 -2.5506 -0.5917
13217 1.3045 -2.5602 -0.5139
13218 1.3115 -2.5740 -0.4554
13219 1.3272 -2.6048 -0.4234
13220 1.3542 -2.6579 -0.4125
13221 1.3898 -2.7277 -0.4079
13222 1.4263 -2.7994 -0.3933
13223 1.4541 -2.8539 -0.3582
13224 1.4659 -2.8770 -0.3020
13225 1.4600 -2.8654 -0.2326
13226 1.4413 -2.8287 -0.1620
13227 1.4198 -2.7865 -0.0994
13228 1.4060 -2.7594 -0.0470
13229 1.4068 -2.7611 -0.0000
13230 1.4224 -2.7917 0.0498
13231 1.4461 -2.8382 0.1086
13232 1.4673 -2.8797 0.1757
13233 1.4757 -2.8961 0.2438
13234 1.4659 -2.8770 0.3020
13235 1.4395 -2.8251 0.3417
13236 1.4036 -2.7547 0.3626
13237 1.3683 -2.6854 0.3733
13238 1.3417 -2.6332 0.3889
13239 1.3272 -2.6048 0.4234
13240 1.3222 -2.5951 0.4830
13241 1.3202 -2.5909 0.5614
13242 1.3135 -2.5779 0.6418
13243 1.2976 -2.5467 0.7030
13244 1.2721 -2.4966 0.7290
13245 1.2406 -2.4348 0.7159
13246 1.2085 -2.3719 0.6748
13247 1.1801 -2.3160 0.6273
13248 1.1563 -2.2694 0.5970
13249 1.1350 -2.2275 0.5988
13250 1.1124 -2.1831 0.6332
13251 1.0857 -2.1308 0.6854
13252 1.0552 -2.0710 0.7319
13253 1.0243 -2.0103 0.7504
13254 0.9979 -1.9585 0.7290
13255 0.9798 -1.9230 0.6707
13256 0.9704 -1.9045 0.5917
13257 0.9655 -1.8949 0.5139
13258 0.9584 -1.8810 0.4554
13259 0.9427 -1.8502 0.4234
13260 0.9157 -1.7972 0.4125
13261 0.8801 -1.7273 0.4079
13262 0.8436 -1.6557 0.3933
13263 0.8158 -1.6011 0.3582
13264 0.8040 -1.5780 0.3020
13265 0.8100 -1.5897 0.2326
13266 0.8286 -1.6263 0.1620
13267 0.8502 -1.6686 0.0994
13268 0.8640 -1.6956 0.0470
13269 0.8631 -1.6940 0.0000
13270 0.8475 -1.6633 -0.0498
13271 0.8238 -1.6168 -0.1086
13272 0.8027 -1.5754 -0.1757
13273 0.7943 -1.5589 -0.2438
13274 0.8040 -1.5780 -0.3020
13275 0.8305 -1.6299 -0.3417
13276 0.8664 -1.7003 -0.3626
13277 0.9017 -1.7697 -0.3733
13278 0.9283 -1.8218 -0.3889
13279 0.9427 -1.8502 -0.4234
13280 0.9477 -1.8600 -0.4830
13281 1.0298 -1.8732 -0.5711
13282 1.0430 -1.8971 -0.6329
13283 1.0641 -1.9355 -0.6731
13284 1.0870 -1.9772 -0.7119
13285 1.1163 -2.0306 -0.7120
13286 1.1499 -2.0917 -0.6476
13287 1.1781 -2.1430 -0.5770
13288 1.2001 -2.1830 -0.5622
13289 1.2220 -2.2227 -0.5801
13290 1.2450 -2.2647 -0.5926
13291 1.2715 -2.3128 -0.6229
13292 1.3058 -2.3753 -0.6845
13293 1.3412 -2.4396 -0.7173
13294 1.3639 -2.4809 -0.6757
13295 1.3753 -2.5017 -0.6000
13296 1.3865 -2.5220 -0.5378
13297 1.3940 -2.5357 -0.4759
13298 1.3929 -2.5336 -0.4038
13299 1.4007 -2.5478 -0.3592
13300 1.4350 -2.6102 -0.3594
13301 1.4795 -2.6912 -0.3624
13302 1.5093 -2.7454 -0.3351
13303 1.5287 -2.7806 -0.2913
13304 1.5473 -2.8146 -0.2437
13305 1.5474 -2.8147 -0.1828
13306 1.5163 -2.7582 -0.1130
13307 1.4823 -2.6964 -0.0545
13308 1.4752 -2.6834 -0.0088
13309 1.4839 -2.6991 0.0365
13310 1.4899 -2.7101 0.0843
13311 1.5045 -2.7367 0.1392
13312 1.5341 -2.7906 0.2106
13313 1.5499 -2.8193 0.2840
13314 1.5299 -2.7829 0.3310
13315 1.4934 -2.7166 0.3549
13316 1.4635 -2.6620 0.3780
13317 1.4336 -2.6078 0.3937
13318 1.3989 -2.5446 0.3913
13319 1.3774 -2.5056 0.4075
13320 1.3775 -2.5057 0.4787
13321 1.3790 -2.5084 0.5711
13322 1.3658 -2.4844 0.6329
13323 1.3447 -2.4460 0.6731
13324 1.3218 -2.4043 0.7119
13325 1.2925 -2.3510 0.7120
13326 1.2588 -2.2898 0.6476
13327 1.2307 -2.2386 0.5770
13328 1.2086 -2.1985 0.5622
13329 1.1868 -2.1588 0.5801
13330 1.1638 -2.1169 0.5926
13331 1.1373 -2.0687 0.6229
13332 1.1029 -2.0062 0.6845
13333 1.0676 -1.9419 0.7173
13334 1.0449 -1.9007 0.6757
13335 1.0334 -1.8798 0.6000
13336 1.0223 -1.8595 0.5378
13337 1.0147 -1.8458 0.4759
13338 1.0159 -1.8479 0.4038
13339 1.0081 -1.8337 0.3592
13340 0.9738 -1.7713 0.3594
13341 0.9293 -1.6903 0.3624
13342 0.8995 -1.6362 0.3351
13343 0.8801 -1.6009 0.2913
13344 0.8614 -1.5669 0.2437
13345 0.8614 -1.5668 0.1828
13346 0.8924 -1.6233 0.1130
13347 0.9264 -1.6852 0.0545
13348 0.9336 -1.6981 0.0088
13349 0.9249 -1.6824 -0.0365
13350 0.9189 -1.6715 -0.0843
13351 0.9043 -1.6449 -0.1392
13352 0.8746 -1.5910 -0.2106
13353 0.8588 -1.5622 -0.2840
13354 0.8789 -1.5986 -0.3310
13355 0.9153 -1.6650 -0.3549
13356 0.9453 -1.7195 -0.3780
13357 0.9751 -1.7738 -0.3937
13358 1.0099 -1.8370 -0.3913
13359 1.0313 -1.8760 -0.4075
13360 1.0312 -1.8758 -0.4787
13361 1.1099 -1.8767 -0.5815
13362 1.1237 -1.9001 -0.6477
13363 1.1458 -1.9375 -0.6917
13364 1.1723 -1.9822 -0.7205
13365 1.2037 -2.0353 -0.7096
13366 1.2362 -2.0903 -0.6479
13367 1.2633 -2.1361 -0.5810
13368 1.2860 -2.1744 -0.5561
13369 1.3089 -2.2132 -0.5640
13370 1.3338 -2.2554 -0.5807
13371 1.3635 -2.3056 -0.6147
13372 1.4005 -2.3681 -0.6648
13373 1.4370 -2.4299 -0.6865
13374 1.4610 -2.4704 -0.6488
13375 1.4726 -2.4900 -0.5780
13376 1.4801 -2.5027 -0.5087
13377 1.4834 -2.5082 -0.4409
13378 1.4822 -2.5063 -0.3747
13379 1.4918 -2.5225 -0.3340
13380 1.5249 -2.5785 -0.3256
13381 1.5686 -2.6524 -0.3197
13382 1.6023 -2.7093 -0.2924
13383 1.6247 -2.7473 -0.2490
13384 1.6394 -2.7720 -0.1971
13385 1.6338 -2.7626 -0.1354
13386 1.6024 -2.7095 -0.0715
13387 1.5684 -2.6520 -0.0183
13388 1.5557 -2.6305 0.0262
13389 1.5597 -2.6373 0.0713
13390 1.5682 -2.6517 0.1203
13391 1.5855 -2.6809 0.1786
13392 1.6110 -2.7240 0.2512
13393 1.6221 -2.7428 0.3230
13394 1.6029 -2.7103 0.3701
13395 1.5668 -2.6494 0.3928
13396 1.5316 -2.5897 0.4076
13397 1.4970 -2.5314 0.4140
13398 1.4633 -2.4744 0.4118
13399 1.4426 -2.4394 0.4306
13400 1.4384 -2.4321 0.4957
13401 1.4353 -2.4270 0.5815
13402 1.4215 -2.4036 0.6477
13403 1.3994 -2.3662 0.6917
13404 1.3729 -2.3215 0.7205
13405 1.3415 -2.2684 0.7096
13406 1.3090 -2.2134 0.6479
13407 1.2819 -2.1676 0.5810
13408 1.2593 -2.1293 0.5561
13409 1.2363 -2.0905 0.5640
13410 1.2114 -2.0483 0.5807
13411 1.1817 -1.9981 0.6147
13412 1.1447 -1.9356 0.6648
13413 1.1082 -1.8738 0.6865
13414 1.0842 -1.8333 0.6488
13415 1.0726 -1.8137 0.5780
13416 1.0651 -1.8010 0.5087
13417 1.0618 -1.7955 0.4409
13418 1.0630 -1.7974 0.3747
13419 1.0534 -1.7812 0.3340
13420 1.0203 -1.7252 0.3256
13421 0.9766 -1.6513 0.3197
13422 0.9429 -1.5944 0.2924
13423 0.9205 -1.5565 0.2490
13424 0.9059 -1.5317 0.1971
13425 0.9114 -1.5411 0.1354
13426 0.9428 -1.5942 0.0715
13427 0.9768 -1.6517 0.0183
13428 0.9895 -1.6732 -0.0262
13429 0.9855 -1.6664 -0.0713
13430 0.9770 -1.6520 -0.1203
13431 0.9597 -1.6228 -0.1786
13432 0.9342 -1.5797 -0.2512
13433 0.9231 -1.5610 -0.3230
13434 0.9423 -1.5934 -0.3701
13435 0.9784 -1.6543 -0.3928
13436 1.0136 -1.7140 -0.4076
13437 1.0482 -1.7724 -0.4140
13438 1.0819 -1.8293 -0.4118
13439 1.1026 -1.8643 -0.4306
13440 1.1069 -1.8716 -0.4957
13441 1.1874 -1.8711 -0.6034
13442 1.1999 -1.8907 -0.6898
13443 1.2221 -1.9258 -0.7543
13444 1.2555 -1.9783 -0.7577
13445 1.2908 -2.0340 -0.7199
13446 1.3224 -2.0838 -0.6779
13447 1.3502 -2.1276 -0.6313
13448 1.3739 -2.1649 -0.5800
13449 1.3970 -2.2013 -0.5617
13450 1.4272 -2.2489 -0.5979
13451 1.4649 -2.3083 -0.6496
13452 1.5022 -2.3670 -0.6721
13453 1.5363 -2.4208 -0.6677
13454 1.5672 -2.4695 -0.6467
13455 1.5856 -2.4985 -0.5920
13456 1.5843 -2.4965 -0.5019
13457 1.5771 -2.4851 -0.4163
13458 1.5836 -2.4953 -0.3649
13459 1.6034 -2.5265 -0.3346
13460 1.6281 -2.5654 -0.3071
13461 1.6629 -2.6203 -0.2839
13462 1.7092 -2.6933 -0.2607
13463 1.7438 -2.7477 -0.2191
13464 1.7456 -2.7505 -0.1569
13465 1.7253 -2.7187 -0.0910
13466 1.7028 -2.6832 -0.0320
13467 1.6778 -2.6439 0.0198
13468 1.6504 -2.6005 0.0640
13469 1.6405 -2.5850 0.1071
13470 1.6599 -2.6156 0.1636
13471 1.6876 -2.6593 0.2339
13472 1.6997 -2.6783 0.3035
13473 1.6974 -2.6746 0.3671
13474 1.6861 -2.6569 0.4248
13475 1.6568 -2.6106 0.4592
13476 1.6085 -2.5346 0.4567
13477 1.5626 -2.4623 0.4433
13478 1.5351 -2.4189 0.4554
13479 1.5189 -2.3933 0.4924
13480 1.5041 -2.3701 0.5384
13481 1.4917 -2.3506 0.6034
13482 1.4792 -2.3309 0.6898
13483 1.4570 -2.2959 0.7543
13484 1.4236 -2.2433 0.7577
13485 1.3883 -2.1876 0.7199
13486 1.3567 -2.1378 0.6779
13487 1.3289 -2.0941 0.6313
13488 1.3053 -2.0568 0.5800
13489 1.2822 -2.0204 0.5617
13490 1.2519 -1.9727 0.5979
13491 1.2143 -1.9134 0.6496
13492 1.1770 -1.8546 0.6721
13493 1.1429 -1.8009 0.6677
13494 1.1119 -1.7521 0.6467
13495 1.0935 -1.7231 0.5920
13496 1.0948 -1.7252 0.5019
13497 1.1020 -1.7365 0.4163
13498 1.0955 -1.7263 0.3649
13499 1.0757 -1.6951 0.3346
13500 1.0511 -1.6562 0.3071
13501 1.0162 -1.6013 0.2839
13502 0.9699 -1.5284 0.2607
13503 0.9354 -1.4739 0.2191
13504 0.9336 -1.4711 0.1569
13505 0.9538 -1.5029 0.0910
13506 0.9763 -1.5385 0.0320
13507 1.0013 -1.5778 -0.0198
13508 1.0288 -1.6211 -0.0640
13509 1.0386 -1.6366 -0.1071
13510 1.0192 -1.6060 -0.1636
13511 0.9915 -1.5624 -0.2339
13512 0.9794 -1.5434 -0.3035
13513 0.9818 -1.5470 -0.3671
13514 0.9930 -1.5648 -0.4248
13515 1.0224 -1.6110 -0.4592
13516 1.0706 -1.6870 -0.4567
13517 1.1165 -1.7593 -0.4433
13518 1.1441 -1.8028 -0.4554
13519 1.1603 -1.8283 -0.4924
13520 1.1750 -1.8515 -0.5384
13521 1.2577 -1.8507 -0.6628
13522 1.2745 -1.8754 -0.7557
13523 1.3015 -1.9151 -0.8257
13524 1.3397 -1.9713 -0.8188
13525 1.3780 -2.0276 -0.7701
13526 1.4117 -2.0772 -0.7318
13527 1.4418 -2.1216 -0.6891
13528 1.4667 -2.1583 -0.6273
13529 1.4916 -2.1948 -0.5984
13530 1.5278 -2.2480 -0.6368
13531 1.5728 -2.3144 -0.6892
13532 1.6132 -2.3737 -0.6988
13533 1.6486 -2.4258 -0.6822
13534 1.6843 -2.4784 -0.6613
13535 1.7062 -2.5106 -0.6074
13536 1.7006 -2.5024 -0.5093
13537 1.6885 -2.4845 -0.4169
13538 1.6981 -2.4986 -0.3662
13539 1.7225 -2.5346 -0.3338
13540 1.7450 -2.5677 -0.2961
13541 1.7778 -2.6159 -0.2624
13542 1.8300 -2.6927 -0.2325
13543 1.8693 -2.7506 -0.1846
13544 1.8654 -2.7449 -0.1165
13545 1.8381 -2.7047 -0.0485
13546 1.8165 -2.6730 0.0115
13547 1.7925 -2.6376 0.0651
13548 1.7578 -2.5865 0.1095
13549 1.7415 -2.5626 0.1536
13550 1.7632 -2.5944 0.2180
13551 1.7926 -2.6377 0.2982
13552 1.7980 -2.6456 0.3700
13553 1.7887 -2.6319 0.4329
13554 1.7769 -2.6147 0.4966
13555 1.7466 -2.5700 0.5355
13556 1.6915 -2.4890 0.5256
13557 1.6396 -2.4125 0.5040
13558 1.6110 -2.3705 0.5210
13559 1.5929 -2.3438 0.5645
13560 1.5717 -2.3126 0.6045
13561 1.5527 -2.2848 0.6628
13562 1.5359 -2.2600 0.7557
13563 1.5089 -2.2203 0.8257
13564 1.4707 -2.1641 0.8188
13565 1.4324 -2.1078 0.7701
13566 1.3987 -2.0582 0.7318
13567 1.3686 -2.0138 0.6891
13568 1.3437 -1.9771 0.6273
13569 1.3189 -1.9406 0.5984
13570 1.2827 -1.8874 0.6368
13571 1.2376 -1.8210 0.6892
13572 1.1972 -1.7617 0.6988
13573 1.1619 -1.7096 0.6822
13574 1.1261 -1.6570 0.6613
13575 1.1042 -1.6248 0.6074
13576 1.1098 -1.6330 0.5093
13577 1.1219 -1.6509 0.4169
13578 1.1124 -1.6368 0.3662
13579 1.0879 -1.6008 0.3338
13580 1.0654 -1.5677 0.2961
13581 1.0326 -1.5195 0.2624
13582 0.9804 -1.4427 0.2325
13583 0.9411 -1.3848 0.1846
13584 0.9450 -1.3905 0.1165
13585 0.9723 -1.4307 0.0485
13586 0.9939 -1.4624 -0.0115
13587 1.0179 -1.4978 -0.0651
13588 1.0526 -1.5489 -0.1095
13589 1.0689 -1.5728 -0.1536
13590 1.0473 -1.5410 -0.2180
13591 1.0178 -1.4977 -0.2982
13592 1.0124 -1.4898 -0.3700
13593 1.0218 -1.5035 -0.4329
13594 1.0335 -1.5207 -0.4966
13595 1.0638 -1.5654 -0.5355
13596 1.1189 -1.6464 -0.5256
13597 1.1709 -1.7229 -0.5040
13598 1.1994 -1.7649 -0.5210
13599 1.2176 -1.7916 -0.5645
13600 1.2388 -1.8228 -0.6045
13601 1.3242 -1.8225 -0.7608
13602 1.3516 -1.8604 -0.8351
13603 1.3872 -1.9093 -0.8841
13604 1.4282 -1.9657 -0.8923
13605 1.4695 -2.0225 -0.8588
13606 1.5064 -2.0733 -0.7975
13607 1.5376 -2.1164 -0.7321
13608 1.5662 -2.1557 -0.6854
13609 1.5975 -2.1988 -0.6704
13610 1.6362 -2.2520 -0.6848
13611 1.6829 -2.3164 -0.7128
13612 1.7332 -2.3856 -0.7322
13613 1.7787 -2.4482 -0.7242
13614 1.8112 -2.4928 -0.6806
13615 1.8264 -2.5138 -0.6072
13616 1.8270 -2.5147 -0.5196
13617 1.8219 -2.5077 -0.4357
13618 1.8227 -2.5088 -0.3683
13619 1.8386 -2.5307 -0.3200
13620 1.8720 -2.5766 -0.2837
13621 1.9167 -2.6381 -0.2472
13622 1.9603 -2.6981 -0.2005
13623 1.9891 -2.7378 -0.1400
13624 1.9940 -2.7445 -0.0702
13625 1.9742 -2.7173 -0.0000
13626 1.9382 -2.6678 0.0628
13627 1.8998 -2.6148 0.1160
13628 1.8723 -2.5771 0.1646
13629 1.8635 -2.5649 0.2178
13630 1.8720 -2.5766 0.2837
13631 1.8884 -2.5992 0.3632
13632 1.8999 -2.6149 0.4487
13633 1.8951 -2.6084 0.5261
13634 1.8695 -2.5732 0.5813
13635 1.8264 -2.5138 0.6072
13636 1.7749 -2.4429 0.6083
13637 1.7255 -2.3750 0.5997
13638 1.6859 -2.3205 0.6010
13639 1.6576 -2.2814 0.6281
13640 1.6362 -2.2520 0.6848
13641 1.6148 -2.2225 0.7608
13642 1.5873 -2.1847 0.8351
13643 1.5518 -2.1358 0.8841
13644 1.5107 -2.0794 0.8923
13645 1.4695 -2.0225 0.8588
13646 1.4326 -1.9718 0.7975
13647 1.4013 -1.9287 0.7321
13648 1.3727 -1.8894 0.6854
13649 1.3414 -1.8463 0.6704
13650 1.3027 -1.7931 0.6848
13651 1.2560 -1.7287 0.7128
13652 1.2057 -1.6595 0.7322
13653 1.1602 -1.5969 0.7242
13654 1.1278 -1.5522 0.6806
13655 1.1125 -1.5313 0.6072
13656 1.1119 -1.5304 0.5196
13657 1.1170 -1.5374 0.4357
13658 1.1162 -1.5363 0.3683
13659 1.1003 -1.5144 0.3200
13660 1.0669 -1.4685 0.2837
13661 1.0222 -1.4070 0.2472
13662 0.9786 -1.3470 0.2005
13663 0.9498 -1.3073 0.1400
13664 0.9450 -1.3006 0.0702
13665 0.9647 -1.3278 0.0000
13666 1.0007 -1.3773 -0.0628
13667 1.0391 -1.4303 -0.1160
13668 1.0666 -1.4680 -0.1646
13669 1.0754 -1.4802 -0.2178
13670 1.0669 -1.4685 -0.2837
13671 1.0505 -1.4459 -0.3632
13672 1.0391 -1.4302 -0.4487
13673 1.0438 -1.4367 -0.5261
13674 1.0694 -1.4719 -0.5813
13675 1.1125 -1.5313 -0.6072
13676 1.1641 -1.6022 -0.6083
13677 1.2134 -1.6701 -0.5997
13678 1.2530 -1.7246 -0.6010
13679 1.2814 -1.7636 -0.6281
13680 1.3027 -1.7931 -0.6848
13681 1.3970 -1.8011 -0.8592
13682 1.4346 -1.8495 -0.9131
13683 1.4778 -1.9052 -0.9400
13684 1.5230 -1.9634 -0.9631
13685 1.5687 -2.0223 -0.9440
13686 1.6072 -2.0720 -0.8594
13687 1.6379 -2.1116 -0.7713
13688 1.6716 -2.1550 -0.7388
13689 1.7110 -2.2058 -0.7364
13690 1.7505 -2.2567 -0.7268
13691 1.7972 -2.3169 -0.7308
13692 1.8589 -2.3965 -0.7583
13693 1.9160 -2.4701 -0.7568
13694 1.9431 -2.5050 -0.6917
13695 1.9497 -2.5135 -0.6004
13696 1.9578 -2.5239 -0.5212
13697 1.9609 -2.5280 -0.4438
13698 1.9510 -2.5152 -0.3617
13699 1.9564 -2.5221 -0.2994
13700 2.0016 -2.5804 -0.2622
13701 2.0589 -2.6543 -0.2206
13702 2.0919 -2.6969 -0.1594
13703 2.1084 -2.7181 -0.0889
13704 2.1225 -2.7364 -0.0151
13705 2.1109 -2.7213 0.0594
13706 2.0590 -2.6545 0.1223
13707 2.0050 -2.5848 0.1724
13708 1.9851 -2.5592 0.2273
13709 1.9836 -2.5573 0.2916
13710 1.9777 -2.5497 0.3561
13711 1.9802 -2.5529 0.4322
13712 1.9970 -2.5746 0.5330
13713 1.9961 -2.5734 0.6261
13714 1.9562 -2.5219 0.6703
13715 1.9002 -2.4498 0.6810
13716 1.8517 -2.3872 0.6942
13717 1.8043 -2.3261 0.6994
13718 1.7540 -2.2612 0.6831
13719 1.7158 -2.2120 0.6920
13720 1.6929 -2.1825 0.7657
13721 1.6675 -2.1497 0.8592
13722 1.6299 -2.1013 0.9131
13723 1.5867 -2.0456 0.9400
13724 1.5415 -1.9873 0.9631
13725 1.4959 -1.9285 0.9440
13726 1.4573 -1.8787 0.8594
13727 1.4266 -1.8392 0.7713
13728 1.3930 -1.7958 0.7388
13729 1.3536 -1.7450 0.7364
13730 1.3140 -1.6941 0.7268
13731 1.2674 -1.6339 0.7308
13732 1.2056 -1.5543 0.7583
13733 1.1485 -1.4807 0.7568
13734 1.1214 -1.4457 0.6917
13735 1.1149 -1.4373 0.6004
13736 1.1068 -1.4269 0.5212
13737 1.1036 -1.4228 0.4438
13738 1.1136 -1.4356 0.3617
13739 1.1082 -1.4286 0.2994
13740 1.0630 -1.3704 0.2622
13741 1.0056 -1.2964 0.2206
13742 0.9726 -1.2539 0.1594
13743 0.9561 -1.2326 0.0889
13744 0.9420 -1.2144 0.0151
13745 0.9537 -1.2295 -0.0594
13746 1.0055 -1.2963 -0.1223
13747 1.0596 -1.3660 -0.1724
13748 1.0794 -1.3916 -0.2273
13749 1.0809 -1.3935 -0.2916
13750 1.0868 -1.4011 -0.3561
13751 1.0843 -1.3979 -0.4322
13752 1.0675 -1.3762 -0.5330
13753 1.0684 -1.3774 -0.6261
13754 1.1083 -1.4288 -0.6703
13755 1.1643 -1.5010 -0.6810
13756 1.2128 -1.5635 -0.6942
13757 1.2602 -1.6247 -0.6994
13758 1.3106 -1.6896 -0.6831
13759 1.3487 -1.7388 -0.6920
13760 1.3716 -1.7682 -0.7657
13761 1.4821 -1.7916 -0.9166
13762 1.5250 -1.8434 -0.9742
13763 1.5734 -1.9020 -1.0042
13764 1.6241 -1.9632 -1.0153
13765 1.6728 -2.0221 -0.9841
13766 1.7127 -2.0702 -0.9022
13767 1.7449 -2.1092 -0.8170
13768 1.7797 -2.1513 -0.7729
13769 1.8210 -2.2012 -0.7582
13770 1.8660 -2.2556 -0.7493
13771 1.9195 -2.3202 -0.7523
13772 1.9842 -2.3985 -0.7649
13773 2.0422 -2.4686 -0.7495
13774 2.0728 -2.5056 -0.6841
13775 2.0813 -2.5159 -0.5935
13776 2.0844 -2.5196 -0.5058
13777 2.0819 -2.5166 -0.4212
13778 2.0736 -2.5065 -0.3400
13779 2.0820 -2.5168 -0.2759
13780 2.1239 -2.5674 -0.2276
13781 2.1778 -2.6325 -0.1748
13782 2.2145 -2.6769 -0.1076
13783 2.2337 -2.7000 -0.0316
13784 2.2408 -2.7086 0.0479
13785 2.2208 -2.6845 0.1243
13786 2.1686 -2.6214 0.1868
13787 2.1144 -2.5558 0.2374
13788 2.0862 -2.5218 0.2921
13789 2.0769 -2.5105 0.3568
13790 2.0712 -2.5036 0.4274
13791 2.0731 -2.5059 0.5113
13792 2.0811 -2.5157 0.6128
13793 2.0713 -2.5038 0.7039
13794 2.0296 -2.4534 0.7518
13795 1.9719 -2.3836 0.7652
13796 1.9160 -2.3160 0.7701
13797 1.8621 -2.2508 0.7662
13798 1.8103 -2.1883 0.7530
13799 1.7694 -2.1389 0.7663
13800 1.7386 -2.1017 0.8320
13801 1.7050 -2.0610 0.9166
13802 1.6621 -2.0092 0.9742
13803 1.6137 -1.9506 1.0042
13804 1.5630 -1.8894 1.0153
13805 1.5143 -1.8305 0.9841
13806 1.4745 -1.7823 0.9022
13807 1.4423 -1.7434 0.8170
13808 1.4074 -1.7012 0.7729
13809 1.3661 -1.6514 0.7582
13810 1.3211 -1.5970 0.7493
13811 1.2677 -1.5323 0.7523
13812 1.2029 -1.4541 0.7649
13813 1.1449 -1.3839 0.7495
13814 1.1143 -1.3470 0.6841
13815 1.1058 -1.3367 0.5935
13816 1.1027 -1.3329 0.5058
13817 1.1052 -1.3359 0.4212
13818 1.1136 -1.3461 0.3400
13819 1.1051 -1.3358 0.2759
13820 1.0632 -1.2852 0.2276
13821 1.0093 -1.2200 0.1748
13822 0.9726 -1.1756 0.1076
13823 0.9535 -1.1525 0.0316
13824 0.9464 -1.1440 -0.0479
13825 0.9663 -1.1680 -0.1243
13826 1.0185 -1.2311 -0.1868
13827 1.0728 -1.2967 -0.2374
13828 1.1009 -1.3307 -0.2921
13829 1.1102 -1.3420 -0.3568
13830 1.1160 -1.3490 -0.4274
13831 1.1140 -1.3466 -0.5113
13832 1.1060 -1.3369 -0.6128
13833 1.1158 -1.3488 -0.7039
13834 1.1575 -1.3992 -0.7518
13835 1.2152 -1.4690 -0.7652
13836 1.2711 -1.5365 -0.7701
13837 1.3251 -1.6017 -0.7662
13838 1.3768 -1.6643 -0.7530
13839 1.4177 -1.7137 -0.7663
13840 1.4485 -1.7509 -0.8320
13841 1.5757 -1.7872 -0.9290
13842 1.6219 -1.8397 -1.0058
13843 1.6752 -1.9001 -1.0545
13844 1.7290 -1.9612 -1.0370
13845 1.7766 -2.0152 -0.9775
13846 1.8187 -2.0629 -0.9145
13847 1.8551 -2.1042 -0.8479
13848 1.8854 -2.1386 -0.7775
13849 1.9213 -2.1793 -0.7372
13850 1.9762 -2.2415 -0.7433
13851 2.0424 -2.3166 -0.7585
13852 2.1014 -2.3836 -0.7448
13853 2.1505 -2.4393 -0.7061
13854 2.1917 -2.4860 -0.6523
13855 2.2105 -2.5073 -0.5726
13856 2.1979 -2.4931 -0.4698
13857 2.1784 -2.4709 -0.3737
13858 2.1810 -2.4739 -0.3015
13859 2.2025 -2.4982 -0.2413
13860 2.2292 -2.5285 -0.1804
13861 2.2676 -2.5721 -0.1174
13862 2.3184 -2.6297 -0.0474
13863 2.3506 -2.6663 0.0331
13864 2.3390 -2.6531 0.1145
13865 2.2997 -2.6085 0.1865
13866 2.2581 -2.5613 0.2502
13867 2.2140 -2.5113 0.3052
13868 2.1674 -2.4585 0.3510
13869 2.1408 -2.4283 0.4053
13870 2.1449 -2.4329 0.4883
13871 2.1549 -2.4442 0.5883
13872 2.1458 -2.4339 0.6777
13873 2.1202 -2.4049 0.7519
13874 2.0846 -2.3646 0.8142
13875 2.0319 -2.3048 0.8425
13876 1.9639 -2.2277 0.8236
13877 1.9004 -2.1556 0.7941
13878 1.8527 -2.1015 0.7980
13879 1.8128 -2.0563 0.8305
13880 1.7725 -2.0106 0.8709
13881 1.7309 -1.9633 0.9290
13882 1.6846 -1.9109 1.0058
13883 1.6314 -1.8504 1.0545
13884 1.5776 -1.7894 1.0370
13885 1.5300 -1.7354 0.9775
13886 1.4878 -1.6876 0.9145
13887 1.4514 -1.6463 0.8479
13888 1.4211 -1.6120 0.7775
13889 1.3853 -1.5713 0.7372
13890 1.3304 -1.5090 0.7433
13891 1.2642 -1.4340 0.7585
13892 1.2051 -1.3669 0.7448
13893 1.1560 -1.3112 0.7061
13894 1.1148 -1.2645 0.6523
13895 1.0961 -1.2433 0.5726
13896 1.1086 -1.2575 0.4698
13897 1.1281 -1.2796 0.3737
13898 1.1256 -1.2767 0.3015
13899 1.1041 -1.2523 0.2413
13900 1.0773 -1.2220 0.1804
13901 1.0389 -1.1784 0.1174
13902 0.9881 -1.1208 0.0474
13903 0.9559 -1.0843 -0.0331
13904 0.9675 -1.0974 -0.1145
13905 1.0068 -1.1420 -0.1865
13906 1.0485 -1.1893 -0.2502
13907 1.0926 -1.2393 -0.3052
13908 1.1391 -1.2921 -0.3510
13909 1.1657 -1.3223 -0.4053
13910 1.1617 -1.3177 -0.4883
13911 1.1517 -1.3063 -0.5883
13912 1.1608 -1.3166 -0.6777
13913 1.1863 -1.3456 -0.7519
13914 1.2219 -1.3860 -0.8142
13915 1.2746 -1.4458 -0.8425
13916 1.3426 -1.5229 -0.8236
13917 1.4062 -1.5950 -0.7941
13918 1.4539 -1.6491 -0.7980
13919 1.4937 -1.6943 -0.8305
13920 1.5340 -1.7400 -0.8709
13921 1.6717 -1.7801 -0.9218
13922 1.7221 -1.8339 -1.0013
13923 1.7794 -1.8949 -1.0521
13924 1.8335 -1.9525 -1.0223
13925 1.8786 -2.0005 -0.9516
13926 1.9204 -2.0450 -0.8918
13927 1.9568 -2.0838 -0.8286
13928 1.9829 -2.1115 -0.7490
13929 2.0153 -2.1460 -0.6996
13930 2.0747 -2.2093 -0.7068
13931 2.1467 -2.2860 -0.7214
13932 2.2037 -2.3467 -0.6969
13933 2.2487 -2.3946 -0.6494
13934 2.2926 -2.4413 -0.5967
13935 2.3126 -2.4627 -0.5195
13936 2.2909 -2.4395 -0.4147
13937 2.2618 -2.4086 -0.3184
13938 2.2659 -2.4129 -0.2492
13939 2.2903 -2.4389 -0.1890
13940 2.3104 -2.4603 -0.1245
13941 2.3424 -2.4944 -0.0580
13942 2.3968 -2.5523 0.0157
13943 2.4316 -2.5894 0.0995
13944 2.4112 -2.5677 0.1784
13945 2.3627 -2.5161 0.2443
13946 2.3219 -2.4725 0.3053
13947 2.2786 -2.4265 0.3586
13948 2.2241 -2.3684 0.3966
13949 2.1902 -2.3324 0.4439
13950 2.1952 -2.3377 0.5307
13951 2.2052 -2.3483 0.6360
13952 2.1884 -2.3304 0.7192
13953 2.1559 -2.2958 0.7850
13954 2.1199 -2.2574 0.8490
13955 2.0670 -2.2011 0.8784
13956 1.9953 -2.1247 0.8465
13957 1.9293 -2.0545 0.8041
13958 1.8820 -2.0041 0.8101
13959 1.8408 -1.9602 0.8457
13960 1.7966 -1.9132 0.8751
13961 1.7511 -1.8647 0.9218
13962 1.7006 -1.8110 1.0013
13963 1.6433 -1.7499 1.0521
13964 1.5892 -1.6924 1.0223
13965 1.5441 -1.6443 0.9516
13966 1.5023 -1.5998 0.8918
13967 1.4659 -1.5610 0.8286
13968 1.4399 -1.5333 0.7490
13969 1.4075 -1.4988 0.6996
13970 1.3481 -1.4356 0.7068
13971 1.2760 -1.3588 0.7214
13972 1.2191 -1.2982 0.6969
13973 1.1740 -1.2502 0.6494
13974 1.1302 -1.2035 0.5967
13975 1.1101 -1.1821 0.5195
13976 1.1319 -1.2053 0.4147
13977 1.1609 -1.2362 0.3184
13978 1.1568 -1.2319 0.2492
13979 1.1324 -1.2059 0.1890
13980 1.1123 -1.1845 0.1245
13981 1.0803 -1.1504 0.0580
13982 1.0259 -1.0925 -0.0157
13983 0.9912 -1.0555 -0.0995
13984 1.0115 -1.0772 -0.1784
13985 1.0600 -1.1288 -0.2443
13986 1.1009 -1.1723 -0.3053
13987 1.1441 -1.2184 -0.3586
13988 1.1986 -1.2764 -0.3966
13989 1.2325 -1.3125 -0.4439
13990 1.2275 -1.3072 -0.5307
13991 1.2176 -1.2966 -0.6360
13992 1.2343 -1.3144 -0.7192
13993 1.2668 -1.3491 -0.7850
13994 1.3029 -1.3874 -0.8490
13995 1.3558 -1.4438 -0.8784
13996 1.4275 -1.5201 -0.8465
13997 1.4934 -1.5903 -0.8041
13998 1.5408 -1.6408 -0.8101
13999 1.5820 -1.6846 -0.8457
14000 1.6261 -1.7316 -0.8751
14001 1.7678 -1.7678 -0.9061
14002 1.8213 -1.8213 -0.9619
14003 1.8785 -1.8785 -0.9888
14004 1.9330 -1.9330 -0.9735
14005 1.9786 -1.9786 -0.9176
14006 2.0129 -2.0129 -0.8371
14007 2.0398 -2.0398 -0.7549
14008 2.0674 -2.0674 -0.6915
14009 2.1048 -2.1048 -0.6561
14010 2.1569 -2.1569 -0.6443
14011 2.2208 -2.2208 -0.6407
14012 2.2866 -2.2866 -0.6266
14013 2.3405 -2.3405 -0.5885
14014 2.3714 -2.3714 -0.5231
14015 2.3757 -2.3757 -0.4380
14016 2.3597 -2.3597 -0.3467
14017 2.3376 -2.3376 -0.2618
14018 2.3254 -2.3254 -0.1893
14019 2.3341 -2.3341 -0.1269
14020 2.3650 -2.3650 -0.0665
14021 2.4085 -2.4085 -0.0000
14022 2.4479 -2.4479 0.0757
14023 2.4670 -2.4670 0.1566
14024 2.4561 -2.4561 0.2337
14025 2.4166 -2.4166 0.2982
14026 2.3597 -2.3597 0.3467
14027 2.3016 -2.3016 0.3847
14028 2.2567 -2.2567 0.4237
14029 2.2317 -2.2317 0.4767
14030 2.2233 -2.2233 0.5503
14031 2.2208 -2.2208 0.6407
14032 2.2109 -2.2109 0.7337
14033 2.1839 -2.1839 0.8100
14034 2.1377 -2.1377 0.8536
14035 2.0775 -2.0775 0.8597
14036 2.0129 -2.0129 0.8371
14037 1.9529 -1.9529 0.8058
14038 1.9016 -1.9016 0.7886
14039 1.8575 -1.8575 0.8010
14040 1.8148 -1.8148 0.8447
14041 1.7678 -1.7678 0.9061
14042 1.7142 -1.7142 0.9619
14043 1.6570 -1.6570 0.9888
14044 1.6025 -1.6025 0.9735
14045 1.5569 -1.5569 0.9176
14046 1.5226 -1.5226 0.8371
14047 1.4958 -1.4958 0.7549
14048 1.4681 -1.4681 0.6915
14049 1.4307 -1.4307 0.6561
14050 1.3787 -1.3787 0.6443
14051 1.3147 -1.3147 0.6407
14052 1.2490 -1.2490 0.6266
14053 1.1950 -1.1950 0.5885
14054 1.1642 -1.1642 0.5231
14055 1.1599 -1.1599 0.4380
14056 1.1759 -1.1759 0.3467
14057 1.1980 -1.1980 0.2618
14058 1.2102 -1.2102 0.1893
14059 1.2014 -1.2014 0.1269
14060 1.1705 -1.1705 0.0665
14061 1.1271 -1.1271 0.0000
14062 1.0876 -1.0876 -0.0757
14063 1.0685 -1.0685 -0.1566
14064 1.0794 -1.0794 -0.2337
14065 1.1189 -1.1189 -0.2982
14066 1.1759 -1.1759 -0.3467
14067 1.2339 -1.2339 -0.3847
14068 1.2788 -1.2788 -0.4237
14069 1.3038 -1.3038 -0.4767
14070 1.3122 -1.3122 -0.5503
14071 1.3147 -1.3147 -0.6407
14072 1.3247 -1.3247 -0.7337
14073 1.3517 -1.3517 -0.8100
14074 1.3979 -1.3979 -0.8536
14075 1.4580 -1.4580 -0.8597
14076 1.5226 -1.5226 -0.8371
14077 1.5826 -1.5826 -0.8058
14078 1.6339 -1.6339 -0.7886
14079 1.6781 -1.6781 -0.8010
14080 1.7208 -1.7208 -0.8447
14081 1.8620 -1.7486 -0.8637
14082 1.9154 -1.7987 -0.8961
14083 1.9691 -1.8491 -0.9002
14084 2.0242 -1.9009 -0.8998
14085 2.0704 -1.9443 -0.8593
14086 2.0938 -1.9663 -0.7600
14087 2.1076 -1.9792 -0.6615
14088 2.1373 -2.0071 -0.6146
14089 2.1803 -2.0475 -0.5935
14090 2.2220 -2.0866 -0.5656
14091 2.2748 -2.1362 -0.5471
14092 2.3501 -2.2069 -0.5435
14093 2.4136 -2.2665 -0.5147
14094 2.4289 -2.2809 -0.4405
14095 2.4152 -2.2681 -0.3519
14096 2.4061 -2.2595 -0.2741
14097 2.3919 -2.2462 -0.2006
14098 2.3619 -2.2180 -0.1292
14099 2.3538 -2.2104 -0.0689
14100 2.3965 -2.2504 -0.0124
14101 2.4520 -2.3026 0.0543
14102 2.4757 -2.3248 0.1275
14103 2.4787 -2.3276 0.2012
14104 2.4784 -2.3274 0.2768
14105 2.4488 -2.2996 0.3402
14106 2.3765 -2.2317 0.3723
14107 2.3047 -2.1642 0.3912
14108 2.2705 -2.1321 0.4320
14109 2.2551 -2.1176 0.4910
14110 2.2347 -2.0985 0.5481
14111 2.2213 -2.0859 0.6206
14112 2.2186 -2.0834 0.7238
14113 2.1976 -2.0637 0.8110
14114 2.1436 -2.0129 0.8320
14115 2.0790 -1.9523 0.8132
14116 2.0223 -1.8990 0.8007
14117 1.9686 -1.8487 0.7813
14118 1.9166 -1.7998 0.7401
14119 1.8727 -1.7585 0.7290
14120 1.8314 -1.7198 0.7875
14121 1.7828 -1.6742 0.8637
14122 1.7295 -1.6241 0.8961
14123 1.6757 -1.5736 0.9002
14124 1.6206 -1.5219 0.8998
14125 1.5744 -1.4785 0.8593
14126 1.5510 -1.4565 0.7600
14127 1.5372 -1.4436 0.6615
14128 1.5075 -1.4157 0.6146
14129 1.4645 -1.3753 0.5935
14130 1.4229 -1.3362 0.5656
14131 1.3700 -1.2865 0.5471
14132 1.2948 -1.2159 0.5435
14133 1.2313 -1.1562 0.5147
14134 1.2159 -1.1418 0.4405
14135 1.2296 -1.1547 0.3519
14136 1.2387 -1.1632 0.2741
14137 1.2529 -1.1766 0.2006
14138 1.2829 -1.2048 0.1292
14139 1.2910 -1.2123 0.0689
14140 1.2484 -1.1723 0.0124
14141 1.1928 -1.1201 -0.0543
14142 1.1692 -1.0979 -0.1275
14143 1.1662 -1.0951 -0.2012
14144 1.1665 -1.0954 -0.2768
14145 1.1961 -1.1232 -0.3402
14146 1.2684 -1.1911 -0.3723
14147 1.3402 -1.2585 -0.3912
14148 1.3744 -1.2906 -0.4320
14149 1.3898 -1.3051 -0.4910
14150 1.4101 -1.3242 -0.5481
14151 1.4236 -1.3368 -0.6206
14152 1.4263 -1.3393 -0.7238
14153 1.4473 -1.3591 -0.8110
14154 1.5013 -1.4098 -0.8320
14155 1.5659 -1.4705 -0.8132
14156 1.6226 -1.5237 -0.8007
14157 1.6762 -1.5741 -0.7813
14158 1.7283 -1.6230 -0.7401
14159 1.7722 -1.6642 -0.7290
14160 1.8134 -1.7029 -0.7875
14161 1.9494 -1.7186 -0.7821
14162 2.0023 -1.7653 -0.8180
14163 2.0552 -1.8119 -0.8257
14164 2.1064 -1.8570 -0.8154
14165 2.1458 -1.8918 -0.7665
14166 2.1639 -1.9077 -0.6745
14167 2.1729 -1.9157 -0.5839
14168 2.1949 -1.9350 -0.5318
14169 2.2312 -1.9671 -0.5053
14170 2.2735 -2.0044 -0.4831
14171 2.3286 -2.0529 -0.4687
14172 2.3990 -2.1150 -0.4586
14173 2.4560 -2.1652 -0.4256
14174 2.4712 -2.1786 -0.3587
14175 2.4565 -2.1657 -0.2790
14176 2.4371 -2.1486 -0.2049
14177 2.4128 -2.1272 -0.1367
14178 2.3833 -2.1012 -0.0748
14179 2.3774 -2.0959 -0.0210
14180 2.4131 -2.1274 0.0338
14181 2.4619 -2.1705 0.0988
14182 2.4888 -2.1942 0.1694
14183 2.4947 -2.1994 0.2399
14184 2.4869 -2.1925 0.3081
14185 2.4502 -2.1601 0.3607
14186 2.3812 -2.0993 0.3847
14187 2.3133 -2.0394 0.3968
14188 2.2742 -2.0050 0.4261
14189 2.2543 -1.9874 0.4745
14190 2.2376 -1.9727 0.5309
14191 2.2269 -1.9633 0.6043
14192 2.2193 -1.9566 0.6982
14193 2.1945 -1.9347 0.7741
14194 2.1443 -1.8905 0.7944
14195 2.0845 -1.8378 0.7749
14196 2.0290 -1.7888 0.7490
14197 1.9778 -1.7437 0.7166
14198 1.9314 -1.7027 0.6773
14199 1.8911 -1.6672 0.6693
14200 1.8499 -1.6309 0.7170
14201 1.8012 -1.5879 0.7821
14202 1.7482 -1.5413 0.8180
14203 1.6953 -1.4946 0.8257
14204 1.6442 -1.4495 0.8154
14205 1.6047 -1.4148 0.7665
14206 1.5867 -1.3988 0.6745
14207 1.5776 -1.3909 0.5839
14208 1.5557 -1.3715 0.5318
14209 1.5193 -1.3395 0.5053
14210 1.4771 -1.3022 0.4831
14211 1.4220 -1.2537 0.4687
14212 1.3516 -1.1916 0.4586
14213 1.2946 -1.1413 0.4256
14214 1.2794 -1.1279 0.3587
14215 1.2940 -1.1408 0.2790
14216 1.3134 -1.1579 0.2049
14217 1.3378 -1.1794 0.1367
14218 1.3672 -1.2054 0.0748
14219 1.3732 -1.2106 0.0210
14220 1.3375 -1.1791 -0.0338
14221 1.2886 -1.1361 -0.0988
14222 1.2617 -1.1124 -0.1694
14223 1.2559 -1.1072 -0.2399
14224 1.2637 -1.1141 -0.3081
14225 1.3004 -1.1464 -0.3607
14226 1.3693 -1.2072 -0.3847
14227 1.4373 -1.2671 -0.3968
14228 1.4764 -1.3016 -0.4261
14229 1.4962 -1.3191 -0.4745
14230 1.5129 -1.3338 -0.5309
14231 1.5237 -1.3433 -0.6043
14232 1.5313 -1.3500 -0.6982
14233 1.5560 -1.3718 -0.7741
14234 1.6062 -1.4161 -0.7944
14235 1.6660 -1.4688 -0.7749
14236 1.7216 -1.5178 -0.7490
14237 1.7727 -1.5629 -0.7166
14238 1.8192 -1.6038 -0.6773
14239 1.8595 -1.6394 -0.6693
14240 1.9006 -1.6756 -0.7170
14241 2.0274 -1.6772 -0.6877
14242 2.0830 -1.7232 -0.7433
14243 2.1400 -1.7703 -0.7703
14244 2.1821 -1.8052 -0.7354
14245 2.2080 -1.8266 -0.6650
14246 2.2274 -1.8427 -0.5950
14247 2.2402 -1.8533 -0.5253
14248 2.2461 -1.8581 -0.4562
14249 2.2661 -1.8747 -0.4141
14250 2.3190 -1.9184 -0.4083
14251 2.3874 -1.9750 -0.4067
14252 2.4420 -2.0202 -0.3818
14253 2.4807 -2.0522 -0.3386
14254 2.5079 -2.0747 -0.2852
14255 2.5052 -2.0725 -0.2183
14256 2.4634 -2.0379 -0.1444
14257 2.4165 -1.9991 -0.0804
14258 2.4010 -1.9862 -0.0291
14259 2.4103 -1.9940 0.0197
14260 2.4264 -2.0073 0.0717
14261 2.4561 -2.0319 0.1312
14262 2.4990 -2.0674 0.2033
14263 2.5198 -2.0846 0.2773
14264 2.4930 -2.0624 0.3321
14265 2.4387 -2.0174 0.3656
14266 2.3847 -1.9728 0.3908
14267 2.3310 -1.9284 0.4075
14268 2.2778 -1.8843 0.4151
14269 2.2454 -1.8575 0.4410
14270 2.2409 -1.8538 0.5097
14271 2.2397 -1.8528 0.5985
14272 2.2205 -1.8369 0.6694
14273 2.1872 -1.8094 0.7195
14274 2.1461 -1.7754 0.7548
14275 2.0945 -1.7327 0.7513
14276 2.0375 -1.6856 0.6970
14277 1.9882 -1.6448 0.6362
14278 1.9487 -1.6121 0.6160
14279 1.9111 -1.5810 0.6282
14280 1.8711 -1.5479 0.6491
14281 1.8252 -1.5099 0.6877
14282 1.7696 -1.4639 0.7433
14283 1.7126 -1.4168 0.7703
14284 1.6704 -1.3819 0.7354
14285 1.6446 -1.3605 0.6650
14286 1.6252 -1.3444 0.5950
14287 1.6123 -1.3338 0.5253
14288 1.6065 -1.3290 0.4562
14289 1.5865 -1.3125 0.4141
14290 1.5336 -1.2687 0.4083
14291 1.4652 -1.2121 0.4067
14292 1.4105 -1.1669 0.3818
14293 1.3719 -1.1349 0.3386
14294 1.3447 -1.1124 0.2852
14295 1.3474 -1.1147 0.2183
14296 1.3892 -1.1492 0.1444
14297 1.4361 -1.1880 0.0804
14298 1.4516 -1.2009 0.0291
14299 1.4423 -1.1931 -0.0197
14300 1.4261 -1.1798 -0.0717
14301 1.3964 -1.1552 -0.1312
14302 1.3536 -1.1198 -0.2033
14303 1.3328 -1.1026 -0.2773
14304 1.3596 -1.1248 -0.3321
14305 1.4139 -1.1697 -0.3656
14306 1.4679 -1.2143 -0.3908
14307 1.5215 -1.2587 -0.4075
14308 1.5748 -1.3028 -0.4151
14309 1.6072 -1.3296 -0.4410
14310 1.6117 -1.3333 -0.5097
14311 1.6129 -1.3343 -0.5985
14312 1.6321 -1.3502 -0.6694
14313 1.6654 -1.3777 -0.7195
14314 1.7065 -1.4117 -0.7548
14315 1.7581 -1.4544 -0.7513
14316 1.8151 -1.5015 -0.6970
14317 1.8644 -1.5423 -0.6362
14318 1.9039 -1.5750 -0.6160
14319 1.9415 -1.6061 -0.6282
14320 1.9815 -1.6392 -0.6491
14321 2.1026 -1.6309 -0.6270
14322 2.1610 -1.6762 -0.6860
14323 2.2203 -1.7222 -0.7163
14324 2.2569 -1.7507 -0.6729
14325 2.2743 -1.7642 -0.5962
14326 2.2915 -1.7775 -0.5329
14327 2.3028 -1.7862 -0.4700
14328 2.2995 -1.7837 -0.3975
14329 2.3116 -1.7931 -0.3520
14330 2.3682 -1.8369 -0.3494
14331 2.4415 -1.8938 -0.3489
14332 2.4899 -1.9314 -0.3190
14333 2.5208 -1.9554 -0.2733
14334 2.5505 -1.9783 -0.2239
14335 2.5492 -1.9774 -0.1623
14336 2.4967 -1.9366 -0.0939
14337 2.4395 -1.8923 -0.0370
14338 2.4267 -1.8823 0.0090
14339 2.4397 -1.8924 0.0555
14340 2.4483 -1.8991 0.1045
14341 2.4708 -1.9166 0.1610
14342 2.5175 -1.9527 0.2349
14343 2.5414 -1.9713 0.3100
14344 2.5071 -1.9447 0.3563
14345 2.4465 -1.8977 0.3784
14346 2.3964 -1.8589 0.4001
14347 2.3468 -1.8203 0.4144
14348 2.2895 -1.7759 0.4102
14349 2.2535 -1.7480 0.4255
14350 2.2514 -1.7464 0.4971
14351 2.2511 -1.7461 0.5899
14352 2.2275 -1.7278 0.6512
14353 2.1913 -1.6998 0.6903
14354 2.1523 -1.6695 0.7278
14355 2.1037 -1.6318 0.7262
14356 2.0496 -1.5898 0.6597
14357 2.0046 -1.5549 0.5874
14358 1.9683 -1.5268 0.5712
14359 1.9315 -1.4982 0.5876
14360 1.8928 -1.4682 0.5985
14361 1.8482 -1.4336 0.6270
14362 1.7898 -1.3883 0.6860
14363 1.7305 -1.3423 0.7163
14364 1.6938 -1.3139 0.6729
14365 1.6764 -1.3004 0.5962
14366 1.6593 -1.2871 0.5329
14367 1.6480 -1.2783 0.4700
14368 1.6512 -1.2808 0.3975
14369 1.6392 -1.2715 0.3520
14370 1.5826 -1.2276 0.3494
14371 1.5093 -1.1707 0.3489
14372 1.4609 -1.1332 0.3190
14373 1.4299 -1.1092 0.2733
14374 1.4003 -1.0862 0.2239
14375 1.4016 -1.0872 0.1623
14376 1.4541 -1.1279 0.0939
14377 1.5113 -1.1723 0.0370
14378 1.5241 -1.1822 -0.0090
14379 1.5111 -1.1721 -0.0555
14380 1.5025 -1.1654 -0.1045
14381 1.4800 -1.1480 -0.1610
14382 1.4333 -1.1118 -0.2349
14383 1.4094 -1.0933 -0.3100
14384 1.4437 -1.1198 -0.3563
14385 1.5043 -1.1669 -0.3784
14386 1.5543 -1.2057 -0.4001
14387 1.6040 -1.2442 -0.4144
14388 1.6613 -1.2886 -0.4102
14389 1.6973 -1.3165 -0.4255
14390 1.6993 -1.3181 -0.4971
14391 1.6997 -1.3184 -0.5899
14392 1.7233 -1.3367 -0.6512
14393 1.7594 -1.3648 -0.6903
14394 1.7985 -1.3950 -0.7278
14395 1.8471 -1.4328 -0.7262
14396 1.9012 -1.4747 -0.6597
14397 1.9462 -1.5096 -0.5874
14398 1.9825 -1.5378 -0.5712
14399 2.0193 -1.5663 -0.5876
14400 2.0579 -1.5963 -0.5985
14401 2.1850 -1.5875 -0.6182
14402 2.2420 -1.6289 -0.6548
14403 2.2962 -1.6683 -0.6639
14404 2.3375 -1.6983 -0.6353
14405 2.3596 -1.7143 -0.5734
14406 2.3641 -1.7176 -0.4943
14407 2.3608 -1.7152 -0.4181
14408 2.3639 -1.7175 -0.3604
14409 2.3857 -1.7333 -0.3262
14410 2.4304 -1.7658 -0.3089
14411 2.4911 -1.8099 -0.2951
14412 2.5523 -1.8544 -0.2712
14413 2.5958 -1.8860 -0.2303
14414 2.6087 -1.8953 -0.1739
14415 2.5889 -1.8809 -0.1109
14416 2.5468 -1.8503 -0.0510
14417 2.5009 -1.8170 -0.0000
14418 2.4701 -1.7946 0.0435
14419 2.4659 -1.7916 0.0868
14420 2.4876 -1.8074 0.1380
14421 2.5227 -1.8328 0.2009
14422 2.5523 -1.8544 0.2712
14423 2.5596 -1.8597 0.3383
14424 2.5365 -1.8429 0.3893
14425 2.4864 -1.8065 0.4166
14426 2.4224 -1.7600 0.4221
14427 2.3608 -1.7152 0.4181
14428 2.3141 -1.6813 0.4219
14429 2.2864 -1.6612 0.4489
14430 2.2725 -1.6510 0.5041
14431 2.2613 -1.6429 0.5792
14432 2.2420 -1.6289 0.6548
14433 2.2088 -1.6048 0.7086
14434 2.1633 -1.5717 0.7245
14435 2.1122 -1.5346 0.7001
14436 2.0638 -1.4994 0.6480
14437 2.0225 -1.4695 0.5912
14438 1.9873 -1.4439 0.5532
14439 1.9523 -1.4184 0.5481
14440 1.9109 -1.3883 0.5749
14441 1.8600 -1.3514 0.6182
14442 1.8031 -1.3100 0.6548
14443 1.7489 -1.2706 0.6639
14444 1.7076 -1.2406 0.6353
14445 1.6855 -1.2246 0.5734
14446 1.6810 -1.2213 0.4943
14447 1.6843 -1.2237 0.4181
14448 1.6812 -1.2215 0.3604
14449 1.6594 -1.2056 0.3262
14450 1.6147 -1.1732 0.3089
14451 1.5540 -1.1290 0.2951
14452 1.4928 -1.0846 0.2712
14453 1.4492 -1.0529 0.2303
14454 1.4364 -1.0436 0.1739
14455 1.4562 -1.0580 0.1109
14456 1.4983 -1.0886 0.0510
14457 1.5442 -1.1220 0.0000
14458 1.5750 -1.1443 -0.0435
14459 1.5792 -1.1473 -0.0868
14460 1.5574 -1.1316 -0.1380
14461 1.5224 -1.1061 -0.2009
14462 1.4928 -1.0846 -0.2712
14463 1.4854 -1.0792 -0.3383
14464 1.5086 -1.0960 -0.3893
14465 1.5586 -1.1324 -0.4166
14466 1.6227 -1.1789 -0.4221
14467 1.6843 -1.2237 -0.4181
14468 1.7310 -1.2576 -0.4219
14469 1.7587 -1.2778 -0.4489
14470 1.7726 -1.2879 -0.5041
14471 1.7838 -1.2960 -0.5792
14472 1.8031 -1.3100 -0.6548
14473 1.8363 -1.3341 -0.7086
14474 1.8818 -1.3672 -0.7245
14475 1.9328 -1.4043 -0.7001
14476 1.9813 -1.4395 -0.6480
14477 2.0225 -1.4695 -0.5912
14478 2.0578 -1.4951 -0.5532
14479 2.0928 -1.5205 -0.5481
14480 2.1342 -1.5506 -0.5749
14481 2.2764 -1.5470 -0.6372
14482 2.3316 -1.5845 -0.6512
14483 2.3803 -1.6176 -0.6390
14484 2.4298 -1.6513 -0.6230
14485 2.4600 -1.6718 -0.5734
14486 2.4512 -1.6659 -0.4785
14487 2.4328 -1.6534 -0.3892
14488 2.4455 -1.6620 -0.3430
14489 2.4799 -1.6853 -0.3163
14490 2.5118 -1.7070 -0.2843
14491 2.5591 -1.7391 -0.2571
14492 2.6351 -1.7908 -0.2349
14493 2.6929 -1.8301 -0.1941
14494 2.6881 -1.8268 -0.1309
14495 2.6491 -1.8003 -0.0665
14496 2.6188 -1.7797 -0.0105
14497 2.5849 -1.7567 0.0393
14498 2.5355 -1.7231 0.0805
14499 2.5134 -1.7081 0.1205
14500 2.5480 -1.7316 0.1787
14501 2.5948 -1.7634 0.2523
14502 2.6063 -1.7712 0.3190
14503 2.5962 -1.7644 0.3779
14504 2.5830 -1.7554 0.4378
14505 2.5419 -1.7275 0.4743
14506 2.4635 -1.6742 0.4637
14507 2.3896 -1.6240 0.4415
14508 2.3514 -1.5980 0.4568
14509 2.3293 -1.5830 0.4984
14510 2.3028 -1.5650 0.5369
14511 2.2803 -1.5497 0.5941
14512 2.2620 -1.5372 0.6860
14513 2.2282 -1.5143 0.7560
14514 2.1760 -1.4788 0.7501
14515 2.1227 -1.4426 0.7030
14516 2.0764 -1.4111 0.6663
14517 2.0352 -1.3831 0.6254
14518 2.0011 -1.3600 0.5655
14519 1.9681 -1.3375 0.5389
14520 1.9199 -1.3048 0.5807
14521 1.8590 -1.2634 0.6372
14522 1.8039 -1.2259 0.6512
14523 1.7551 -1.1928 0.6390
14524 1.7056 -1.1591 0.6230
14525 1.6754 -1.1386 0.5734
14526 1.6842 -1.1446 0.4785
14527 1.7026 -1.1571 0.3892
14528 1.6899 -1.1484 0.3430
14529 1.6555 -1.1251 0.3163
14530 1.6236 -1.1034 0.2843
14531 1.5763 -1.0713 0.2571
14532 1.5003 -1.0196 0.2349
14533 1.4425 -0.9803 0.1941
14534 1.4473 -0.9836 0.1309
14535 1.4863 -1.0101 0.0665
14536 1.5166 -1.0307 0.0105
14537 1.5505 -1.0537 -0.0393
14538 1.6000 -1.0873 -0.0805
14539 1.6220 -1.1023 -0.1205
14540 1.5874 -1.0788 -0.1787
14541 1.5407 -1.0470 -0.2523
14542 1.5291 -1.0392 -0.3190
14543 1.5392 -1.0460 -0.3779
14544 1.5524 -1.0550 -0.4378
14545 1.5935 -1.0829 -0.4743
14546 1.6719 -1.1362 -0.4637
14547 1.7458 -1.1864 -0.4415
14548 1.7840 -1.2124 -0.4568
14549 1.8061 -1.2274 -0.4984
14550 1.8326 -1.2454 -0.5369
14551 1.8551 -1.2607 -0.5941
14552 1.8734 -1.2732 -0.6860
14553 1.9072 -1.2961 -0.7560
14554 1.9594 -1.3316 -0.7501
14555 2.0127 -1.3679 -0.7030
14556 2.0590 -1.3993 -0.6663
14557 2.1002 -1.4273 -0.6254
14558 2.1343 -1.4504 -0.5655
14559 2.1673 -1.4729 -0.5389
14560 2.2155 -1.5056 -0.5807
14561 2.3709 -1.5046 -0.6547
14562 2.4332 -1.5441 -0.6694
14563 2.4882 -1.5791 -0.6577
14564 2.5368 -1.6099 -0.6298
14565 2.5630 -1.6265 -0.5703
14566 2.5554 -1.6217 -0.4791
14567 2.5387 -1.6111 -0.3931
14568 2.5460 -1.6158 -0.3386
14569 2.5758 -1.6347 -0.3028
14570 2.6134 -1.6585 -0.2687
14571 2.6670 -1.6925 -0.2371
14572 2.7384 -1.7378 -0.2033
14573 2.7898 -1.7705 -0.1534
14574 2.7880 -1.7693 -0.0885
14575 2.7512 -1.7460 -0.0238
14576 2.7112 -1.7206 0.0335
14577 2.6677 -1.6930 0.0833
14578 2.6207 -1.6632 0.1251
14579 2.6013 -1.6509 0.1688
14580 2.6266 -1.6669 0.2308
14581 2.6636 -1.6904 0.3081
14582 2.6760 -1.6982 0.3818
14583 2.6661 -1.6920 0.4470
14584 2.6425 -1.6770 0.5045
14585 2.5924 -1.6452 0.5356
14586 2.5153 -1.5963 0.5265
14587 2.4427 -1.5502 0.5067
14588 2.3967 -1.5210 0.5155
14589 2.3665 -1.5018 0.5507
14590 2.3377 -1.4836 0.5952
14591 2.3110 -1.4666 0.6587
14592 2.2825 -1.4485 0.7433
14593 2.2403 -1.4218 0.8042
14594 2.1856 -1.3870 0.8021
14595 2.1309 -1.3523 0.7585
14596 2.0825 -1.3216 0.7110
14597 2.0405 -1.2949 0.6596
14598 2.0052 -1.2726 0.6039
14599 1.9683 -1.2491 0.5809
14600 1.9159 -1.2159 0.6109
14601 1.8507 -1.1745 0.6547
14602 1.7885 -1.1350 0.6694
14603 1.7334 -1.1001 0.6577
14604 1.6848 -1.0692 0.6298
14605 1.6586 -1.0526 0.5703
14606 1.6663 -1.0575 0.4791
14607 1.6830 -1.0681 0.3931
14608 1.6756 -1.0634 0.3386
14609 1.6458 -1.0445 0.3028
14610 1.6083 -1.0206 0.2687
14611 1.5547 -0.9866 0.2371
14612 1.4832 -0.9413 0.2033
14613 1.4318 -0.9087 0.1534
14614 1.4336 -0.9098 0.0885
14615 1.4704 -0.9332 0.0238
14616 1.5105 -0.9586 -0.0335
14617 1.5539 -0.9862 -0.0833
14618 1.6009 -1.0160 -0.1251
14619 1.6203 -1.0283 -0.1688
14620 1.5950 -1.0122 -0.2308
14621 1.5580 -0.9887 -0.3081
14622 1.5456 -0.9809 -0.3818
14623 1.5555 -0.9872 -0.4470
14624 1.5791 -1.0021 -0.5045
14625 1.6293 -1.0340 -0.5356
14626 1.7063 -1.0829 -0.5265
14627 1.7790 -1.1290 -0.5067
14628 1.8249 -1.1581 -0.5155
14629 1.8552 -1.1773 -0.5507
14630 1.8839 -1.1956 -0.5952
14631 1.9106 -1.2125 -0.6587
14632 1.9391 -1.2306 -0.7433
14633 1.9813 -1.2574 -0.8042
14634 2.0361 -1.2921 -0.8021
14635 2.0907 -1.3268 -0.7585
14636 2.1391 -1.3575 -0.7110
14637 2.1812 -1.3842 -0.6596
14638 2.2164 -1.4066 -0.6039
14639 2.2533 -1.4300 -0.5809
14640 2.3057 -1.4633 -0.6109
14641 2.4690 -1.4602 -0.6702
14642 2.5466 -1.5061 -0.6982
14643 2.6179 -1.5482 -0.6980
14644 2.6568 -1.5712 -0.6447
14645 2.6686 -1.5782 -0.5638
14646 2.6735 -1.5811 -0.4855
14647 2.6712 -1.5797 -0.4100
14648 2.6613 -1.5739 -0.3376
14649 2.6734 -1.5811 -0.2851
14650 2.7298 -1.6144 -0.2537
14651 2.8034 -1.6579 -0.2199
14652 2.8559 -1.6890 -0.1694
14653 2.8862 -1.7069 -0.1078
14654 2.9013 -1.7158 -0.0411
14655 2.8806 -1.7036 0.0266
14656 2.8162 -1.6655 0.0852
14657 2.7488 -1.6256 0.1323
14658 2.7176 -1.6072 0.1798
14659 2.7132 -1.6046 0.2348
14660 2.7149 -1.6056 0.2954
14661 2.7287 -1.6138 0.3684
14662 2.7528 -1.6280 0.4586
14663 2.7527 -1.6279 0.5414
14664 2.7068 -1.6008 0.5866
14665 2.6371 -1.5596 0.6003
14666 2.5698 -1.5198 0.6060
14667 2.5048 -1.4813 0.6034
14668 2.4425 -1.4445 0.5919
14669 2.3973 -1.4177 0.6059
14670 2.3702 -1.4018 0.6714
14671 2.3412 -1.3846 0.7570
14672 2.2977 -1.3588 0.8180
14673 2.2446 -1.3275 0.8531
14674 2.1872 -1.2935 0.8707
14675 2.1290 -1.2591 0.8467
14676 2.0785 -1.2292 0.7718
14677 2.0380 -1.2053 0.6935
14678 1.9971 -1.1811 0.6573
14679 1.9497 -1.1531 0.6522
14680 1.8976 -1.1222 0.6542
14681 1.8347 -1.0851 0.6702
14682 1.7571 -1.0392 0.6982
14683 1.6858 -0.9970 0.6980
14684 1.6469 -0.9740 0.6447
14685 1.6351 -0.9670 0.5638
14686 1.6302 -0.9641 0.4855
14687 1.6325 -0.9655 0.4100
14688 1.6424 -0.9713 0.3376
14689 1.6303 -0.9642 0.2851
14690 1.5739 -0.9308 0.2537
14691 1.5003 -0.8873 0.2199
14692 1.4478 -0.8562 0.1694
14693 1.4176 -0.8383 0.1078
14694 1.4024 -0.8294 0.0411
14695 1.4231 -0.8416 -0.0266
14696 1.4875 -0.8797 -0.0852
14697 1.5549 -0.9196 -0.1323
14698 1.5861 -0.9380 -0.1798
14699 1.5905 -0.9406 -0.2348
14700 1.5888 -0.9396 -0.2954
14701 1.5750 -0.9315 -0.3684
14702 1.5509 -0.9172 -0.4586
14703 1.5510 -0.9173 -0.5414
14704 1.5969 -0.9444 -0.5866
14705 1.6666 -0.9856 -0.6003
14706 1.7339 -1.0255 -0.6060
14707 1.7989 -1.0639 -0.6034
14708 1.8613 -1.1007 -0.5919
14709 1.9064 -1.1275 -0.6059
14710 1.9335 -1.1435 -0.6714
14711 1.9626 -1.1607 -0.7570
14712 2.0061 -1.1864 -0.8180
14713 2.0591 -1.2177 -0.8531
14714 2.1165 -1.2517 -0.8707
14715 2.1748 -1.2861 -0.8467
14716 2.2252 -1.3160 -0.7718
14717 2.2657 -1.3399 -0.6935
14718 2.3066 -1.3641 -0.6573
14719 2.3540 -1.3921 -0.6522
14720 2.4061 -1.4230 -0.6542
14721 2.5792 -1.4179 -0.6985
14722 2.6670 -1.4662 -0.7238
14723 2.7474 -1.5104 -0.7205
14724 2.7832 -1.5301 -0.6552
14725 2.7891 -1.5333 -0.5648
14726 2.7976 -1.5380 -0.4867
14727 2.7992 -1.5389 -0.4106
14728 2.7820 -1.5294 -0.3305
14729 2.7874 -1.5324 -0.2696
14730 2.8504 -1.5670 -0.2316
14731 2.9308 -1.6112 -0.1888
14732 2.9760 -1.6361 -0.1275
14733 2.9975 -1.6479 -0.0579
14734 3.0157 -1.6579 0.0148
14735 2.9970 -1.6476 0.0870
14736 2.9214 -1.6060 0.1455
14737 2.8431 -1.5630 0.1911
14738 2.8136 -1.5468 0.2433
14739 2.8102 -1.5449 0.3059
14740 2.8007 -1.5397 0.3685
14741 2.8029 -1.5409 0.4433
14742 2.8251 -1.5531 0.5435
14743 2.8221 -1.5515 0.6352
14744 2.7649 -1.5200 0.6761
14745 2.6857 -1.4765 0.6828
14746 2.6172 -1.4388 0.6924
14747 2.5506 -1.4022 0.6943
14748 2.4804 -1.3636 0.6746
14749 2.4270 -1.3342 0.6808
14750 2.3937 -1.3159 0.7528
14751 2.3562 -1.2953 0.8445
14752 2.3025 -1.2658 0.8961
14753 2.2415 -1.2323 0.9206
14754 2.1778 -1.1973 0.9413
14755 2.1146 -1.1625 0.9201
14756 2.0633 -1.1343 0.8337
14757 2.0233 -1.1123 0.7444
14758 1.9775 -1.0872 0.7107
14759 1.9227 -1.0570 0.7069
14760 1.8678 -1.0268 0.6960
14761 1.8023 -0.9908 0.6985
14762 1.7145 -0.9426 0.7238
14763 1.6342 -0.8984 0.7205
14764 1.5983 -0.8787 0.6552
14765 1.5925 -0.8755 0.5648
14766 1.5840 -0.8708 0.4867
14767 1.5824 -0.8699 0.4106
14768 1.5996 -0.8794 0.3305
14769 1.5942 -0.8764 0.2696
14770 1.5311 -0.8417 0.2316
14771 1.4507 -0.7975 0.1888
14772 1.4055 -0.7727 0.1275
14773 1.3840 -0.7609 0.0579
14774 1.3659 -0.7509 -0.0148
14775 1.3845 -0.7611 -0.0870
14776 1.4601 -0.8027 -0.1455
14777 1.5384 -0.8458 -0.1911
14778 1.5679 -0.8620 -0.2433
14779 1.5713 -0.8638 -0.3059
14780 1.5808 -0.8691 -0.3685
14781 1.5786 -0.8679 -0.4433
14782 1.5565 -0.8557 -0.5435
14783 1.5594 -0.8573 -0.6352
14784 1.6166 -0.8888 -0.6761
14785 1.6958 -0.9323 -0.6828
14786 1.7643 -0.9699 -0.6924
14787 1.8310 -1.0066 -0.6943
14788 1.9011 -1.0452 -0.6746
14789 1.9546 -1.0745 -0.6808
14790 1.9878 -1.0928 -0.7528
14791 2.0253 -1.1134 -0.8445
14792 2.0790 -1.1429 -0.8961
14793 2.1400 -1.1765 -0.9206
14794 2.2037 -1.2115 -0.9413
14795 2.2670 -1.2463 -0.9201
14796 2.3183 -1.2745 -0.8337
14797 2.3583 -1.2965 -0.7444
14798 2.4040 -1.3216 -0.7107
14799 2.4588 -1.3518 -0.7069
14800 2.5137 -1.3819 -0.6960
14801 2.7020 -1.3768 -0.7330
14802 2.7858 -1.4195 -0.7337
14803 2.8583 -1.4564 -0.7079
14804 2.9058 -1.4806 -0.6502
14805 2.9230 -1.4894 -0.5671
14806 2.9159 -1.4857 -0.4734
14807 2.9002 -1.4777 -0.3847
14808 2.8951 -1.4751 -0.3103
14809 2.9147 -1.4851 -0.2506
14810 2.9616 -1.5090 -0.1978
14811 3.0249 -1.5413 -0.1417
14812 3.0845 -1.5717 -0.0757
14813 3.1196 -1.5895 -0.0000
14814 3.1168 -1.5881 0.0786
14815 3.0766 -1.5676 0.1509
14816 3.0125 -1.5350 0.2115
14817 2.9455 -1.5008 0.2618
14818 2.8951 -1.4751 0.3103
14819 2.8713 -1.4630 0.3682
14820 2.8712 -1.4630 0.4427
14821 2.8806 -1.4678 0.5326
14822 2.8812 -1.4681 0.6266
14823 2.8583 -1.4564 0.7079
14824 2.8069 -1.4302 0.7613
14825 2.7328 -1.3924 0.7806
14826 2.6493 -1.3499 0.7725
14827 2.5703 -1.3096 0.7549
14828 2.5040 -1.2759 0.7492
14829 2.4508 -1.2487 0.7713
14830 2.4038 -1.2248 0.8239
14831 2.3538 -1.1993 0.8949
14832 2.2950 -1.1693 0.9619
14833 2.2275 -1.1350 1.0012
14834 2.1575 -1.0993 0.9981
14835 2.0930 -1.0665 0.9530
14836 2.0391 -1.0389 0.8810
14837 1.9942 -1.0161 0.8058
14838 1.9510 -0.9941 0.7492
14839 1.8995 -0.9678 0.7226
14840 1.8331 -0.9340 0.7224
14841 1.7530 -0.8932 0.7330
14842 1.6692 -0.8505 0.7337
14843 1.5967 -0.8136 0.7079
14844 1.5492 -0.7894 0.6502
14845 1.5320 -0.7806 0.5671
14846 1.5392 -0.7842 0.4734
14847 1.5549 -0.7922 0.3847
14848 1.5599 -0.7948 0.3103
14849 1.5403 -0.7848 0.2506
14850 1.4934 -0.7609 0.1978
14851 1.4301 -0.7287 0.1417
14852 1.3705 -0.6983 0.0757
14853 1.3355 -0.6805 0.0000
14854 1.3382 -0.6819 -0.0786
14855 1.3784 -0.7023 -0.1509
14856 1.4425 -0.7350 -0.2115
14857 1.5095 -0.7691 -0.2618
14858 1.5599 -0.7948 -0.3103
14859 1.5837 -0.8069 -0.3682
14860 1.5838 -0.8070 -0.4427
14861 1.5744 -0.8022 -0.5326
14862 1.5738 -0.8019 -0.6266
14863 1.5967 -0.8136 -0.7079
14864 1.6482 -0.8398 -0.7613
14865 1.7222 -0.8775 -0.7806
14866 1.8057 -0.9200 -0.7725
14867 1.8848 -0.9603 -0.7549
14868 1.9510 -0.9941 -0.7492
14869 2.0042 -1.0212 -0.7713
14870 2.0513 -1.0452 -0.8239
14871 2.1012 -1.0706 -0.8949
14872 2.1601 -1.1006 -0.9619
14873 2.2275 -1.1350 -1.0012
14874 2.2975 -1.1706 -0.9981
14875 2.3620 -1.2035 -0.9530
14876 2.4160 -1.2310 -0.8810
14877 2.4608 -1.2538 -0.8058
14878 2.5040 -1.2759 -0.7492
14879 2.5556 -1.3021 -0.7226
14880 2.6220 -1.3360 -0.7224
14881 2.8167 -1.3254 -0.7410
14882 2.8927 -1.3612 -0.7192
14883 2.9535 -1.3898 -0.6737
14884 3.0130 -1.4178 -0.6231
14885 3.0417 -1.4313 -0.5468
14886 3.0159 -1.4192 -0.4411
14887 2.9803 -1.4024 -0.3435
14888 2.9876 -1.4059 -0.2745
14889 3.0215 -1.4218 -0.2155
14890 3.0499 -1.4352 -0.1520
14891 3.0941 -1.4560 -0.0869
14892 3.1681 -1.4908 -0.0157
14893 3.2164 -1.5135 0.0664
14894 3.1917 -1.5019 0.1462
14895 3.1296 -1.4727 0.2143
14896 3.0773 -1.4481 0.2772
14897 3.0217 -1.4219 0.3324
14898 2.9508 -1.3885 0.3729
14899 2.9073 -1.3681 0.4218
14900 2.9164 -1.3723 0.5082
14901 2.9325 -1.3799 0.6130
14902 2.9128 -1.3707 0.6969
14903 2.8717 -1.3513 0.7642
14904 2.8259 -1.3297 0.8299
14905 2.7568 -1.2973 0.8616
14906 2.6612 -1.2523 0.8331
14907 2.5729 -1.2107 0.7937
14908 2.5105 -1.1813 0.8019
14909 2.4571 -1.1562 0.8393
14910 2.3996 -1.1292 0.8707
14911 2.3407 -1.1015 0.9195
14912 2.2763 -1.0711 1.0013
14913 2.2020 -1.0362 1.0547
14914 2.1298 -1.0022 1.0274
14915 2.0682 -0.9732 0.9588
14916 2.0113 -0.9464 0.9010
14917 1.9613 -0.9229 0.8395
14918 1.9247 -0.9057 0.7611
14919 1.8805 -0.8849 0.7132
14920 1.8022 -0.8481 0.7231
14921 1.7074 -0.8034 0.7410
14922 1.6315 -0.7677 0.7192
14923 1.5706 -0.7391 0.6737
14924 1.5112 -0.7111 0.6231
14925 1.4825 -0.6976 0.5468
14926 1.5083 -0.7097 0.4411
14927 1.5439 -0.7265 0.3435
14928 1.5365 -0.7230 0.2745
14929 1.5026 -0.7071 0.2155
14930 1.4742 -0.6937 0.1520
14931 1.4300 -0.6729 0.0869
14932 1.3561 -0.6381 0.0157
14933 1.3077 -0.6154 -0.0664
14934 1.3324 -0.6270 -0.1462
14935 1.3946 -0.6562 -0.2143
14936 1.4468 -0.6808 -0.2772
14937 1.5025 -0.7070 -0.3324
14938 1.5734 -0.7404 -0.3729
14939 1.6168 -0.7608 -0.4218
14940 1.6077 -0.7565 -0.5082
14941 1.5916 -0.7490 -0.6130
14942 1.6114 -0.7582 -0.6969
14943 1.6525 -0.7776 -0.7642
14944 1.6983 -0.7991 -0.8299
14945 1.7673 -0.8316 -0.8616
14946 1.8630 -0.8766 -0.8331
14947 1.9513 -0.9182 -0.7937
14948 2.0137 -0.9476 -0.8019
14949 2.0671 -0.9727 -0.8393
14950 2.1246 -0.9997 -0.8707
14951 2.1834 -1.0274 -0.9195
14952 2.2478 -1.0578 -1.0013
14953 2.3221 -1.0927 -1.0547
14954 2.3944 -1.1267 -1.0274
14955 2.4560 -1.1557 -0.9588
14956 2.5129 -1.1825 -0.9010
14957 2.5628 -1.2060 -0.8395
14958 2.5995 -1.2232 -0.7611
14959 2.6437 -1.2440 -0.7132
14960 2.7219 -1.2808 -0.7231
14961 2.8974 -1.2538 -0.6997
14962 2.9779 -1.2886 -0.6777
14963 3.0424 -1.3166 -0.6322
14964 3.0946 -1.3392 -0.5728
14965 3.1137 -1.3474 -0.4908
14966 3.0875 -1.3361 -0.3902
14967 3.0522 -1.3208 -0.2973
14968 3.0495 -1.3196 -0.2251
14969 3.0740 -1.3302 -0.1620
14970 3.1057 -1.3439 -0.0976
14971 3.1533 -1.3646 -0.0294
14972 3.2175 -1.3923 0.0474
14973 3.2550 -1.4086 0.1322
14974 3.2319 -1.3986 0.2116
14975 3.1714 -1.3724 0.2776
14976 3.1084 -1.3451 0.3351
14977 3.0427 -1.3167 0.3837
14978 2.9744 -1.2871 0.4226
14979 2.9330 -1.2692 0.4729
14980 2.9314 -1.2685 0.5561
14981 2.9366 -1.2708 0.6571
14982 2.9163 -1.2620 0.7448
14983 2.8746 -1.2440 0.8150
14984 2.8201 -1.2203 0.8720
14985 2.7448 -1.1878 0.8927
14986 2.6525 -1.1478 0.8641
14987 2.5672 -1.1109 0.8257
14988 2.5010 -1.0823 0.8228
14989 2.4431 -1.0572 0.8495
14990 2.3840 -1.0316 0.8840
14991 2.3214 -1.0046 0.9359
14992 2.2509 -0.9740 1.0058
14993 2.1730 -0.9404 1.0467
14994 2.1002 -0.9088 1.0216
14995 2.0396 -0.8826 0.9557
14996 1.9868 -0.8598 0.8869
14997 1.9423 -0.8405 0.8154
14998 1.9065 -0.8250 0.7410
14999 1.8604 -0.8051 0.6958
15000 1.7840 -0.7720 0.6941
15001 1.6913 -0.7319 0.6997
15002 1.6109 -0.6971 0.6777
15003 1.5464 -0.6692 0.6322
15004 1.4941 -0.6466 0.5728
15005 1.4751 -0.6383 0.4908
15006 1.5013 -0.6497 0.3902
15007 1.5366 -0.6649 0.2973
15008 1.5392 -0.6661 0.2251
15009 1.5148 -0.6555 0.1620
15010 1.4831 -0.6418 0.0976
15011 1.4354 -0.6212 0.0294
15012 1.3713 -0.5934 -0.0474
15013 1.3338 -0.5772 -0.1322
15014 1.3568 -0.5872 -0.2116
15015 1.4173 -0.6133 -0.2776
15016 1.4804 -0.6406 -0.3351
15017 1.5461 -0.6690 -0.3837
15018 1.6143 -0.6986 -0.4226
15019 1.6558 -0.7165 -0.4729
15020 1.6574 -0.7172 -0.5561
15021 1.6522 -0.7150 -0.6571
15022 1.6724 -0.7237 -0.7448
15023 1.7142 -0.7418 -0.8150
15024 1.7687 -0.7654 -0.8720
15025 1.8440 -0.7980 -0.8927
15026 1.9363 -0.8379 -0.8641
15027 2.0216 -0.8748 -0.8257
15028 2.0878 -0.9035 -0.8228
15029 2.1457 -0.9285 -0.8495
15030 2.2048 -0.9541 -0.8840
15031 2.2674 -0.9812 -0.9359
15032 2.3379 -1.0117 -1.0058
15033 2.4157 -1.0454 -1.0467
15034 2.4885 -1.0769 -1.0216
15035 2.5492 -1.1031 -0.9557
15036 2.6020 -1.1260 -0.8869
15037 2.6465 -1.1452 -0.8154
15038 2.6823 -1.1607 -0.7410
15039 2.7284 -1.1807 -0.6958
15040 2.8047 -1.2137 -0.6941
15041 2.9409 -1.1644 -0.6227
15042 3.0356 -1.2019 -0.6128
15043 3.1151 -1.2334 -0.5779
15044 3.1454 -1.2453 -0.5036
15045 3.1391 -1.2429 -0.4123
15046 3.1258 -1.2376 -0.3257
15047 3.1051 -1.2294 -0.2439
15048 3.0767 -1.2182 -0.1676
15049 3.0758 -1.2178 -0.1021
15050 3.1256 -1.2375 -0.0406
15051 3.1916 -1.2636 0.0293
15052 3.2302 -1.2789 0.1076
15053 3.2420 -1.2836 0.1883
15054 3.2360 -1.2812 0.2682
15055 3.1922 -1.2639 0.3360
15056 3.1052 -1.2294 0.3791
15057 3.0177 -1.1948 0.4099
15058 2.9665 -1.1745 0.4536
15059 2.9401 -1.1641 0.5136
15060 2.9176 -1.1552 0.5805
15061 2.9034 -1.1495 0.6631
15062 2.8942 -1.1459 0.7649
15063 2.8618 -1.1331 0.8504
15064 2.7927 -1.1057 0.8829
15065 2.7078 -1.0721 0.8762
15066 2.6272 -1.0402 0.8619
15067 2.5512 -1.0101 0.8396
15068 2.4802 -0.9820 0.8091
15069 2.4194 -0.9579 0.8081
15070 2.3622 -0.9353 0.8616
15071 2.2972 -0.9095 0.9326
15072 2.2244 -0.8807 0.9742
15073 2.1494 -0.8510 0.9869
15074 2.0751 -0.8216 0.9804
15075 2.0120 -0.7966 0.9332
15076 1.9719 -0.7807 0.8397
15077 1.9433 -0.7694 0.7456
15078 1.9027 -0.7533 0.6906
15079 1.8469 -0.7312 0.6622
15080 1.7847 -0.7066 0.6380
15081 1.7079 -0.6762 0.6227
15082 1.6132 -0.6387 0.6128
15083 1.5337 -0.6073 0.5779
15084 1.5035 -0.5953 0.5036
15085 1.5098 -0.5978 0.4123
15086 1.5231 -0.6030 0.3257
15087 1.5438 -0.6112 0.2439
15088 1.5722 -0.6225 0.1676
15089 1.5731 -0.6228 0.1021
15090 1.5233 -0.6031 0.0406
15091 1.4573 -0.5770 -0.0293
15092 1.4186 -0.5617 -0.1076
15093 1.4068 -0.5570 -0.1883
15094 1.4129 -0.5594 -0.2682
15095 1.4567 -0.5768 -0.3360
15096 1.5437 -0.6112 -0.3791
15097 1.6312 -0.6458 -0.4099
15098 1.6824 -0.6661 -0.4536
15099 1.7088 -0.6766 -0.5136
15100 1.7313 -0.6855 -0.5805
15101 1.7455 -0.6911 -0.6631
15102 1.7547 -0.6947 -0.7649
15103 1.7871 -0.7076 -0.8504
15104 1.8562 -0.7349 -0.8829
15105 1.9411 -0.7685 -0.8762
15106 2.0216 -0.8004 -0.8619
15107 2.0976 -0.8305 -0.8396
15108 2.1687 -0.8586 -0.8091
15109 2.2295 -0.8827 -0.8081
15110 2.2867 -0.9054 -0.8616
15111 2.3517 -0.9311 -0.9326
15112 2.4244 -0.9599 -0.9742
15113 2.4995 -0.9896 -0.9869
15114 2.5738 -1.0190 -0.9804
15115 2.6368 -1.0440 -0.9332
15116 2.6770 -1.0599 -0.8397
15117 2.7055 -1.0712 -0.7456
15118 2.7462 -1.0873 -0.6906
15119 2.8020 -1.1094 -0.6622
15120 2.8642 -1.1340 -0.6380
15121 2.9678 -1.0685 -0.5412
15122 3.0657 -1.1037 -0.5330
15123 3.1477 -1.1332 -0.5000
15124 3.1660 -1.1398 -0.4238
15125 3.1464 -1.1328 -0.3342
15126 3.1329 -1.1279 -0.2553
15127 3.1128 -1.1207 -0.1807
15128 3.0722 -1.1061 -0.1089
15129 3.0602 -1.1017 -0.0473
15130 3.1136 -1.1210 0.0127
15131 3.1832 -1.1460 0.0835
15132 3.2113 -1.1561 0.1594
15133 3.2127 -1.1566 0.2348
15134 3.2096 -1.1555 0.3120
15135 3.1690 -1.1409 0.3757
15136 3.0740 -1.1067 0.4062
15137 2.9800 -1.0729 0.4235
15138 2.9338 -1.0562 0.4641
15139 2.9112 -1.0481 0.5238
15140 2.8821 -1.0376 0.5812
15141 2.8614 -1.0302 0.6542
15142 2.8537 -1.0274 0.7583
15143 2.8226 -1.0162 0.8454
15144 2.7509 -0.9904 0.8650
15145 2.6666 -0.9601 0.8441
15146 2.5924 -0.9333 0.8297
15147 2.5222 -0.9081 0.8084
15148 2.4547 -0.8837 0.7653
15149 2.3967 -0.8629 0.7525
15150 2.3402 -0.8425 0.8092
15151 2.2737 -0.8186 0.8832
15152 2.2023 -0.7929 0.9131
15153 2.1313 -0.7673 0.9145
15154 2.0586 -0.7412 0.9113
15155 1.9987 -0.7196 0.8681
15156 1.9700 -0.7092 0.7672
15157 1.9538 -0.7034 0.6673
15158 1.9155 -0.6896 0.6182
15159 1.8594 -0.6694 0.5941
15160 1.8054 -0.6500 0.5632
15161 1.7367 -0.6252 0.5412
15162 1.6387 -0.5900 0.5330
15163 1.5567 -0.5605 0.5000
15164 1.5384 -0.5538 0.4238
15165 1.5580 -0.5609 0.3342
15166 1.5715 -0.5658 0.2553
15167 1.5916 -0.5730 0.1807
15168 1.6322 -0.5876 0.1089
15169 1.6442 -0.5919 0.0473
15170 1.5908 -0.5727 -0.0127
15171 1.5212 -0.5477 -0.0835
15172 1.4931 -0.5376 -0.1594
15173 1.4917 -0.5371 -0.2348
15174 1.4948 -0.5382 -0.3120
15175 1.5354 -0.5528 -0.3757
15176 1.6304 -0.5870 -0.4062
15177 1.7244 -0.6208 -0.4235
15178 1.7706 -0.6375 -0.4641
15179 1.7932 -0.6456 -0.5238
15180 1.8223 -0.6561 -0.5812
15181 1.8430 -0.6635 -0.6542
15182 1.8508 -0.6663 -0.7583
15183 1.8818 -0.6775 -0.8454
15184 1.9535 -0.7033 -0.8650
15185 2.0378 -0.7336 -0.8441
15186 2.1120 -0.7604 -0.8297
15187 2.1822 -0.7856 -0.8084
15188 2.2497 -0.8100 -0.7653
15189 2.3077 -0.8308 -0.7525
15190 2.3642 -0.8512 -0.8092
15191 2.4308 -0.8751 -0.8832
15192 2.5021 -0.9008 -0.9131
15193 2.5731 -0.9264 -0.9145
15194 2.6458 -0.9525 -0.9113
15195 2.7057 -0.9741 -0.8681
15196 2.7344 -0.9844 -0.7672
15197 2.7506 -0.9903 -0.6673
15198 2.7889 -1.0041 -0.6182
15199 2.8450 -1.0243 -0.5941
15200 2.8990 -1.0437 -0.5632
15201 2.9932 -0.9725 -0.4702
15202 3.0740 -0.9988 -0.4487
15203 3.1362 -1.0190 -0.4064
15204 3.1641 -1.0281 -0.3425
15205 3.1544 -1.0249 -0.2654
15206 3.1175 -1.0129 -0.1868
15207 3.0739 -0.9988 -0.1160
15208 3.0460 -0.9897 -0.0553
15209 3.0480 -0.9904 -0.0000
15210 3.0804 -1.0009 0.0582
15211 3.1291 -1.0167 0.1251
15212 3.1718 -1.0306 0.2005
15213 3.1873 -1.0356 0.2766
15214 3.1641 -1.0281 0.3425
15215 3.1054 -1.0090 0.3899
15216 3.0264 -0.9833 0.4180
15217 2.9480 -0.9578 0.4357
15218 2.8874 -0.9382 0.4578
15219 2.8517 -0.9266 0.4984
15220 2.8355 -0.9213 0.5636
15221 2.8249 -0.9179 0.6472
15222 2.8044 -0.9112 0.7322
15223 2.7641 -0.8981 0.7975
15224 2.7034 -0.8784 0.8270
15225 2.6300 -0.8545 0.8167
15226 2.5553 -0.8303 0.7779
15227 2.4879 -0.8084 0.7321
15228 2.4302 -0.7896 0.7027
15229 2.3776 -0.7725 0.7049
15230 2.3223 -0.7546 0.7389
15231 2.2586 -0.7339 0.7902
15232 2.1870 -0.7106 0.8351
15233 2.1146 -0.6871 0.8513
15234 2.0519 -0.6667 0.8270
15235 2.0068 -0.6521 0.7652
15236 1.9801 -0.6434 0.6821
15237 1.9633 -0.6379 0.5997
15238 1.9423 -0.6311 0.5360
15239 1.9036 -0.6185 0.4984
15240 1.8416 -0.5984 0.4814
15241 1.7621 -0.5725 0.4702
15242 1.6813 -0.5463 0.4487
15243 1.6191 -0.5261 0.4064
15244 1.5911 -0.5170 0.3425
15245 1.6009 -0.5202 0.2654
15246 1.6378 -0.5322 0.1868
15247 1.6814 -0.5463 0.1160
15248 1.7093 -0.5554 0.0553
15249 1.7072 -0.5547 0.0000
15250 1.6749 -0.5442 -0.0582
15251 1.6262 -0.5284 -0.1251
15252 1.5835 -0.5145 -0.2005
15253 1.5680 -0.5095 -0.2766
15254 1.5911 -0.5170 -0.3425
15255 1.6499 -0.5361 -0.3899
15256 1.7289 -0.5618 -0.4180
15257 1.8073 -0.5872 -0.4357
15258 1.8679 -0.6069 -0.4578
15259 1.9036 -0.6185 -0.4984
15260 1.9198 -0.6238 -0.5636
15261 1.9304 -0.6272 -0.6472
15262 1.9509 -0.6339 -0.7322
15263 1.9912 -0.6470 -0.7975
15264 2.0519 -0.6667 -0.8270
15265 2.1253 -0.6905 -0.8167
15266 2.2000 -0.7148 -0.7779
15267 2.2674 -0.7367 -0.7321
15268 2.3250 -0.7555 -0.7027
15269 2.3776 -0.7725 -0.7049
15270 2.4330 -0.7905 -0.7389
15271 2.4967 -0.8112 -0.7902
15272 2.5683 -0.8345 -0.8351
15273 2.6407 -0.8580 -0.8513
15274 2.7034 -0.8784 -0.8270
15275 2.7484 -0.8930 -0.7652
15276 2.7752 -0.9017 -0.6821
15277 2.7920 -0.9072 -0.5997
15278 2.8130 -0.9140 -0.5360
15279 2.8517 -0.9266 -0.4984
15280 2.9137 -0.9467 -0.4814
15281 3.0096 -0.8744 -0.4024
15282 3.0718 -0.8924 -0.3700
15283 3.1128 -0.9044 -0.3209
15284 3.1521 -0.9158 -0.2679
15285 3.1539 -0.9163 -0.2014
15286 3.0931 -0.8986 -0.1258
15287 3.0261 -0.8792 -0.0616
15288 3.0122 -0.8751 -0.0100
15289 3.0293 -0.8801 0.0412
15290 3.0407 -0.8834 0.0948
15291 3.0688 -0.8916 0.1555
15292 3.1265 -0.9083 0.2325
15293 3.1561 -0.9169 0.3114
15294 3.1139 -0.9047 0.3638
15295 3.0386 -0.8828 0.3928
15296 2.9758 -0.8645 0.4208
15297 2.9129 -0.8463 0.4412
15298 2.8399 -0.8251 0.4432
15299 2.7931 -0.8115 0.4634
15300 2.7888 -0.8102 0.5383
15301 2.7871 -0.8097 0.6340
15302 2.7560 -0.8007 0.6988
15303 2.7089 -0.7870 0.7415
15304 2.6580 -0.7722 0.7824
15305 2.5941 -0.7537 0.7843
15306 2.5216 -0.7326 0.7210
15307 2.4598 -0.7147 0.6512
15308 2.4103 -0.7003 0.6367
15309 2.3612 -0.6860 0.6545
15310 2.3097 -0.6710 0.6664
15311 2.2514 -0.6541 0.6957
15312 2.1775 -0.6326 0.7557
15313 2.1017 -0.6106 0.7866
15314 2.0513 -0.5960 0.7427
15315 2.0235 -0.5879 0.6642
15316 1.9966 -0.5801 0.5988
15317 1.9771 -0.5744 0.5333
15318 1.9752 -0.5738 0.4573
15319 1.9557 -0.5682 0.4085
15320 1.8838 -0.5473 0.4042
15321 1.7919 -0.5206 0.4024
15322 1.7297 -0.5025 0.3700
15323 1.6886 -0.4906 0.3209
15324 1.6494 -0.4792 0.2679
15325 1.6476 -0.4787 0.2014
15326 1.7084 -0.4963 0.1258
15327 1.7754 -0.5158 0.0616
15328 1.7893 -0.5198 0.0100
15329 1.7722 -0.5149 -0.0412
15330 1.7608 -0.5116 -0.0948
15331 1.7326 -0.5034 -0.1555
15332 1.6750 -0.4866 -0.2325
15333 1.6454 -0.4780 -0.3114
15334 1.6875 -0.4903 -0.3638
15335 1.7629 -0.5122 -0.3928
15336 1.8257 -0.5304 -0.4208
15337 1.8886 -0.5487 -0.4412
15338 1.9616 -0.5699 -0.4432
15339 2.0084 -0.5835 -0.4634
15340 2.0126 -0.5847 -0.5383
15341 2.0143 -0.5852 -0.6340
15342 2.0454 -0.5943 -0.6988
15343 2.0926 -0.6080 -0.7415
15344 2.1435 -0.6227 -0.7824
15345 2.2074 -0.6413 -0.7843
15346 2.2799 -0.6624 -0.7210
15347 2.3416 -0.6803 -0.6512
15348 2.3911 -0.6947 -0.6367
15349 2.4403 -0.7090 -0.6545
15350 2.4918 -0.7239 -0.6664
15351 2.5501 -0.7409 -0.6957
15352 2.6240 -0.7623 -0.7557
15353 2.6998 -0.7844 -0.7866
15354 2.7501 -0.7990 -0.7427
15355 2.7779 -0.8071 -0.6642
15356 2.8049 -0.8149 -0.5988
15357 2.8244 -0.8206 -0.5333
15358 2.8263 -0.8211 -0.4573
15359 2.8457 -0.8268 -0.4085
15360 2.9176 -0.8477 -0.4042
15361 3.0075 -0.7722 -0.3326
15362 3.0724 -0.7889 -0.3035
15363 3.1159 -0.8000 -0.2581
15364 3.1443 -0.8073 -0.2042
15365 3.1342 -0.8047 -0.1404
15366 3.0748 -0.7895 -0.0745
15367 3.0102 -0.7729 -0.0191
15368 2.9860 -0.7667 0.0275
15369 2.9935 -0.7686 0.0746
15370 3.0094 -0.7727 0.1257
15371 3.0418 -0.7810 0.1861
15372 3.0896 -0.7933 0.2607
15373 3.1099 -0.7985 0.3345
15374 3.0724 -0.7889 0.3834
15375 3.0028 -0.7710 0.4079
15376 2.9345 -0.7534 0.4243
15377 2.8674 -0.7362 0.4324
15378 2.8019 -0.7194 0.4316
15379 2.7609 -0.7089 0.4518
15380 2.7511 -0.7064 0.5181
15381 2.7436 -0.7044 0.6050
15382 2.7154 -0.6972 0.6721
15383 2.6715 -0.6859 0.7169
15384 2.6192 -0.6725 0.7463
15385 2.5574 -0.6566 0.7359
15386 2.4936 -0.6402 0.6745
15387 2.4400 -0.6265 0.6078
15388 2.3948 -0.6149 0.5829
15389 2.3492 -0.6032 0.5906
15390 2.2997 -0.5905 0.6070
15391 2.2412 -0.5755 0.6404
15392 2.1690 -0.5569 0.6898
15393 2.0975 -0.5385 0.7107
15394 2.0501 -0.5264 0.6721
15395 2.0264 -0.5203 0.6002
15396 2.0105 -0.5162 0.5296
15397 2.0027 -0.5142 0.4604
15398 2.0034 -0.5144 0.3927
15399 1.9839 -0.5094 0.3505
15400 1.9196 -0.4929 0.3403
15401 1.8355 -0.4713 0.3326
15402 1.7705 -0.4546 0.3035
15403 1.7270 -0.4434 0.2581
15404 1.6986 -0.4361 0.2042
15405 1.7087 -0.4387 0.1404
15406 1.7681 -0.4540 0.0745
15407 1.8327 -0.4706 0.0191
15408 1.8569 -0.4768 -0.0275
15409 1.8494 -0.4748 -0.0746
15410 1.8335 -0.4708 -0.1257
15411 1.8012 -0.4625 -0.1861
15412 1.7533 -0.4502 -0.2607
15413 1.7330 -0.4450 -0.3345
15414 1.7705 -0.4546 -0.3834
15415 1.8401 -0.4725 -0.4079
15416 1.9085 -0.4900 -0.4243
15417 1.9755 -0.5072 -0.4324
15418 2.0411 -0.5241 -0.4316
15419 2.0820 -0.5346 -0.4518
15420 2.0918 -0.5371 -0.5181
15421 2.0993 -0.5390 -0.6050
15422 2.1275 -0.5463 -0.6721
15423 2.1714 -0.5575 -0.7169
15424 2.2237 -0.5709 -0.7463
15425 2.2855 -0.5868 -0.7359
15426 2.3493 -0.6032 -0.6745
15427 2.4030 -0.6170 -0.6078
15428 2.4481 -0.6286 -0.5829
15429 2.4937 -0.6403 -0.5906
15430 2.5432 -0.6530 -0.6070
15431 2.6017 -0.6680 -0.6404
15432 2.6739 -0.6865 -0.6898
15433 2.7454 -0.7049 -0.7107
15434 2.7928 -0.7171 -0.6721
15435 2.8165 -0.7232 -0.6002
15436 2.8324 -0.7272 -0.5296
15437 2.8403 -0.7293 -0.4604
15438 2.8395 -0.7291 -0.3927
15439 2.8591 -0.7341 -0.3505
15440 2.9233 -0.7506 -0.3403
15441 3.0050 -0.6717 -0.2725
15442 3.0885 -0.6904 -0.2512
15443 3.1508 -0.7043 -0.2117
15444 3.1536 -0.7049 -0.1515
15445 3.1165 -0.6966 -0.0876
15446 3.0752 -0.6874 -0.0307
15447 3.0298 -0.6772 0.0190
15448 2.9798 -0.6661 0.0611
15449 2.9622 -0.6621 0.1021
15450 2.9981 -0.6701 0.1565
15451 3.0491 -0.6816 0.2248
15452 3.0719 -0.6866 0.2924
15453 3.0685 -0.6859 0.3542
15454 3.0491 -0.6815 0.4101
15455 2.9968 -0.6699 0.4428
15456 2.9103 -0.6505 0.4387
15457 2.8281 -0.6322 0.4238
15458 2.7795 -0.6213 0.4345
15459 2.7516 -0.6151 0.4702
15460 2.7266 -0.6095 0.5152
15461 2.7058 -0.6048 0.5792
15462 2.6849 -0.6002 0.6648
15463 2.6464 -0.5915 0.7286
15464 2.5876 -0.5784 0.7314
15465 2.5253 -0.5645 0.6934
15466 2.4698 -0.5521 0.6511
15467 2.4213 -0.5412 0.6045
15468 2.3802 -0.5320 0.5534
15469 2.3401 -0.5231 0.5353
15470 2.2871 -0.5112 0.5720
15471 2.2204 -0.4963 0.6244
15472 2.1544 -0.4816 0.6477
15473 2.0941 -0.4681 0.6443
15474 2.0396 -0.4559 0.6243
15475 2.0077 -0.4488 0.5708
15476 2.0117 -0.4497 0.4821
15477 2.0262 -0.4529 0.3979
15478 2.0158 -0.4506 0.3481
15479 1.9809 -0.4428 0.3195
15480 1.9370 -0.4330 0.2938
15481 1.8746 -0.4190 0.2725
15482 1.7911 -0.4003 0.2512
15483 1.7288 -0.3864 0.2117
15484 1.7260 -0.3858 0.1515
15485 1.7631 -0.3941 0.0876
15486 1.8043 -0.4033 0.0307
15487 1.8498 -0.4135 -0.0190
15488 1.8997 -0.4246 -0.0611
15489 1.9174 -0.4286 -0.1021
15490 1.8815 -0.4206 -0.1565
15491 1.8305 -0.4092 -0.2248
15492 1.8077 -0.4041 -0.2924
15493 1.8110 -0.4048 -0.3542
15494 1.8305 -0.4092 -0.4101
15495 1.8827 -0.4208 -0.4428
15496 1.9693 -0.4402 -0.4387
15497 2.0514 -0.4586 -0.4238
15498 2.1001 -0.4694 -0.4345
15499 2.1279 -0.4757 -0.4702
15500 2.1530 -0.4813 -0.5152
15501 2.1738 -0.4859 -0.5792
15502 2.1947 -0.4906 -0.6648
15503 2.2332 -0.4992 -0.7286
15504 2.2920 -0.5123 -0.7314
15505 2.3543 -0.5263 -0.6934
15506 2.4098 -0.5387 -0.6511
15507 2.4583 -0.5495 -0.6045
15508 2.4994 -0.5587 -0.5534
15509 2.5395 -0.5676 -0.5353
15510 2.5925 -0.5795 -0.5720
15511 2.6592 -0.5944 -0.6244
15512 2.7252 -0.6092 -0.6477
15513 2.7854 -0.6226 -0.6443
15514 2.8400 -0.6348 -0.6243
15515 2.8719 -0.6419 -0.5708
15516 2.8679 -0.6411 -0.4821
15517 2.8533 -0.6378 -0.3979
15518 2.8638 -0.6401 -0.3481
15519 2.8987 -0.6479 -0.3195
15520 2.9425 -0.6577 -0.2938
15521 3.0387 -0.5797 -0.2350
15522 3.1281 -0.5967 -0.2106
15523 3.1953 -0.6095 -0.1683
15524 3.1875 -0.6080 -0.1060
15525 3.1391 -0.5988 -0.0438
15526 3.1013 -0.5916 0.0103
15527 3.0597 -0.5837 0.0581
15528 2.9998 -0.5722 0.0967
15529 2.9725 -0.5670 0.1351
15530 3.0120 -0.5746 0.1939
15531 3.0655 -0.5848 0.2686
15532 3.0774 -0.5870 0.3351
15533 3.0640 -0.5845 0.3930
15534 3.0468 -0.5812 0.4518
15535 2.9974 -0.5718 0.4862
15536 2.9051 -0.5542 0.4721
15537 2.8186 -0.5377 0.4465
15538 2.7733 -0.5290 0.4600
15539 2.7464 -0.5239 0.5003
15540 2.7144 -0.5178 0.5375
15541 2.6865 -0.5125 0.5935
15542 2.6626 -0.5079 0.6845
15543 2.6210 -0.5000 0.7529
15544 2.5599 -0.4883 0.7449
15545 2.4987 -0.4767 0.6957
15546 2.4456 -0.4665 0.6573
15547 2.3986 -0.4576 0.6148
15548 2.3608 -0.4503 0.5539
15549 2.3230 -0.4431 0.5261
15550 2.2653 -0.4321 0.5663
15551 2.1919 -0.4181 0.6207
15552 2.1266 -0.4057 0.6329
15553 2.0697 -0.3948 0.6193
15554 2.0119 -0.3838 0.6017
15555 1.9782 -0.3774 0.5514
15556 1.9920 -0.3800 0.4575
15557 2.0171 -0.3848 0.3694
15558 2.0039 -0.3823 0.3233
15559 1.9643 -0.3747 0.2959
15560 1.9277 -0.3677 0.2633
15561 1.8727 -0.3572 0.2350
15562 1.7834 -0.3402 0.2106
15563 1.7162 -0.3274 0.1683
15564 1.7240 -0.3289 0.1060
15565 1.7723 -0.3381 0.0438
15566 1.8101 -0.3453 -0.0103
15567 1.8518 -0.3532 -0.0581
15568 1.9117 -0.3647 -0.0967
15569 1.9389 -0.3699 -0.1351
15570 1.8995 -0.3623 -0.1939
15571 1.8460 -0.3521 -0.2686
15572 1.8340 -0.3499 -0.3351
15573 1.8474 -0.3524 -0.3930
15574 1.8647 -0.3557 -0.4518
15575 1.9140 -0.3651 -0.4862
15576 2.0064 -0.3827 -0.4721
15577 2.0928 -0.3992 -0.4465
15578 2.1382 -0.4079 -0.4600
15579 2.1651 -0.4130 -0.5003
15580 2.1971 -0.4191 -0.5375
15581 2.2249 -0.4244 -0.5935
15582 2.2489 -0.4290 -0.6845
15583 2.2904 -0.4369 -0.7529
15584 2.3516 -0.4486 -0.7449
15585 2.4127 -0.4603 -0.6957
15586 2.4659 -0.4704 -0.6573
15587 2.5128 -0.4793 -0.6148
15588 2.5507 -0.4866 -0.5539
15589 2.5884 -0.4938 -0.5261
15590 2.6462 -0.5048 -0.5663
15591 2.7196 -0.5188 -0.6207
15592 2.7849 -0.5312 -0.6329
15593 2.8417 -0.5421 -0.6193
15594 2.8995 -0.5531 -0.6017
15595 2.9333 -0.5596 -0.5514
15596 2.9194 -0.5569 -0.4575
15597 2.8944 -0.5521 -0.3694
15598 2.9076 -0.5546 -0.3233
15599 2.9472 -0.5622 -0.2959
15600 2.9837 -0.5692 -0.2633
15601 3.1211 -0.4943 -0.2144
15602 3.1921 -0.5056 -0.1757
15603 3.2390 -0.5130 -0.1234
15604 3.2461 -0.5141 -0.0619
15605 3.2127 -0.5088 -0.0000
15606 3.1525 -0.4993 0.0544
15607 3.0888 -0.4892 0.0994
15608 3.0443 -0.4822 0.1398
15609 3.0317 -0.4802 0.1850
15610 3.0488 -0.4829 0.2431
15611 3.0799 -0.4878 0.3150
15612 3.1031 -0.4915 0.3933
15613 3.0997 -0.4909 0.4638
15614 3.0618 -0.4849 0.5124
15615 2.9949 -0.4743 0.5322
15616 2.9143 -0.4616 0.5277
15617 2.8380 -0.4495 0.5139
15618 2.7783 -0.4400 0.5106
15619 2.7377 -0.4336 0.5336
15620 2.7093 -0.4291 0.5868
15621 2.6810 -0.4246 0.6600
15622 2.6428 -0.4186 0.7319
15623 2.5911 -0.4104 0.7793
15624 2.5304 -0.4008 0.7866
15625 2.4692 -0.3911 0.7527
15626 2.4154 -0.3826 0.6918
15627 2.3711 -0.3755 0.6273
15628 2.3311 -0.3692 0.5823
15629 2.2865 -0.3621 0.5695
15630 2.2291 -0.3531 0.5868
15631 2.1581 -0.3418 0.6183
15632 2.0808 -0.3296 0.6418
15633 2.0111 -0.3185 0.6383
15634 1.9631 -0.3109 0.6000
15635 1.9435 -0.3078 0.5322
15636 1.9480 -0.3085 0.4507
15637 1.9617 -0.3107 0.3733
15638 1.9649 -0.3112 0.3129
15639 1.9422 -0.3076 0.2719
15640 1.8896 -0.2993 0.2431
15641 1.8174 -0.2878 0.2144
15642 1.7463 -0.2766 0.1757
15643 1.6995 -0.2692 0.1234
15644 1.6923 -0.2680 0.0619
15645 1.7258 -0.2733 0.0000
15646 1.7859 -0.2829 -0.0544
15647 1.8496 -0.2929 -0.0994
15648 1.8941 -0.3000 -0.1398
15649 1.9067 -0.3020 -0.1850
15650 1.8896 -0.2993 -0.2431
15651 1.8585 -0.2944 -0.3150
15652 1.8353 -0.2907 -0.3933
15653 1.8387 -0.2912 -0.4638
15654 1.8766 -0.2972 -0.5124
15655 1.9435 -0.3078 -0.5322
15656 2.0241 -0.3206 -0.5277
15657 2.1005 -0.3327 -0.5139
15658 2.1602 -0.3421 -0.5106
15659 2.2007 -0.3486 -0.5336
15660 2.2291 -0.3531 -0.5868
15661 2.2574 -0.3575 -0.6600
15662 2.2957 -0.3636 -0.7319
15663 2.3473 -0.3718 -0.7793
15664 2.4081 -0.3814 -0.7866
15665 2.4692 -0.3911 -0.7527
15666 2.5230 -0.3996 -0.6918
15667 2.5674 -0.4066 -0.6273
15668 2.6073 -0.4130 -0.5823
15669 2.6520 -0.4200 -0.5695
15670 2.7093 -0.4291 -0.5868
15671 2.7804 -0.4404 -0.6183
15672 2.8577 -0.4526 -0.6418
15673 2.9273 -0.4636 -0.6383
15674 2.9754 -0.4712 -0.6000
15675 2.9949 -0.4743 -0.5322
15676 2.9904 -0.4736 -0.4507
15677 2.9767 -0.4715 -0.3733
15678 2.9735 -0.4710 -0.3129
15679 2.9962 -0.4746 -0.2719
15680 3.0488 -0.4829 -0.2431
15681 3.2228 -0.4071 -0.1922
15682 3.2743 -0.4136 -0.1397
15683 3.2998 -0.4169 -0.0781
15684 3.3222 -0.4197 -0.0133
15685 3.3035 -0.4173 0.0522
15686 3.2205 -0.4068 0.1062
15687 3.1347 -0.3960 0.1474
15688 3.1048 -0.3922 0.1936
15689 3.1053 -0.3923 0.2494
15690 3.0994 -0.3915 0.3057
15691 3.1076 -0.3926 0.3740
15692 3.1397 -0.3966 0.4671
15693 3.1436 -0.3971 0.5531
15694 3.0850 -0.3897 0.5907
15695 3.0008 -0.3791 0.5951
15696 2.9292 -0.3700 0.6027
15697 2.8598 -0.3613 0.6028
15698 2.7860 -0.3520 0.5820
15699 2.7323 -0.3452 0.5869
15700 2.7036 -0.3415 0.6574
15701 2.6709 -0.3374 0.7484
15702 2.6189 -0.3308 0.8003
15703 2.5578 -0.3231 0.8260
15704 2.4935 -0.3150 0.8486
15705 2.4285 -0.3068 0.8298
15706 2.3749 -0.3000 0.7461
15707 2.3340 -0.2949 0.6596
15708 2.2882 -0.2891 0.6294
15709 2.2328 -0.2821 0.6300
15710 2.1770 -0.2750 0.6240
15711 2.1093 -0.2665 0.6323
15712 2.0168 -0.2548 0.6647
15713 1.9315 -0.2440 0.6686
15714 1.8943 -0.2393 0.6095
15715 1.8898 -0.2387 0.5247
15716 1.8824 -0.2378 0.4525
15717 1.8823 -0.2378 0.3825
15718 1.9029 -0.2404 0.3082
15719 1.8980 -0.2398 0.2540
15720 1.8281 -0.2309 0.2251
15721 1.7378 -0.2195 0.1922
15722 1.6863 -0.2130 0.1397
15723 1.6608 -0.2098 0.0781
15724 1.6383 -0.2070 0.0133
15725 1.6570 -0.2093 -0.0522
15726 1.7400 -0.2198 -0.1062
15727 1.8259 -0.2307 -0.1474
15728 1.8558 -0.2344 -0.1936
15729 1.8553 -0.2344 -0.2494
15730 1.8612 -0.2351 -0.3057
15731 1.8529 -0.2341 -0.3740
15732 1.8208 -0.2300 -0.4671
15733 1.8169 -0.2295 -0.5531
15734 1.8756 -0.2369 -0.5907
15735 1.9597 -0.2476 -0.5951
15736 2.0313 -0.2566 -0.6027
15737 2.1008 -0.2654 -0.6028
15738 2.1746 -0.2747 -0.5820
15739 2.2283 -0.2815 -0.5869
15740 2.2570 -0.2851 -0.6574
15741 2.2896 -0.2892 -0.7484
15742 2.3417 -0.2958 -0.8003
15743 2.4028 -0.3035 -0.8260
15744 2.4671 -0.3117 -0.8486
15745 2.5321 -0.3199 -0.8298
15746 2.5856 -0.3266 -0.7461
15747 2.6266 -0.3318 -0.6596
15748 2.6724 -0.3376 -0.6294
15749 2.7277 -0.3446 -0.6300
15750 2.7836 -0.3516 -0.6240
15751 2.8513 -0.3602 -0.6323
15752 2.9438 -0.3719 -0.6647
15753 3.0291 -0.3827 -0.6686
15754 3.0663 -0.3874 -0.6095
15755 3.0707 -0.3879 -0.5247
15756 3.0782 -0.3889 -0.4525
15757 3.0783 -0.3889 -0.3825
15758 3.0577 -0.3863 -0.3082
15759 3.0626 -0.3869 -0.2540
15760 3.1325 -0.3957 -0.2251
15761 3.3057 -0.3125 -0.1565
15762 3.3619 -0.3178 -0.0968
15763 3.3913 -0.3206 -0.0285
15764 3.4024 -0.3216 0.0433
15765 3.3719 -0.3187 0.1120
15766 3.2917 -0.3112 0.1670
15767 3.2087 -0.3033 0.2101
15768 3.1672 -0.2994 0.2575
15769 3.1556 -0.2983 0.3151
15770 3.1502 -0.2978 0.3789
15771 3.1573 -0.2985 0.4562
15772 3.1744 -0.3001 0.5516
15773 3.1641 -0.2991 0.6369
15774 3.1044 -0.2934 0.6794
15775 3.0201 -0.2855 0.6878
15776 2.9390 -0.2778 0.6883
15777 2.8613 -0.2705 0.6804
15778 2.7873 -0.2635 0.6638
15779 2.7306 -0.2581 0.6742
15780 2.6898 -0.2543 0.7376
15781 2.6447 -0.2500 0.8204
15782 2.5853 -0.2444 0.8769
15783 2.5173 -0.2380 0.9064
15784 2.4458 -0.2312 0.9176
15785 2.3774 -0.2247 0.8869
15786 2.3227 -0.2196 0.8064
15787 2.2798 -0.2155 0.7230
15788 2.2326 -0.2110 0.6813
15789 2.1752 -0.2056 0.6697
15790 2.1117 -0.1996 0.6642
15791 2.0347 -0.1923 0.6713
15792 1.9397 -0.1834 0.6885
15793 1.8549 -0.1753 0.6782
15794 1.8125 -0.1713 0.6182
15795 1.8041 -0.1705 0.5335
15796 1.8037 -0.1705 0.4521
15797 1.8115 -0.1712 0.3741
15798 1.8280 -0.1728 0.2997
15799 1.8177 -0.1718 0.2427
15800 1.7546 -0.1659 0.2018
15801 1.6721 -0.1581 0.1565
15802 1.6159 -0.1527 0.0968
15803 1.5866 -0.1500 0.0285
15804 1.5754 -0.1489 -0.0433
15805 1.6059 -0.1518 -0.1120
15806 1.6861 -0.1594 -0.1670
15807 1.7691 -0.1672 -0.2101
15808 1.8106 -0.1712 -0.2575
15809 1.8222 -0.1722 -0.3151
15810 1.8276 -0.1728 -0.3789
15811 1.8205 -0.1721 -0.4562
15812 1.8034 -0.1705 -0.5516
15813 1.8137 -0.1714 -0.6369
15814 1.8734 -0.1771 -0.6794
15815 1.9577 -0.1851 -0.6878
15816 2.0388 -0.1927 -0.6883
15817 2.1165 -0.2001 -0.6804
15818 2.1905 -0.2071 -0.6638
15819 2.2472 -0.2124 -0.6742
15820 2.2880 -0.2163 -0.7376
15821 2.3331 -0.2205 -0.8204
15822 2.3925 -0.2262 -0.8769
15823 2.4605 -0.2326 -0.9064
15824 2.5320 -0.2393 -0.9176
15825 2.6005 -0.2458 -0.8869
15826 2.6552 -0.2510 -0.8064
15827 2.6980 -0.2550 -0.7230
15828 2.7452 -0.2595 -0.6813
15829 2.8026 -0.2649 -0.6697
15830 2.8661 -0.2709 -0.6642
15831 2.9431 -0.2782 -0.6713
15832 3.0381 -0.2872 -0.6885
15833 3.1229 -0.2952 -0.6782
15834 3.1653 -0.2992 -0.6182
15835 3.1737 -0.3000 -0.5335
15836 3.1741 -0.3000 -0.4521
15837 3.1663 -0.2993 -0.3741
15838 3.1498 -0.2977 -0.2997
15839 3.1602 -0.2987 -0.2427
15840 3.2232 -0.3047 -0.2018
15841 3.3629 -0.2116 -0.1098
15842 3.4391 -0.2164 -0.0446
15843 3.4876 -0.2194 0.0313
15844 3.4705 -0.2183 0.1079
15845 3.4119 -0.2147 0.1752
15846 3.3501 -0.2108 0.2344
15847 3.2849 -0.2067 0.2849
15848 3.2164 -0.2024 0.3264
15849 3.1784 -0.2000 0.3764
15850 3.1869 -0.2005 0.4554
15851 3.2047 -0.2016 0.5516
15852 3.1941 -0.2010 0.6373
15853 3.1588 -0.1987 0.7082
15854 3.1086 -0.1956 0.7674
15855 3.0329 -0.1908 0.7929
15856 2.9342 -0.1846 0.7715
15857 2.8425 -0.1788 0.7398
15858 2.7748 -0.1746 0.7419
15859 2.7192 -0.1711 0.7729
15860 2.6629 -0.1675 0.8122
15861 2.6047 -0.1639 0.8695
15862 2.5396 -0.1598 0.9459
15863 2.4639 -0.1550 0.9945
15864 2.3874 -0.1502 0.9773
15865 2.3202 -0.1460 0.9186
15866 2.2612 -0.1423 0.8567
15867 2.2107 -0.1391 0.7914
15868 2.1694 -0.1365 0.7228
15869 2.1194 -0.1333 0.6847
15870 2.0406 -0.1284 0.6932
15871 1.9446 -0.1223 0.7111
15872 1.8590 -0.1170 0.7004
15873 1.7883 -0.1125 0.6650
15874 1.7292 -0.1088 0.6148
15875 1.7037 -0.1072 0.5389
15876 1.7251 -0.1085 0.4401
15877 1.7567 -0.1105 0.3481
15878 1.7547 -0.1104 0.2803
15879 1.7237 -0.1084 0.2245
15880 1.6845 -0.1060 0.1682
15881 1.6273 -0.1024 0.1098
15882 1.5510 -0.0976 0.0446
15883 1.5025 -0.0945 -0.0313
15884 1.5197 -0.0956 -0.1079
15885 1.5783 -0.0993 -0.1752
15886 1.6401 -0.1032 -0.2344
15887 1.7052 -0.1073 -0.2849
15888 1.7737 -0.1116 -0.3264
15889 1.8118 -0.1140 -0.3764
15890 1.8032 -0.1134 -0.4554
15891 1.7854 -0.1123 -0.5516
15892 1.7961 -0.1130 -0.6373
15893 1.8313 -0.1152 -0.7082
15894 1.8815 -0.1184 -0.7674
15895 1.9573 -0.1231 -0.7929
15896 2.0559 -0.1293 -0.7715
15897 2.1476 -0.1351 -0.7398
15898 2.2153 -0.1394 -0.7419
15899 2.2710 -0.1429 -0.7729
15900 2.3272 -0.1464 -0.8122
15901 2.3854 -0.1501 -0.8695
15902 2.4505 -0.1542 -0.9459
15903 2.5263 -0.1589 -0.9945
15904 2.6028 -0.1638 -0.9773
15905 2.6700 -0.1680 -0.9186
15906 2.7290 -0.1717 -0.8567
15907 2.7794 -0.1749 -0.7914
15908 2.8208 -0.1775 -0.7228
15909 2.8707 -0.1806 -0.6847
15910 2.9495 -0.1856 -0.6932
15911 3.0455 -0.1916 -0.7111
15912 3.1311 -0.1970 -0.7004
15913 3.2019 -0.2014 -0.6650
15914 3.2609 -0.2052 -0.6148
15915 3.2864 -0.2068 -0.5389
15916 3.2650 -0.2054 -0.4401
15917 3.2334 -0.2034 -0.3481
15918 3.2355 -0.2036 -0.2803
15919 3.2664 -0.2055 -0.2245
15920 3.3056 -0.2080 -0.1682
15921 3.4111 -0.1072 -0.0574
15922 3.4906 -0.1097 0.0156
15923 3.5414 -0.1113 0.0986
15924 3.5117 -0.1104 0.1769
15925 3.4411 -0.1081 0.2421
15926 3.3816 -0.1063 0.3024
15927 3.3187 -0.1043 0.3550
15928 3.2395 -0.1018 0.3924
15929 3.1904 -0.1003 0.4391
15930 3.1980 -0.1005 0.5253
15931 3.2130 -0.1010 0.6300
15932 3.1891 -0.1002 0.7127
15933 3.1421 -0.0987 0.7780
15934 3.0900 -0.0971 0.8417
15935 3.0134 -0.0947 0.8706
15936 2.9093 -0.0914 0.8384
15937 2.8137 -0.0884 0.7958
15938 2.7452 -0.0863 0.8015
15939 2.6857 -0.0844 0.8369
15940 2.6220 -0.0824 0.8661
15941 2.5562 -0.0803 0.9128
15942 2.4832 -0.0780 0.9923
15943 2.4002 -0.0754 1.0431
15944 2.3220 -0.0730 1.0134
15945 2.2568 -0.0709 0.9428
15946 2.1965 -0.0690 0.8833
15947 2.1439 -0.0674 0.8204
15948 2.1066 -0.0662 0.7411
15949 2.0599 -0.0647 0.6919
15950 1.9737 -0.0620 0.6996
15951 1.8691 -0.0587 0.7146
15952 1.7864 -0.0561 0.6906
15953 1.7211 -0.0541 0.6436
15954 1.6575 -0.0521 0.5915
15955 1.6286 -0.0512 0.5149
15956 1.6607 -0.0522 0.4107
15957 1.7034 -0.0535 0.3151
15958 1.6977 -0.0534 0.2466
15959 1.6623 -0.0522 0.1871
15960 1.6330 -0.0513 0.1233
15961 1.5864 -0.0499 0.0574
15962 1.5069 -0.0474 -0.0156
15963 1.4562 -0.0458 -0.0986
15964 1.4858 -0.0467 -0.1769
15965 1.5564 -0.0489 -0.2421
15966 1.6159 -0.0508 -0.3024
15967 1.6788 -0.0528 -0.3550
15968 1.7581 -0.0552 -0.3924
15969 1.8072 -0.0568 -0.4391
15970 1.7995 -0.0566 -0.5253
15971 1.7845 -0.0561 -0.6300
15972 1.8085 -0.0568 -0.7127
15973 1.8555 -0.0583 -0.7780
15974 1.9075 -0.0599 -0.8417
15975 1.9842 -0.0624 -0.8706
15976 2.0882 -0.0656 -0.8384
15977 2.1839 -0.0686 -0.7958
15978 2.2523 -0.0708 -0.8015
15979 2.3118 -0.0727 -0.8369
15980 2.3756 -0.0747 -0.8661
15981 2.4414 -0.0767 -0.9128
15982 2.5143 -0.0790 -0.9923
15983 2.5973 -0.0816 -1.0431
15984 2.6756 -0.0841 -1.0134
15985 2.7407 -0.0861 -0.9428
15986 2.8010 -0.0880 -0.8833
15987 2.8536 -0.0897 -0.8204
15988 2.8910 -0.0909 -0.7411
15989 2.9377 -0.0923 -0.6919
15990 3.0238 -0.0950 -0.6996
15991 3.1285 -0.0983 -0.7146
15992 3.2111 -0.1009 -0.6906
15993 3.2764 -0.1030 -0.6436
15994 3.3400 -0.1050 -0.5915
15995 3.3689 -0.1059 -0.5149
15996 3.3368 -0.1049 -0.4107
15997 3.2941 -0.1035 -0.3151
15998 3.2998 -0.1037 -0.2466
15999 3.3353 -0.1048 -0.1871
16000 3.3645 -0.1057 -0.1233
Faces:
1 2 82 81.
2 3 83 82.
3 4 84 83.
4 5 85 84.
5 6 86 85.
6 7 87 86.
7 8 88 87.
8 9 89 88.
9 10 90 89.
10 11 91 90.
11 12 92 91.
12 13 93 92.
13 14 94 93.
14 15 95 94.
15 16 96 95.
16 17 97 96.
17 18 98 97.
18 19 99 98.
19 20 100 99.
20 21 101 100.
21 22 102 101.
22 23 103 102.
23 24 104 103.
24 25 105 104.
25 26 106 105.
26 27 107 106.
27 28 108 107.
28 29 109 108.
29 30 110 109.
30 31 111 110.
31 32 112 111.
32 33 113 112.
33 34 114 113.
34 35 115 114.
35 36 116 115.
36 37 117 116.
37 38 118 117.
38 39 119 118.
39 40 120 119.
40 41 121 120.
41 42 122 121.
42 43 123 122.
43 44 124 123.
44 45 125 124.
45 46 126 125.
46 47 127 126.
47 48 128 127.
48 49 129 128.
49 50 130 129.
50 51 131 130.
51 52 132 131.
52 53 133 132.
53 54 134 133.
54 55 135 134.
55 56 136 135.
56 57 137 136.
57 58 138 137.
58 59 139 138.
59 60 140 139.
60 61 141 140.
61 62 142 141.
62 63 143 142.
63 64 144 143.
64 65 145 144.
65 66 146 145.
66 67 147 146.
67 68 148 147.
68 69 149 148.
69 70 150 149.
70 71 151 150.
71 72 152 151.
72 73 153 152.
73 74 154 153.
74 75 155 154.
75 76 156 155.
76 77 157 156.
77 78 158 157.
78 79 159 158.
79 80 160 159.
80 1 81 160.
81 82 162 161.
82 83 163 162.
83 84 164 163.
84 85 165 164.
85 86 166 165.
86 87 167 166.
87 88 168 167.
88 89 169 168.
89 90 170 169.
90 91 171 170.
91 92 172 171.
92 93 173 172.
93 94 174 173.
94 95 175 174.
95 96 176 175.
96 97 177 176.
97 98 178 177.
98 99 179 178.
99 100 180 179.
100 101 181 180.
101 102 182 181.
102 103 183 182.
103 104 184 183.
104 105 185 184.
105 106 186 185.
106 107 187 186.
107 108 188 187.
108 109 189 188.
109 110 190 189.
110 111 191 190.
111 112 192 191.
112 113 193 192.
113 114 194 193.
114 115 195 194.
115 116 196 195.
116 117 197 196.
117 118 198 197.
118 119 199 198.
119 120 200 199.
120 121 201 200.
121 122 202 201.
122 123 203 202.
123 124 204 203.
124 125 205 204.
125 126 206 205.
126 127 207 206.
127 128 208 207.
128 129 209 208.
129 130 210 209.
130 131 211 210.
131 132 212 211.
132 133 213 212.
133 134 214 213.
134 135 215 214.
135 136 216 215.
136 137 217 216.
137 138 218 217.
138 139 219 218.
139 140 220 219.
140 141 221 220.
141 142 222 221.
142 143 223 222.
143 144 224 223.
144 145 225 224.
145 146 226 225.
146 147 227 226.
147 148 228 227.
148 149 229 228.
149 150 230 229.
150 151 231 230.
151 152 232 231.
152 153 233 232.
153 154 234 233.
154 155 235 234.
155 156 236 235.
156 157 237 236.
157 158 238 237.
158 159 239 238.
159 160 240 239.
160 81 161 240.
161 162 242 241.
162 163 243 242.
163 164 244 243.
164 165 245 244.
165 166 246 245.
166 167 247 246.
167 168 248 247.
168 169 249 248.
169 170 250 249.
170 171 251 250.
171 172 252 251.
172 173 253 252.
173 174 254 253.
174 175 255 254.
175 176 256 255.
176 177 257 256.
177 178 258 257.
178 179 259 258.
179 180 260 259.
180 181 261 260.
181 182 262 261.
182 183 263 262.
183 184 264 263.
184 185 265 264.
185 186 266 265.
186 187 267 266.
187 188 268 267.
188 189 269 268.
189 190 270 269.
190 191 271 270.
191 192 272 271.
192 193 273 272.
193 194 274 273.
194 195 275 274.
195 196 276 275.
196 197 277 276.
197 198 278 277.
198 199 279 278.
199 200 280 279.
200 201 281 280.
201 202 282 281.
202 203 283 282.
203 204 284 283.
204 205 285 284.
205 206 286 285.
206 207 287 286.
207 208 288 287.
208 209 289 288.
209 210 290 289.
210 211 291 290.
211 212 292 291.
212 213 293 292.
213 214 294 293.
214 215 295 294.
215 216 296 295.
216 217 297 296.
217 218 298 297.
218 219 299 298.
219 220 300 299.
220 221 301 300.
221 222 302 301.
222 223 303 302.
223 224 304 303.
224 225 305 304.
225 226 306 305.
226 227 307 306.
227 228 308 307.
228 229 309 308.
229 230 310 309.
230 231 311 310.
231 232 312 311.
232 233 313 312.
233 234 314 313.
234 235 315 314.
235 236 316 315.
236 237 317 316.
237 238 318 317.
238 239 319 318.
239 240 320 319.
240 161 241 320.
241 242 322 321.
242 243 323 322.
243 244 324 323.
244 245 325 324.
245 246 326 325.
246 247 327 326.
247 248 328 327.
248 249 329 328.
249 250 330 329.
250 251 331 330.
251 252 332 331.
252 253 333 332.
253 254 334 333.
254 255 335 334.
255 256 336 335.
256 257 337 336.
257 258 338 337.
258 259 339 338.
259 260 340 339.
260 261 341 340.
261 262 342 341.
262 263 343 342.
263 264 344 343.
264 265 345 344.
265 266 346 345.
266 267 347 346.
267 268 348 347.
268 269 349 348.
269 270 350 349.
270 271 351 350.
271 272 352 351.
272 273 353 352.
273 274 354 353.
274 275 355 354.
275 276 356 355.
276 277 357 356.
277 278 358 357.
278 279 359 358.
279 280 360 359.
280 281 361 360.
281 282 362 361.
282 283 363 362.
283 284 364 363.
284 285 365 364.
285 286 366 365.
286 287 367 366.
287 288 368 367.
288 289 369 368.
289 290 370 369.
290 291 371 370.
291 292 372 371.
292 293 373 372.
293 294 374 373.
294 295 375 374.
295 296 376 375.
296 297 377 376.
297 298 378 377.
298 299 379 378.
299 300 380 379.
300 301 381 380.
301 302 382 381.
302 303 383 382.
303 304 384 383.
304 305 385 384.
305 306 386 385.
306 307 387 386.
307 308 388 387.
308 309 389 388.
309 310 390 389.
310 311 391 390.
311 312 392 391.
312 313 393 392.
313 314 394 393.
314 315 395 394.
315 316 396 395.
316 317 397 396.
317 318 398 397.
318 319 399 398.
319 320 400 399.
320 241 321 400.
321 322 402 401.
322 323 403 402.
323 324 404 403.
324 325 405 404.
325 326 406 405.
326 327 407 406.
327 328 408 407.
328 329 409 408.
329 330 410 409.
330 331 411 410.
331 332 412 411.
332 333 413 412.
333 334 414 413.
334 335 415 414.
335 336 416 415.
336 337 417 416.
337 338 418 417.
338 339 419 418.
339 340 420 419.
340 341 421 420.
341 342 422 421.
342 343 423 422.
343 344 424 423.
344 345 425 424.
345 346 426 425.
346 347 427 426.
347 348 428 427.
348 349 429 428.
349 350 430 429.
350 351 431 430.
351 352 432 431.
352 353 433 432.
353 354 434 433.
354 355 435 434.
355 356 436 435.
356 357 437 436.
357 358 438 437.
358 359 439 438.
359 360 440 439.
360 361 441 440.
361 362 442 441.
362 363 443 442.
363 364 444 443.
364 365 445 444.
365 366 446 445.
366 367 447 446.
367 368 448 447.
368 369 449 448.
369 370 450 449.
370 371 451 450.
371 372 452 451.
372 373 453 452.
373 374 454 453.
374 375 455 454.
375 376 456 455.
376 377 457 456.
377 378 458 457.
378 379 459 458.
379 380 460 459.
380 381 461 460.
381 382 462 461.
382 383 463 462.
383 384 464 463.
384 385 465 464.
385 386 466 465.
386 387 467 466.
387 388 468 467.
388 389 469 468.
389 390 470 469.
390 391 471 470.
391 392 472 471.
392 393 473 472.
393 394 474 473.
394 395 475 474.
395 396 476 475.
396 397 477 476.
397 398 478 477.
398 399 479 478.
399 400 480 479.
400 321 401 480.
401 402 482 481.
402 403 483 482.
403 404 484 483.
404 405 485 484.
405 406 486 485.
406 407 487 486.
407 408 488 487.
408 409 489 488.
409 410 490 489.
410 411 491 490.
411 412 492 491.
412 413 493 492.
413 414 494 493.
414 415 495 494.
415 416 496 495.
416 417 497 496.
417 418 498 497.
418 419 499 498.
419 420 500 499.
420 421 501 500.
421 422 502 501.
422 423 503 502.
423 424 504 503.
424 425 505 504.
425 426 506 505.
426 427 507 506.
427 428 508 507.
428 429 509 508.
429 430 510 509.
430 431 511 510.
431 432 512 511.
432 433 513 512.
433 434 514 513.
434 435 515 514.
435 436 516 515.
436 437 517 516.
437 438 518 517.
438 439 519 518.
439 440 520 519.
440 441 521 520.
441 442 522 521.
442 443 523 522.
443 444 524 523.
444 445 525 524.
445 446 526 525.
446 447 527 526.
447 448 528 527.
448 449 529 528.
449 450 530 529.
450 451 531 530.
451 452 532 531.
452 453 533 532.
453 454 534 533.
454 455 535 534.
455 456 536 535.
456 457 537 536.
457 458 538 537.
458 459 539 538.
459 460 540 539.
460 461 541 540.
461 462 542 541.
462 463 543 542.
463 464 544 543.
464 465 545 544.
465 466 546 545.
466 467 547 546.
467 468 548 547.
468 469 549 548.
469 470 550 549.
470 471 551 550.
471 472 552 551.
472 473 553 552.
473 474 554 553.
474 475 555 554.
475 476 556 555.
476 477 557 556.
477 478 558 557.
478 479 559 558.
479 480 560 559.
480 401 481 560.
481 482 562 561.
482 483 563 562.
483 484 564 563.
484 485 565 564.
485 486 566 565.
486 487 567 566.
487 488 568 567.
488 489 569 568.
489 490 570 569.
490 491 571 570.
491 492 572 571.
492 493 573 572.
493 494 574 573.
494 495 575 574.
495 496 576 575.
496 497 577 576.
497 498 578 577.
498 499 579 578.
499 500 580 579.
500 501 581 580.
501 502 582 581.
502 503 583 582.
503 504 584 583.
504 505 585 584.
505 506 586 585.
506 507 587 586.
507 508 588 587.
508 509 589 588.
509 510 590 589.
510 511 591 590.
511 512 592 591.
512 513 593 592.
513 514 594 593.
514 515 595 594.
515 516 596 595.
516 517 597 596.
517 518 598 597.
518 519 599 598.
519 520 600 599.
520 521 601 600.
521 522 602 601.
522 523 603 602.
523 524 604 603.
524 525 605 604.
525 526 606 605.
526 527 607 606.
527 528 608 607.
528 529 609 608.
529 530 610 609.
530 531 611 610.
531 532 612 611.
532 533 613 612.
533 534 614 613.
534 535 615 614.
535 536 616 615.
536 537 617 616.
537 538 618 617.
538 539 619 618.
539 540 620 619.
540 541 621 620.
541 542 622 621.
542 543 623 622.
543 544 624 623.
544 545 625 624.
545 546 626 625.
546 547 627 626.
547 548 628 627.
548 549 629 628.
549 550 630 629.
550 551 631 630.
551 552 632 631.
552 553 633 632.
553 554 634 633.
554 555 635 634.
555 556 636 635.
556 557 637 636.
557 558 638 637.
558 559 639 638.
559 560 640 639.
560 481 561 640.
561 562 642 641.
562 563 643 642.
563 564 644 643.
564 565 645 644.
565 566 646 645.
566 567 647 646.
567 568 648 647.
568 569 649 648.
569 570 650 649.
570 571 651 650.
571 572 652 651.
572 573 653 652.
573 574 654 653.
574 575 655 654.
575 576 656 655.
576 577 657 656.
577 578 658 657.
578 579 659 658.
579 580 660 659.
580 581 661 660.
581 582 662 661.
582 583 663 662.
583 584 664 663.
584 585 665 664.
585 586 666 665.
586 587 667 666.
587 588 668 667.
588 589 669 668.
589 590 670 669.
590 591 671 670.
591 592 672 671.
592 593 673 672.
593 594 674 673.
594 595 675 674.
595 596 676 675.
596 597 677 676.
597 598 678 677.
598 599 679 678.
599 600 680 679.
600 601 681 680.
601 602 682 681.
602 603 683 682.
603 604 684 683.
604 605 685 684.
605 606 686 685.
606 607 687 686.
607 608 688 687.
608 609 689 688.
609 610 690 689.
610 611 691 690.
611 612 692 691.
612 613 693 692.
613 614 694 693.
614 615 695 694.
615 616 696 695.
616 617 697 696.
617 618 698 697.
618 619 699 698.
619 620 700 699.
620 621 701 700.
621 622 702 701.
622 623 703 702.
623 624 704 703.
624 625 705 704.
625 626 706 705.
626 627 707 706.
627 628 708 707.
628 629 709 708.
629 630 710 709.
630 631 711 710.
631 632 712 711.
632 633 713 712.
633 634 714 713.
634 635 715 714.
635 636 716 715.
636 637 717 716.
637 638 718 717.
638 639 719 718.
639 640 720 719.
640 561 641 720.
641 642 722 721.
642 643 723 722.
643 644 724 723.
644 645 725 724.
645 646 726 725.
646 647 727 726.
647 648 728 727.
648 649 729 728.
649 650 730 729.
650 651 731 730.
651 652 732 731.
652 653 733 732.
653 654 734 733.
654 655 735 734.
655 656 736 735.
656 657 737 736.
657 658 738 737.
658 659 739 738.
659 660 740 739.
660 661 741 740.
661 662 742 741.
662 663 743 742.
663 664 744 743.
664 665 745 744.
665 666 746 745.
666 667 747 746.
667 668 748 747.
668 669 749 748.
669 670 750 749.
670 671 751 750.
671 672 752 751.
672 673 753 752.
673 674 754 753.
674 675 755 754.
675 676 756 755.
676 677 757 756.
677 678 758 757.
678 679 759 758.
679 680 760 759.
680 681 761 760.
681 682 762 761.
682 683 763 762.
683 684 764 763.
684 685 765 764.
685 686 766 765.
686 687 767 766.
687 688 768 767.
688 689 769 768.
689 690 770 769.
690 691 771 770.
691 692 772 771.
692 693 773 772.
693 694 774 773.
694 695 775 774.
695 696 776 775.
696 697 777 776.
697 698 778 777.
698 699 779 778.
699 700 780 779.
700 701 781 780.
701 702 782 781.
702 703 783 782.
703 704 784 783.
704 705 785 784.
705 706 786 785.
706 707 787 786.
707 708 788 787.
708 709 789 788.
709 710 790 789.
710 711 791 790.
711 712 792 791.
712 713 793 792.
713 714 794 793.
714 715 795 794.
715 716 796 795.
716 717 797 796.
717 718 798 797.
718 719 799 798.
719 720 800 799.
720 641 721 800.
721 722 802 801.
722 723 803 802.
723 724 804 803.
724 725 805 804.
725 726 806 805.
726 727 807 806.
727 728 808 807.
728 729 809 808.
729 730 810 809.
730 731 811 810.
731 732 812 811.
732 733 813 812.
733 734 814 813.
734 735 815 814.
735 736 816 815.
736 737 817 816.
737 738 818 817.
738 739 819 818.
739 740 820 819.
740 741 821 820.
741 742 822 821.
742 743 823 822.
743 744 824 823.
744 745 825 824.
745 746 826 825.
746 747 827 826.
747 748 828 827.
748 749 829 828.
749 750 830 829.
750 751 831 830.
751 752 832 831.
752 753 833 832.
753 754 834 833.
754 755 835 834.
755 756 836 835.
756 757 837 836.
757 758 838 837.
758 759 839 838.
759 760 840 839.
760 761 841 840.
761 762 842 841.
762 763 843 842.
763 764 844 843.
764 765 845 844.
765 766 846 845.
766 767 847 846.
767 768 848 847.
768 769 849 848.
769 770 850 849.
770 771 851 850.
771 772 852 851.
772 773 853 852.
773 774 854 853.
774 775 855 854.
775 776 856 855.
776 777 857 856.
777 778 858 857.
778 779 859 858.
779 780 860 859.
780 781 861 860.
781 782 862 861.
782 783 863 862.
783 784 864 863.
784 785 865 864.
785 786 866 865.
786 787 867 866.
787 788 868 867.
788 789 869 868.
789 790 870 869.
790 791 871 870.
791 792 872 871.
792 793 873 872.
793 794 874 873.
794 795 875 874.
795 796 876 875.
796 797 877 876.
797 798 878 877.
798 799 879 878.
799 800 880 879.
800 721 801 880.
801 802 882 881.
802 803 883 882.
803 804 884 883.
804 805 885 884.
805 806 886 885.
806 807 887 886.
807 808 888 887.
808 809 889 888.
809 810 890 889.
810 811 891 890.
811 812 892 891.
812 813 893 892.
813 814 894 893.
814 815 895 894.
815 816 896 895.
816 817 897 896.
817 818 898 897.
818 819 899 898.
819 820 900 899.
820 821 901 900.
821 822 902 901.
822 823 903 902.
823 824 904 903.
824 825 905 904.
825 826 906 905.
826 827 907 906.
827 828 908 907.
828 829 909 908.
829 830 910 909.
830 831 911 910.
831 832 912 911.
832 833 913 912.
833 834 914 913.
834 835 915 914.
835 836 916 915.
836 837 917 916.
837 838 918 917.
838 839 919 918.
839 840 920 919.
840 841 921 920.
841 842 922 921.
842 843 923 922.
843 844 924 923.
844 845 925 924.
845 846 926 925.
846 847 927 926.
847 848 928 927.
848 849 929 928.
849 850 930 929.
850 851 931 930.
851 852 932 931.
852 853 933 932.
853 854 934 933.
854 855 935 934.
855 856 936 935.
856 857 937 936.
857 858 938 937.
858 859 939 938.
859 860 940 939.
860 861 941 940.
861 862 942 941.
862 863 943 942.
863 864 944 943.
864 865 945 944.
865 866 946 945.
866 867 947 946.
867 868 948 947.
868 869 949 948.
869 870 950 949.
870 871 951 950.
871 872 952 951.
872 873 953 952.
873 874 954 953.
874 875 955 954.
875 876 956 955.
876 877 957 956.
877 878 958 957.
878 879 959 958.
879 880 960 959.
880 801 881 960.
881 882 962 961.
882 883 963 962.
883 884 964 963.
884 885 965 964.
885 886 966 965.
886 887 967 966.
887 888 968 967.
888 889 969 968.
889 890 970 969.
890 891 971 970.
891 892 972 971.
892 893 973 972.
893 894 974 973.
894 895 975 974.
895 896 976 975.
896 897 977 976.
897 898 978 977.
898 899 979 978.
899 900 980 979.
900 901 981 980.
901 902 982 981.
902 903 983 982.
903 904 984 983.
904 905 985 984.
905 906 986 985.
906 907 987 986.
907 908 988 987.
908 909 989 988.
909 910 990 989.
910 911 991 990.
911 912 992 991.
912 913 993 992.
913 914 994 993.
914 915 995 994.
915 916 996 995.
916 917 997 996.
917 918 998 997.
918 919 999 998.
919 920 1000 999.
920 921 1001 1000.
921 922 1002 1001.
922 923 1003 1002.
923 924 1004 1003.
924 925 1005 1004.
925 926 1006 1005.
926 927 1007 1006.
927 928 1008 1007.
928 929 1009 1008.
929 930 1010 1009.
930 931 1011 1010.
931 932 1012 1011.
932 933 1013 1012.
933 934 1014 1013.
934 935 1015 1014.
935 936 1016 1015.
936 937 1017 1016.
937 938 1018 1017.
938 939 1019 1018.
939 940 1020 1019.
940 941 1021 1020.
941 942 1022 1021.
942 943 1023 1022.
943 944 1024 1023.
944 945 1025 1024.
945 946 1026 1025.
946 947 1027 1026.
947 948 1028 1027.
948 949 1029 1028.
949 950 1030 1029.
950 951 1031 1030.
951 952 1032 1031.
952 953 1033 1032.
953 954 1034 1033.
954 955 1035 1034.
955 956 1036 1035.
956 957 1037 1036.
957 958 1038 1037.
958 959 1039 1038.
959 960 1040 1039.
960 881 961 1040.
961 962 1042 1041.
962 963 1043 1042.
963 964 1044 1043.
964 965 1045 1044.
965 966 1046 1045.
966 967 1047 1046.
967 968 1048 1047.
968 969 1049 1048.
969 970 1050 1049.
970 971 1051 1050.
971 972 1052 1051.
972 973 1053 1052.
973 974 1054 1053.
974 975 1055 1054.
975 976 1056 1055.
976 977 1057 1056.
977 978 1058 1057.
978 979 1059 1058.
979 980 1060 1059.
980 981 1061 1060.
981 982 1062 1061.
982 983 1063 1062.
983 984 1064 1063.
984 985 1065 1064.
985 986 1066 1065.
986 987 1067 1066.
987 988 1068 1067.
988 989 1069 1068.
989 990 1070 1069.
990 991 1071 1070.
991 992 1072 1071.
992 993 1073 1072.
993 994 1074 1073.
994 995 1075 1074.
995 996 1076 1075.
996 997 1077 1076.
997 998 1078 1077.
998 999 1079 1078.
999 1000 1080 1079.
1000 1001 1081 1080.
1001 1002 1082 1081.
1002 1003 1083 1082.
1003 1004 1084 1083.
1004 1005 1085 1084.
1005 1006 1086 1085.
1006 1007 1087 1086.
1007 1008 1088 1087.
1008 1009 1089 1088.
1009 1010 1090 1089.
1010 1011 1091 1090.
1011 1012 1092 1091.
1012 1013 1093 1092.
1013 1014 1094 1093.
1014 1015 1095 1094.
1015 1016 1096 1095.
1016 1017 1097 1096.
1017 1018 1098 1097.
1018 1019 1099 1098.
1019 1020 1100 1099.
1020 1021 1101 1100.
1021 1022 1102 1101.
1022 1023 1103 1102.
1023 1024 1104 1103.
1024 1025 1105 1104.
1025 1026 1106 1105.
1026 1027 1107 1106.
1027 1028 1108 1107.
1028 1029 1109 1108.
1029 1030 1110 1109.
1030 1031 1111 1110.
1031 1032 1112 1111.
1032 1033 1113 1112.
1033 1034 1114 1113.
1034 1035 1115 1114.
1035 1036 1116 1115.
1036 1037 1117 1116.
1037 1038 1118 1117.
1038 1039 1119 1118.
1039 1040 1120 1119.
1040 961 1041 1120.
1041 1042 1122 1121.
1042 1043 1123 1122.
1043 1044 1124 1123.
1044 1045 1125 1124.
1045 1046 1126 1125.
1046 1047 1127 1126.
1047 1048 1128 1127.
1048 1049 1129 1128.
1049 1050 1130 1129.
1050 1051 1131 1130.
1051 1052 1132 1131.
1052 1053 1133 1132.
1053 1054 1134 1133.
1054 1055 1135 1134.
1055 1056 1136 1135.
1056 1057 1137 1136.
1057 1058 1138 1137.
1058 1059 1139 1138.
1059 1060 1140 1139.
1060 1061 1141 1140.
1061 1062 1142 1141.
1062 1063 1143 1142.
1063 1064 1144 1143.
1064 1065 1145 1144.
1065 1066 1146 1145.
1066 1067 1147 1146.
1067 1068 1148 1147.
1068 1069 1149 1148.
1069 1070 1150 1149.
1070 1071 1151 1150.
1071 1072 1152 1151.
1072 1073 1153 1152.
1073 1074 1154 1153.
1074 1075 1155 1154.
1075 1076 1156 1155.
1076 1077 1157 1156.
1077 1078 1158 1157.
1078 1079 1159 1158.
1079 1080 1160 1159.
1080 1081 1161 1160.
1081 1082 1162 1161.
1082 1083 1163 1162.
1083 1084 1164 1163.
1084 1085 1165 1164.
1085 1086 1166 1165.
1086 1087 1167 1166.
1087 1088 1168 1167.
1088 1089 1169 1168.
1089 1090 1170 1169.
1090 1091 1171 1170.
1091 1092 1172 1171.
1092 1093 1173 1172.
1093 1094 1174 1173.
1094 1095 1175 1174.
1095 1096 1176 1175.
1096 1097 1177 1176.
1097 1098 1178 1177.
1098 1099 1179 1178.
1099 1100 1180 1179.
1100 1101 1181 1180.
1101 1102 1182 1181.
1102 1103 1183 1182.
1103 1104 1184 1183.
1104 1105 1185 1184.
1105 1106 1186 1185.
1106 1107 1187 1186.
1107 1108 1188 1187.
1108 1109 1189 1188.
1109 1110 1190 1189.
1110 1111 1191 1190.
1111 1112 1192 1191.
1112 1113 1193 1192.
1113 1114 1194 1193.
1114 1115 1195 1194.
1115 1116 1196 1195.
1116 1117 1197 1196.
1117 1118 1198 1197.
1118 1119 1199 1198.
1119 1120 1200 1199.
1120 1041 1121 1200.
1121 1122 1202 1201.
1122 1123 1203 1202.
1123 1124 1204 1203.
1124 1125 1205 1204.
1125 1126 1206 1205.
1126 1127 1207 1206.
1127 1128 1208 1207.
1128 1129 1209 1208.
1129 1130 1210 1209.
1130 1131 1211 1210.
1131 1132 1212 1211.
1132 1133 1213 1212.
1133 1134 1214 1213.
1134 1135 1215 1214.
1135 1136 1216 1215.
1136 1137 1217 1216.
1137 1138 1218 1217.
1138 1139 1219 1218.
1139 1140 1220 1219.
1140 1141 1221 1220.
1141 1142 1222 1221.
1142 1143 1223 1222.
1143 1144 1224 1223.
1144 1145 1225 1224.
1145 1146 1226 1225.
1146 1147 1227 1226.
1147 1148 1228 1227.
1148 1149 1229 1228.
1149 1150 1230 1229.
1150 1151 1231 1230.
1151 1152 1232 1231.
1152 1153 1233 1232.
1153 1154 1234 1233.
1154 1155 1235 1234.
1155 1156 1236 1235.
1156 1157 1237 1236.
1157 1158 1238 1237.
1158 1159 1239 1238.
1159 1160 1240 1239.
1160 1161 1241 1240.
1161 1162 1242 1241.
1162 1163 1243 1242.
1163 1164 1244 1243.
1164 1165 1245 1244.
1165 1166 1246 1245.
1166 1167 1247 1246.
1167 1168 1248 1247.
1168 1169 1249 1248.
1169 1170 1250 1249.
1170 1171 1251 1250.
1171 1172 1252 1251.
1172 1173 1253 1252.
1173 1174 1254 1253.
1174 1175 1255 1254.
1175 1176 1256 1255.
1176 1177 1257 1256.
1177 1178 1258 1257.
1178 1179 1259 1258.
1179 1180 1260 1259.
1180 1181 1261 1260.
1181 1182 1262 1261.
1182 1183 1263 1262.
1183 1184 1264 1263.
1184 1185 1265 1264.
1185 1186 1266 1265.
1186 1187 1267 1266.
1187 1188 1268 1267.
1188 1189 1269 1268.
1189 1190 1270 1269.
1190 1191 1271 1270.
1191 1192 1272 1271.
1192 1193 1273 1272.
1193 1194 1274 1273.
1194 1195 1275 1274.
1195 1196 1276 1275.
1196 1197 1277 1276.
1197 1198 1278 1277.
1198 1199 1279 1278.
1199 1200 1280 1279.
1200 1121 1201 1280.
1201 1202 1282 1281.
1202 1203 1283 1282.
1203 1204 1284 1283.
1204 1205 1285 1284.
1205 1206 1286 1285.
1206 1207 1287 1286.
1207 1208 1288 1287.
1208 1209 1289 1288.
1209 1210 1290 1289.
1210 1211 1291 1290.
1211 1212 1292 1291.
1212 1213 1293 1292.
1213 1214 1294 1293.
1214 1215 1295 1294.
1215 1216 1296 1295.
1216 1217 1297 1296.
1217 1218 1298 1297.
1218 1219 1299 1298.
1219 1220 1300 1299.
1220 1221 1301 1300.
1221 1222 1302 1301.
1222 1223 1303 1302.
1223 1224 1304 1303.
1224 1225 1305 1304.
1225 1226 1306 1305.
1226 1227 1307 1306.
1227 1228 1308 1307.
1228 1229 1309 1308.
1229 1230 1310 1309.
1230 1231 1311 1310.
1231 1232 1312 1311.
1232 1233 1313 1312.
1233 1234 1314 1313.
1234 1235 1315 1314.
1235 1236 1316 1315.
1236 1237 1317 1316.
1237 1238 1318 1317.
1238 1239 1319 1318.
1239 1240 1320 1319.
1240 1241 1321 1320.
1241 1242 1322 1321.
1242 1243 1323 1322.
1243 1244 1324 1323.
1244 1245 1325 1324.
1245 1246 1326 1325.
1246 1247 1327 1326.
1247 1248 1328 1327.
1248 1249 1329 1328.
1249 1250 1330 1329.
1250 1251 1331 1330.
1251 1252 1332 1331.
1252 1253 1333 1332.
1253 1254 1334 1333.
1254 1255 1335 1334.
1255 1256 1336 1335.
1256 1257 1337 1336.
1257 1258 1338 1337.
1258 1259 1339 1338.
1259 1260 1340 1339.
1260 1261 1341 1340.
1261 1262 1342 1341.
1262 1263 1343 1342.
1263 1264 1344 1343.
1264 1265 1345 1344.
1265 1266 1346 1345.
1266 1267 1347 1346.
1267 1268 1348 1347.
1268 1269 1349 1348.
1269 1270 1350 1349.
1270 1271 1351 1350.
1271 1272 1352 1351.
1272 1273 1353 1352.
1273 1274 1354 1353.
1274 1275 1355 1354.
1275 1276 1356 1355.
1276 1277 1357 1356.
1277 1278 1358 1357.
1278 1279 1359 1358.
1279 1280 1360 1359.
1280 1201 1281 1360.
1281 1282 1362 1361.
1282 1283 1363 1362.
1283 1284 1364 1363.
1284 1285 1365 1364.
1285 1286 1366 1365.
1286 1287 1367 1366.
1287 1288 1368 1367.
1288 1289 1369 1368.
1289 1290 1370 1369.
1290 1291 1371 1370.
1291 1292 1372 1371.
1292 1293 1373 1372.
1293 1294 1374 1373.
1294 1295 1375 1374.
1295 1296 1376 1375.
1296 1297 1377 1376.
1297 1298 1378 1377.
1298 1299 1379 1378.
1299 1300 1380 1379.
1300 1301 1381 1380.
1301 1302 1382 1381.
1302 1303 1383 1382.
1303 1304 1384 1383.
1304 1305 1385 1384.
1305 1306 1386 1385.
1306 1307 1387 1386.
1307 1308 1388 1387.
1308 1309 1389 1388.
1309 1310 1390 1389.
1310 1311 1391 1390.
1311 1312 1392 1391.
1312 1313 1393 1392.
1313 1314 1394 1393.
1314 1315 1395 1394.
1315 1316 1396 1395.
1316 1317 1397 1396.
1317 1318 1398 1397.
1318 1319 1399 1398.
1319 1320 1400 1399.
1320 1321 1401 1400.
1321 1322 1402 1401.
1322 1323 1403 1402.
1323 1324 1404 1403.
1324 1325 1405 1404.
1325 1326 1406 1405.
1326 1327 1407 1406.
1327 1328 1408 1407.
1328 1329 1409 1408.
1329 1330 1410 1409.
1330 1331 1411 1410.
1331 1332 1412 1411.
1332 1333 1413 1412.
1333 1334 1414 1413.
1334 1335 1415 1414.
1335 1336 1416 1415.
1336 1337 1417 1416.
1337 1338 1418 1417.
1338 1339 1419 1418.
1339 1340 1420 1419.
1340 1341 1421 1420.
1341 1342 1422 1421.
1342 1343 1423 1422.
1343 1344 1424 1423.
1344 1345 1425 1424.
1345 1346 1426 1425.
1346 1347 1427 1426.
1347 1348 1428 1427.
1348 1349 1429 1428.
1349 1350 1430 1429.
1350 1351 1431 1430.
1351 1352 1432 1431.
1352 1353 1433 1432.
1353 1354 1434 1433.
1354 1355 1435 1434.
1355 1356 1436 1435.
1356 1357 1437 1436.
1357 1358 1438 1437.
1358 1359 1439 1438.
1359 1360 1440 1439.
1360 1281 1361 1440.
1361 1362 1442 1441.
1362 1363 1443 1442.
1363 1364 1444 1443.
1364 1365 1445 1444.
1365 1366 1446 1445.
1366 1367 1447 1446.
1367 1368 1448 1447.
1368 1369 1449 1448.
1369 1370 1450 1449.
1370 1371 1451 1450.
1371 1372 1452 1451.
1372 1373 1453 1452.
1373 1374 1454 1453.
1374 1375 1455 1454.
1375 1376 1456 1455.
1376 1377 1457 1456.
1377 1378 1458 1457.
1378 1379 1459 1458.
1379 1380 1460 1459.
1380 1381 1461 1460.
1381 1382 1462 1461.
1382 1383 1463 1462.
1383 1384 1464 1463.
1384 1385 1465 1464.
1385 1386 1466 1465.
1386 1387 1467 1466.
1387 1388 1468 1467.
1388 1389 1469 1468.
1389 1390 1470 1469.
1390 1391 1471 1470.
1391 1392 1472 1471.
1392 1393 1473 1472.
1393 1394 1474 1473.
1394 1395 1475 1474.
1395 1396 1476 1475.
1396 1397 1477 1476.
1397 1398 1478 1477.
1398 1399 1479 1478.
1399 1400 1480 1479.
1400 1401 1481 1480.
1401 1402 1482 1481.
1402 1403 1483 1482.
1403 1404 1484 1483.
1404 1405 1485 1484.
1405 1406 1486 1485.
1406 1407 1487 1486.
1407 1408 1488 1487.
1408 1409 1489 1488.
1409 1410 1490 1489.
1410 1411 1491 1490.
1411 1412 1492 1491.
1412 1413 1493 1492.
1413 1414 1494 1493.
1414 1415 1495 1494.
1415 1416 1496 1495.
1416 1417 1497 1496.
1417 1418 1498 1497.
1418 1419 1499 1498.
1419 1420 1500 1499.
1420 1421 1501 1500.
1421 1422 1502 1501.
1422 1423 1503 1502.
1423 1424 1504 1503.
1424 1425 1505 1504.
1425 1426 1506 1505.
1426 1427 1507 1506.
1427 1428 1508 1507.
1428 1429 1509 1508.
1429 1430 1510 1509.
1430 1431 1511 1510.
1431 1432 1512 1511.
1432 1433 1513 1512.
1433 1434 1514 1513.
1434 1435 1515 1514.
1435 1436 1516 1515.
1436 1437 1517 1516.
1437 1438 1518 1517.
1438 1439 1519 1518.
1439 1440 1520 1519.
1440 1361 1441 1520.
1441 1442 1522 1521.
1442 1443 1523 1522.
1443 1444 1524 1523.
1444 1445 1525 1524.
1445 1446 1526 1525.
1446 1447 1527 1526.
1447 1448 1528 1527.
1448 1449 1529 1528.
1449 1450 1530 1529.
1450 1451 1531 1530.
1451 1452 1532 1531.
1452 1453 1533 1532.
1453 1454 1534 1533.
1454 1455 1535 1534.
1455 1456 1536 1535.
1456 1457 1537 1536.
1457 1458 1538 1537.
1458 1459 1539 1538.
1459 1460 1540 1539.
1460 1461 1541 1540.
1461 1462 1542 1541.
1462 1463 1543 1542.
1463 1464 1544 1543.
1464 1465 1545 1544.
1465 1466 1546 1545.
1466 1467 1547 1546.
1467 1468 1548 1547.
1468 1469 1549 1548.
1469 1470 1550 1549.
1470 1471 1551 1550.
1471 1472 1552 1551.
1472 1473 1553 1552.
1473 1474 1554 1553.
1474 1475 1555 1554.
1475 1476 1556 1555.
1476 1477 1557 1556.
1477 1478 1558 1557.
1478 1479 1559 1558.
1479 1480 1560 1559.
1480 1481 1561 1560.
1481 1482 1562 1561.
1482 1483 1563 1562.
1483 1484 1564 1563.
1484 1485 1565 1564.
1485 1486 1566 1565.
1486 1487 1567 1566.
1487 1488 1568 1567.
1488 1489 1569 1568.
1489 1490 1570 1569.
1490 1491 1571 1570.
1491 1492 1572 1571.
1492 1493 1573 1572.
1493 1494 1574 1573.
1494 1495 1575 1574.
1495 1496 1576 1575.
1496 1497 1577 1576.
1497 1498 1578 1577.
1498 1499 1579 1578.
1499 1500 1580 1579.
1500 1501 1581 1580.
1501 1502 1582 1581.
1502 1503 1583 1582.
1503 1504 1584 1583.
1504 1505 1585 1584.
1505 1506 1586 1585.
1506 1507 1587 1586.
1507 1508 1588 1587.
1508 1509 1589 1588.
1509 1510 1590 1589.
1510 1511 1591 1590.
1511 1512 1592 1591.
1512 1513 1593 1592.
1513 1514 1594 1593.
1514 1515 1595 1594.
1515 1516 1596 1595.
1516 1517 1597 1596.
1517 1518 1598 1597.
1518 1519 1599 1598.
1519 1520 1600 1599.
1520 1441 1521 1600.
1521 1522 1602 1601.
1522 1523 1603 1602.
1523 1524 1604 1603.
1524 1525 1605 1604.
1525 1526 1606 1605.
1526 1527 1607 1606.
1527 1528 1608 1607.
1528 1529 1609 1608.
1529 1530 1610 1609.
1530 1531 1611 1610.
1531 1532 1612 1611.
1532 1533 1613 1612.
1533 1534 1614 1613.
1534 1535 1615 1614.
1535 1536 1616 1615.
1536 1537 1617 1616.
1537 1538 1618 1617.
1538 1539 1619 1618.
1539 1540 1620 1619.
1540 1541 1621 1620.
1541 1542 1622 1621.
1542 1543 1623 1622.
1543 1544 1624 1623.
1544 1545 1625 1624.
1545 1546 1626 1625.
1546 1547 1627 1626.
1547 1548 1628 1627.
1548 1549 1629 1628.
1549 1550 1630 1629.
1550 1551 1631 1630.
1551 1552 1632 1631.
1552 1553 1633 1632.
1553 1554 1634 1633.
1554 1555 1635 1634.
1555 1556 1636 1635.
1556 1557 1637 1636.
1557 1558 1638 1637.
1558 1559 1639 1638.
1559 1560 1640 1639.
1560 1561 1641 1640.
1561 1562 1642 1641.
1562 1563 1643 1642.
1563 1564 1644 1643.
1564 1565 1645 1644.
1565 1566 1646 1645.
1566 1567 1647 1646.
1567 1568 1648 1647.
1568 1569 1649 1648.
1569 1570 1650 1649.
1570 1571 1651 1650.
1571 1572 1652 1651.
1572 1573 1653 1652.
1573 1574 1654 1653.
1574 1575 1655 1654.
1575 1576 1656 1655.
1576 1577 1657 1656.
1577 1578 1658 1657.
1578 1579 1659 1658.
1579 1580 1660 1659.
1580 1581 1661 1660.
1581 1582 1662 1661.
1582 1583 1663 1662.
1583 1584 1664 1663.
1584 1585 1665 1664.
1585 1586 1666 1665.
1586 1587 1667 1666.
1587 1588 1668 1667.
1588 1589 1669 1668.
1589 1590 1670 1669.
1590 1591 1671 1670.
1591 1592 1672 1671.
1592 1593 1673 1672.
1593 1594 1674 1673.
1594 1595 1675 1674.
1595 1596 1676 1675.
1596 1597 1677 1676.
1597 1598 1678 1677.
1598 1599 1679 1678.
1599 1600 1680 1679.
1600 1521 1601 1680.
1601 1602 1682 1681.
1602 1603 1683 1682.
1603 1604 1684 1683.
1604 1605 1685 1684.
1605 1606 1686 1685.
1606 1607 1687 1686.
1607 1608 1688 1687.
1608 1609 1689 1688.
1609 1610 1690 1689.
1610 1611 1691 1690.
1611 1612 1692 1691.
1612 1613 1693 1692.
1613 1614 1694 1693.
1614 1615 1695 1694.
1615 1616 1696 1695.
1616 1617 1697 1696.
1617 1618 1698 1697.
1618 1619 1699 1698.
1619 1620 1700 1699.
1620 1621 1701 1700.
1621 1622 1702 1701.
1622 1623 1703 1702.
1623 1624 1704 1703.
1624 1625 1705 1704.
1625 1626 1706 1705.
1626 1627 1707 1706.
1627 1628 1708 1707.
1628 1629 1709 1708.
1629 1630 1710 1709.
1630 1631 1711 1710.
1631 1632 1712 1711.
1632 1633 1713 1712.
1633 1634 1714 1713.
1634 1635 1715 1714.
1635 1636 1716 1715.
1636 1637 1717 1716.
1637 1638 1718 1717.
1638 1639 1719 1718.
1639 1640 1720 1719.
1640 1641 1721 1720.
1641 1642 1722 1721.
1642 1643 1723 1722.
1643 1644 1724 1723.
1644 1645 1725 1724.
1645 1646 1726 1725.
1646 1647 1727 1726.
1647 1648 1728 1727.
1648 1649 1729 1728.
1649 1650 1730 1729.
1650 1651 1731 1730.
1651 1652 1732 1731.
1652 1653 1733 1732.
1653 1654 1734 1733.
1654 1655 1735 1734.
1655 1656 1736 1735.
1656 1657 1737 1736.
1657 1658 1738 1737.
1658 1659 1739 1738.
1659 1660 1740 1739.
1660 1661 1741 1740.
1661 1662 1742 1741.
1662 1663 1743 1742.
1663 1664 1744 1743.
1664 1665 1745 1744.
1665 1666 1746 1745.
1666 1667 1747 1746.
1667 1668 1748 1747.
1668 1669 1749 1748.
1669 1670 1750 1749.
1670 1671 1751 1750.
1671 1672 1752 1751.
1672 1673 1753 1752.
1673 1674 1754 1753.
1674 1675 1755 1754.
1675 1676 1756 1755.
1676 1677 1757 1756.
1677 1678 1758 1757.
1678 1679 1759 1758.
1679 1680 1760 1759.
1680 1601 1681 1760.
1681 1682 1762 1761.
1682 1683 1763 1762.
1683 1684 1764 1763.
1684 1685 1765 1764.
1685 1686 1766 1765.
1686 1687 1767 1766.
1687 1688 1768 1767.
1688 1689 1769 1768.
1689 1690 1770 1769.
1690 1691 1771 1770.
1691 1692 1772 1771.
1692 1693 1773 1772.
1693 1694 1774 1773.
1694 1695 1775 1774.
1695 1696 1776 1775.
1696 1697 1777 1776.
1697 1698 1778 1777.
1698 1699 1779 1778.
1699 1700 1780 1779.
1700 1701 1781 1780.
1701 1702 1782 1781.
1702 1703 1783 1782.
1703 1704 1784 1783.
1704 1705 1785 1784.
1705 1706 1786 1785.
1706 1707 1787 1786.
1707 1708 1788 1787.
1708 1709 1789 1788.
1709 1710 1790 1789.
1710 1711 1791 1790.
1711 1712 1792 1791.
1712 1713 1793 1792.
1713 1714 1794 1793.
1714 1715 1795 1794.
1715 1716 1796 1795.
1716 1717 1797 1796.
1717 1718 1798 1797.
1718 1719 1799 1798.
1719 1720 1800 1799.
1720 1721 1801 1800.
1721 1722 1802 1801.
1722 1723 1803 1802.
1723 1724 1804 1803.
1724 1725 1805 1804.
1725 1726 1806 1805.
1726 1727 1807 1806.
1727 1728 1808 1807.
1728 1729 1809 1808.
1729 1730 1810 1809.
1730 1731 1811 1810.
1731 1732 1812 1811.
1732 1733 1813 1812.
1733 1734 1814 1813.
1734 1735 1815 1814.
1735 1736 1816 1815.
1736 1737 1817 1816.
1737 1738 1818 1817.
1738 1739 1819 1818.
1739 1740 1820 1819.
1740 1741 1821 1820.
1741 1742 1822 1821.
1742 1743 1823 1822.
1743 1744 1824 1823.
1744 1745 1825 1824.
1745 1746 1826 1825.
1746 1747 1827 1826.
1747 1748 1828 1827.
1748 1749 1829 1828.
1749 1750 1830 1829.
1750 1751 1831 1830.
1751 1752 1832 1831.
1752 1753 1833 1832.
1753 1754 1834 1833.
1754 1755 1835 1834.
1755 1756 1836 1835.
1756 1757 1837 1836.
1757 1758 1838 1837.
1758 1759 1839 1838.
1759 1760 1840 1839.
1760 1681 1761 1840.
1761 1762 1842 1841.
1762 1763 1843 1842.
1763 1764 1844 1843.
1764 1765 1845 1844.
1765 1766 1846 1845.
1766 1767 1847 1846.
1767 1768 1848 1847.
1768 1769 1849 1848.
1769 1770 1850 1849.
1770 1771 1851 1850.
1771 1772 1852 1851.
1772 1773 1853 1852.
1773 1774 1854 1853.
1774 1775 1855 1854.
1775 1776 1856 1855.
1776 1777 1857 1856.
1777 1778 1858 1857.
1778 1779 1859 1858.
1779 1780 1860 1859.
1780 1781 1861 1860.
1781 1782 1862 1861.
1782 1783 1863 1862.
1783 1784 1864 1863.
1784 1785 1865 1864.
1785 1786 1866 1865.
1786 1787 1867 1866.
1787 1788 1868 1867.
1788 1789 1869 1868.
1789 1790 1870 1869.
1790 1791 1871 1870.
1791 1792 1872 1871.
1792 1793 1873 1872.
1793 1794 1874 1873.
1794 1795 1875 1874.
1795 1796 1876 1875.
1796 1797 1877 1876.
1797 1798 1878 1877.
1798 1799 1879 1878.
1799 1800 1880 1879.
1800 1801 1881 1880.
1801 1802 1882 1881.
1802 1803 1883 1882.
1803 1804 1884 1883.
1804 1805 1885 1884.
1805 1806 1886 1885.
1806 1807 1887 1886.
1807 1808 1888 1887.
1808 1809 1889 1888.
1809 1810 1890 1889.
1810 1811 1891 1890.
1811 1812 1892 1891.
1812 1813 1893 1892.
1813 1814 1894 1893.
1814 1815 1895 1894.
1815 1816 1896 1895.
1816 1817 1897 1896.
1817 1818 1898 1897.
1818 1819 1899 1898.
1819 1820 1900 1899.
1820 1821 1901 1900.
1821 1822 1902 1901.
1822 1823 1903 1902.
1823 1824 1904 1903.
1824 1825 1905 1904.
1825 1826 1906 1905.
1826 1827 1907 1906.
1827 1828 1908 1907.
1828 1829 1909 1908.
1829 1830 1910 1909.
1830 1831 1911 1910.
1831 1832 1912 1911.
1832 1833 1913 1912.
1833 1834 1914 1913.
1834 1835 1915 1914.
1835 1836 1916 1915.
1836 1837 1917 1916.
1837 1838 1918 1917.
1838 1839 1919 1918.
1839 1840 1920 1919.
1840 1761 1841 1920.
1841 1842 1922 1921.
1842 1843 1923 1922.
1843 1844 1924 1923.
1844 1845 1925 1924.
1845 1846 1926 1925.
1846 1847 1927 1926.
1847 1848 1928 1927.
1848 1849 1929 1928.
1849 1850 1930 1929.
1850 1851 1931 1930.
1851 1852 1932 1931.
1852 1853 1933 1932.
1853 1854 1934 1933.
1854 1855 1935 1934.
1855 1856 1936 1935.
1856 1857 1937 1936.
1857 1858 1938 1937.
1858 1859 1939 1938.
1859 1860 1940 1939.
1860 1861 1941 1940.
1861 1862 1942 1941.
1862 1863 1943 1942.
1863 1864 1944 1943.
1864 1865 1945 1944.
1865 1866 1946 1945.
1866 1867 1947 1946.
1867 1868 1948 1947.
1868 1869 1949 1948.
1869 1870 1950 1949.
1870 1871 1951 1950.
1871 1872 1952 1951.
1872 1873 1953 1952.
1873 1874 1954 1953.
1874 1875 1955 1954.
1875 1876 1956 1955.
1876 1877 1957 1956.
1877 1878 1958 1957.
1878 1879 1959 1958.
1879 1880 1960 1959.
1880 1881 1961 1960.
1881 1882 1962 1961.
1882 1883 1963 1962.
1883 1884 1964 1963.
1884 1885 1965 1964.
1885 1886 1966 1965.
1886 1887 1967 1966.
1887 1888 1968 1967.
1888 1889 1969 1968.
1889 1890 1970 1969.
1890 1891 1971 1970.
1891 1892 1972 1971.
1892 1893 1973 1972.
1893 1894 1974 1973.
1894 1895 1975 1974.
1895 1896 1976 1975.
1896 1897 1977 1976.
1897 1898 1978 1977.
1898 1899 1979 1978.
1899 1900 1980 1979.
1900 1901 1981 1980.
1901 1902 1982 1981.
1902 1903 1983 1982.
1903 1904 1984 1983.
1904 1905 1985 1984.
1905 1906 1986 1985.
1906 1907 1987 1986.
1907 1908 1988 1987.
1908 1909 1989 1988.
1909 1910 1990 1989.
1910 1911 1991 1990.
1911 1912 1992 1991.
1912 1913 1993 1992.
1913 1914 1994 1993.
1914 1915 1995 1994.
1915 1916 1996 1995.
1916 1917 1997 1996.
1917 1918 1998 1997.
1918 1919 1999 1998.
1919 1920 2000 1999.
1920 1841 1921 2000.
1921 1922 2002 2001.
1922 1923 2003 2002.
1923 1924 2004 2003.
1924 1925 2005 2004.
1925 1926 2006 2005.
1926 1927 2007 2006.
1927 1928 2008 2007.
1928 1929 2009 2008.
1929 1930 2010 2009.
1930 1931 2011 2010.
1931 1932 2012 2011.
1932 1933 2013 2012.
1933 1934 2014 2013.
1934 1935 2015 2014.
1935 1936 2016 2015.
1936 1937 2017 2016.
1937 1938 2018 2017.
1938 1939 2019 2018.
1939 1940 2020 2019.
1940 1941 2021 2020.
1941 1942 2022 2021.
1942 1943 2023 2022.
1943 1944 2024 2023.
1944 1945 2025 2024.
1945 1946 2026 2025.
1946 1947 2027 2026.
1947 1948 2028 2027.
1948 1949 2029 2028.
1949 1950 2030 2029.
1950 1951 2031 2030.
1951 1952 2032 2031.
1952 1953 2033 2032.
1953 1954 2034 2033.
1954 1955 2035 2034.
1955 1956 2036 2035.
1956 1957 2037 2036.
1957 1958 2038 2037.
1958 1959 2039 2038.
1959 1960 2040 2039.
1960 1961 2041 2040.
1961 1962 2042 2041.
1962 1963 2043 2042.
1963 1964 2044 2043.
1964 1965 2045 2044.
1965 1966 2046 2045.
1966 1967 2047 2046.
1967 1968 2048 2047.
1968 1969 2049 2048.
1969 1970 2050 2049.
1970 1971 2051 2050.
1971 1972 2052 2051.
1972 1973 2053 2052.
1973 1974 2054 2053.
1974 1975 2055 2054.
1975 1976 2056 2055.
1976 1977 2057 2056.
1977 1978 2058 2057.
1978 1979 2059 2058.
1979 1980 2060 2059.
1980 1981 2061 2060.
1981 1982 2062 2061.
1982 1983 2063 2062.
1983 1984 2064 2063.
1984 1985 2065 2064.
1985 1986 2066 2065.
1986 1987 2067 2066.
1987 1988 2068 2067.
1988 1989 2069 2068.
1989 1990 2070 2069.
1990 1991 2071 2070.
1991 1992 2072 2071.
1992 1993 2073 2072.
1993 1994 2074 2073.
1994 1995 2075 2074.
1995 1996 2076 2075.
1996 1997 2077 2076.
1997 1998 2078 2077.
1998 1999 2079 2078.
1999 2000 2080 2079.
2000 1921 2001 2080.
2001 2002 2082 2081.
2002 2003 2083 2082.
2003 2004 2084 2083.
2004 2005 2085 2084.
2005 2006 2086 2085.
2006 2007 2087 2086.
2007 2008 2088 2087.
2008 2009 2089 2088.
2009 2010 2090 2089.
2010 2011 2091 2090.
2011 2012 2092 2091.
2012 2013 2093 2092.
2013 2014 2094 2093.
2014 2015 2095 2094.
2015 2016 2096 2095.
2016 2017 2097 2096.
2017 2018 2098 2097.
2018 2019 2099 2098.
2019 2020 2100 2099.
2020 2021 2101 2100.
2021 2022 2102 2101.
2022 2023 2103 2102.
2023 2024 2104 2103.
2024 2025 2105 2104.
2025 2026 2106 2105.
2026 2027 2107 2106.
2027 2028 2108 2107.
2028 2029 2109 2108.
2029 2030 2110 2109.
2030 2031 2111 2110.
2031 2032 2112 2111.
2032 2033 2113 2112.
2033 2034 2114 2113.
2034 2035 2115 2114.
2035 2036 2116 2115.
2036 2037 2117 2116.
2037 2038 2118 2117.
2038 2039 2119 2118.
2039 2040 2120 2119.
2040 2041 2121 2120.
2041 2042 2122 2121.
2042 2043 2123 2122.
2043 2044 2124 2123.
2044 2045 2125 2124.
2045 2046 2126 2125.
2046 2047 2127 2126.
2047 2048 2128 2127.
2048 2049 2129 2128.
2049 2050 2130 2129.
2050 2051 2131 2130.
2051 2052 2132 2131.
2052 2053 2133 2132.
2053 2054 2134 2133.
2054 2055 2135 2134.
2055 2056 2136 2135.
2056 2057 2137 2136.
2057 2058 2138 2137.
2058 2059 2139 2138.
2059 2060 2140 2139.
2060 2061 2141 2140.
2061 2062 2142 2141.
2062 2063 2143 2142.
2063 2064 2144 2143.
2064 2065 2145 2144.
2065 2066 2146 2145.
2066 2067 2147 2146.
2067 2068 2148 2147.
2068 2069 2149 2148.
2069 2070 2150 2149.
2070 2071 2151 2150.
2071 2072 2152 2151.
2072 2073 2153 2152.
2073 2074 2154 2153.
2074 2075 2155 2154.
2075 2076 2156 2155.
2076 2077 2157 2156.
2077 2078 2158 2157.
2078 2079 2159 2158.
2079 2080 2160 2159.
2080 2001 2081 2160.
2081 2082 2162 2161.
2082 2083 2163 2162.
2083 2084 2164 2163.
2084 2085 2165 2164.
2085 2086 2166 2165.
2086 2087 2167 2166.
2087 2088 2168 2167.
2088 2089 2169 2168.
2089 2090 2170 2169.
2090 2091 2171 2170.
2091 2092 2172 2171.
2092 2093 2173 2172.
2093 2094 2174 2173.
2094 2095 2175 2174.
2095 2096 2176 2175.
2096 2097 2177 2176.
2097 2098 2178 2177.
2098 2099 2179 2178.
2099 2100 2180 2179.
2100 2101 2181 2180.
2101 2102 2182 2181.
2102 2103 2183 2182.
2103 2104 2184 2183.
2104 2105 2185 2184.
2105 2106 2186 2185.
2106 2107 2187 2186.
2107 2108 2188 2187.
2108 2109 2189 2188.
2109 2110 2190 2189.
2110 2111 2191 2190.
2111 2112 2192 2191.
2112 2113 2193 2192.
2113 2114 2194 2193.
2114 2115 2195 2194.
2115 2116 2196 2195.
2116 2117 2197 2196.
2117 2118 2198 2197.
2118 2119 2199 2198.
2119 2120 2200 2199.
2120 2121 2201 2200.
2121 2122 2202 2201.
2122 2123 2203 2202.
2123 2124 2204 2203.
2124 2125 2205 2204.
2125 2126 2206 2205.
2126 2127 2207 2206.
2127 2128 2208 2207.
2128 2129 2209 2208.
2129 2130 2210 2209.
2130 2131 2211 2210.
2131 2132 2212 2211.
2132 2133 2213 2212.
2133 2134 2214 2213.
2134 2135 2215 2214.
2135 2136 2216 2215.
2136 2137 2217 2216.
2137 2138 2218 2217.
2138 2139 2219 2218.
2139 2140 2220 2219.
2140 2141 2221 2220.
2141 2142 2222 2221.
2142 2143 2223 2222.
2143 2144 2224 2223.
2144 2145 2225 2224.
2145 2146 2226 2225.
2146 2147 2227 2226.
2147 2148 2228 2227.
2148 2149 2229 2228.
2149 2150 2230 2229.
2150 2151 2231 2230.
2151 2152 2232 2231.
2152 2153 2233 2232.
2153 2154 2234 2233.
2154 2155 2235 2234.
2155 2156 2236 2235.
2156 2157 2237 2236.
2157 2158 2238 2237.
2158 2159 2239 2238.
2159 2160 2240 2239.
2160 2081 2161 2240.
2161 2162 2242 2241.
2162 2163 2243 2242.
2163 2164 2244 2243.
2164 2165 2245 2244.
2165 2166 2246 2245.
2166 2167 2247 2246.
2167 2168 2248 2247.
2168 2169 2249 2248.
2169 2170 2250 2249.
2170 2171 2251 2250.
2171 2172 2252 2251.
2172 2173 2253 2252.
2173 2174 2254 2253.
2174 2175 2255 2254.
2175 2176 2256 2255.
2176 2177 2257 2256.
2177 2178 2258 2257.
2178 2179 2259 2258.
2179 2180 2260 2259.
2180 2181 2261 2260.
2181 2182 2262 2261.
2182 2183 2263 2262.
2183 2184 2264 2263.
2184 2185 2265 2264.
2185 2186 2266 2265.
2186 2187 2267 2266.
2187 2188 2268 2267.
2188 2189 2269 2268.
2189 2190 2270 2269.
2190 2191 2271 2270.
2191 2192 2272 2271.
2192 2193 2273 2272.
2193 2194 2274 2273.
2194 2195 2275 2274.
2195 2196 2276 2275.
2196 2197 2277 2276.
2197 2198 2278 2277.
2198 2199 2279 2278.
2199 2200 2280 2279.
2200 2201 2281 2280.
2201 2202 2282 2281.
2202 2203 2283 2282.
2203 2204 2284 2283.
2204 2205 2285 2284.
2205 2206 2286 2285.
2206 2207 2287 2286.
2207 2208 2288 2287.
2208 2209 2289 2288.
2209 2210 2290 2289.
2210 2211 2291 2290.
2211 2212 2292 2291.
2212 2213 2293 2292.
2213 2214 2294 2293.
2214 2215 2295 2294.
2215 2216 2296 2295.
2216 2217 2297 2296.
2217 2218 2298 2297.
2218 2219 2299 2298.
2219 2220 2300 2299.
2220 2221 2301 2300.
2221 2222 2302 2301.
2222 2223 2303 2302.
2223 2224 2304 2303.
2224 2225 2305 2304.
2225 2226 2306 2305.
2226 2227 2307 2306.
2227 2228 2308 2307.
2228 2229 2309 2308.
2229 2230 2310 2309.
2230 2231 2311 2310.
2231 2232 2312 2311.
2232 2233 2313 2312.
2233 2234 2314 2313.
2234 2235 2315 2314.
2235 2236 2316 2315.
2236 2237 2317 2316.
2237 2238 2318 2317.
2238 2239 2319 2318.
2239 2240 2320 2319.
2240 2161 2241 2320.
2241 2242 2322 2321.
2242 2243 2323 2322.
2243 2244 2324 2323.
2244 2245 2325 2324.
2245 2246 2326 2325.
2246 2247 2327 2326.
2247 2248 2328 2327.
2248 2249 2329 2328.
2249 2250 2330 2329.
2250 2251 2331 2330.
2251 2252 2332 2331.
2252 2253 2333 2332.
2253 2254 2334 2333.
2254 2255 2335 2334.
2255 2256 2336 2335.
2256 2257 2337 2336.
2257 2258 2338 2337.
2258 2259 2339 2338.
2259 2260 2340 2339.
2260 2261 2341 2340.
2261 2262 2342 2341.
2262 2263 2343 2342.
2263 2264 2344 2343.
2264 2265 2345 2344.
2265 2266 2346 2345.
2266 2267 2347 2346.
2267 2268 2348 2347.
2268 2269 2349 2348.
2269 2270 2350 2349.
2270 2271 2351 2350.
2271 2272 2352 2351.
2272 2273 2353 2352.
2273 2274 2354 2353.
2274 2275 2355 2354.
2275 2276 2356 2355.
2276 2277 2357 2356.
2277 2278 2358 2357.
2278 2279 2359 2358.
2279 2280 2360 2359.
2280 2281 2361 2360.
2281 2282 2362 2361.
2282 2283 2363 2362.
2283 2284 2364 2363.
2284 2285 2365 2364.
2285 2286 2366 2365.
2286 2287 2367 2366.
2287 2288 2368 2367.
2288 2289 2369 2368.
2289 2290 2370 2369.
2290 2291 2371 2370.
2291 2292 2372 2371.
2292 2293 2373 2372.
2293 2294 2374 2373.
2294 2295 2375 2374.
2295 2296 2376 2375.
2296 2297 2377 2376.
2297 2298 2378 2377.
2298 2299 2379 2378.
2299 2300 2380 2379.
2300 2301 2381 2380.
2301 2302 2382 2381.
2302 2303 2383 2382.
2303 2304 2384 2383.
2304 2305 2385 2384.
2305 2306 2386 2385.
2306 2307 2387 2386.
2307 2308 2388 2387.
2308 2309 2389 2388.
2309 2310 2390 2389.
2310 2311 2391 2390.
2311 2312 2392 2391.
2312 2313 2393 2392.
2313 2314 2394 2393.
2314 2315 2395 2394.
2315 2316 2396 2395.
2316 2317 2397 2396.
2317 2318 2398 2397.
2318 2319 2399 2398.
2319 2320 2400 2399.
2320 2241 2321 2400.
2321 2322 2402 2401.
2322 2323 2403 2402.
2323 2324 2404 2403.
2324 2325 2405 2404.
2325 2326 2406 2405.
2326 2327 2407 2406.
2327 2328 2408 2407.
2328 2329 2409 2408.
2329 2330 2410 2409.
2330 2331 2411 2410.
2331 2332 2412 2411.
2332 2333 2413 2412.
2333 2334 2414 2413.
2334 2335 2415 2414.
2335 2336 2416 2415.
2336 2337 2417 2416.
2337 2338 2418 2417.
2338 2339 2419 2418.
2339 2340 2420 2419.
2340 2341 2421 2420.
2341 2342 2422 2421.
2342 2343 2423 2422.
2343 2344 2424 2423.
2344 2345 2425 2424.
2345 2346 2426 2425.
2346 2347 2427 2426.
2347 2348 2428 2427.
2348 2349 2429 2428.
2349 2350 2430 2429.
2350 2351 2431 2430.
2351 2352 2432 2431.
2352 2353 2433 2432.
2353 2354 2434 2433.
2354 2355 2435 2434.
2355 2356 2436 2435.
2356 2357 2437 2436.
2357 2358 2438 2437.
2358 2359 2439 2438.
2359 2360 2440 2439.
2360 2361 2441 2440.
2361 2362 2442 2441.
2362 2363 2443 2442.
2363 2364 2444 2443.
2364 2365 2445 2444.
2365 2366 2446 2445.
2366 2367 2447 2446.
2367 2368 2448 2447.
2368 2369 2449 2448.
2369 2370 2450 2449.
2370 2371 2451 2450.
2371 2372 2452 2451.
2372 2373 2453 2452.
2373 2374 2454 2453.
2374 2375 2455 2454.
2375 2376 2456 2455.
2376 2377 2457 2456.
2377 2378 2458 2457.
2378 2379 2459 2458.
2379 2380 2460 2459.
2380 2381 2461 2460.
2381 2382 2462 2461.
2382 2383 2463 2462.
2383 2384 2464 2463.
2384 2385 2465 2464.
2385 2386 2466 2465.
2386 2387 2467 2466.
2387 2388 2468 2467.
2388 2389 2469 2468.
2389 2390 2470 2469.
2390 2391 2471 2470.
2391 2392 2472 2471.
2392 2393 2473 2472.
2393 2394 2474 2473.
2394 2395 2475 2474.
2395 2396 2476 2475.
2396 2397 2477 2476.
2397 2398 2478 2477.
2398 2399 2479 2478.
2399 2400 2480 2479.
2400 2321 2401 2480.
2401 2402 2482 2481.
2402 2403 2483 2482.
2403 2404 2484 2483.
2404 2405 2485 2484.
2405 2406 2486 2485.
2406 2407 2487 2486.
2407 2408 2488 2487.
2408 2409 2489 2488.
2409 2410 2490 2489.
2410 2411 2491 2490.
2411 2412 2492 2491.
2412 2413 2493 2492.
2413 2414 2494 2493.
2414 2415 2495 2494.
2415 2416 2496 2495.
2416 2417 2497 2496.
2417 2418 2498 2497.
2418 2419 2499 2498.
2419 2420 2500 2499.
2420 2421 2501 2500.
2421 2422 2502 2501.
2422 2423 2503 2502.
2423 2424 2504 2503.
2424 2425 2505 2504.
2425 2426 2506 2505.
2426 2427 2507 2506.
2427 2428 2508 2507.
2428 2429 2509 2508.
2429 2430 2510 2509.
2430 2431 2511 2510.
2431 2432 2512 2511.
2432 2433 2513 2512.
2433 2434 2514 2513.
2434 2435 2515 2514.
2435 2436 2516 2515.
2436 2437 2517 2516.
2437 2438 2518 2517.
2438 2439 2519 2518.
2439 2440 2520 2519.
2440 2441 2521 2520.
2441 2442 2522 2521.
2442 2443 2523 2522.
2443 2444 2524 2523.
2444 2445 2525 2524.
2445 2446 2526 2525.
2446 2447 2527 2526.
2447 2448 2528 2527.
2448 2449 2529 2528.
2449 2450 2530 2529.
2450 2451 2531 2530.
2451 2452 2532 2531.
2452 2453 2533 2532.
2453 2454 2534 2533.
2454 2455 2535 2534.
2455 2456 2536 2535.
2456 2457 2537 2536.
2457 2458 2538 2537.
2458 2459 2539 2538.
2459 2460 2540 2539.
2460 2461 2541 2540.
2461 2462 2542 2541.
2462 2463 2543 2542.
2463 2464 2544 2543.
2464 2465 2545 2544.
2465 2466 2546 2545.
2466 2467 2547 2546.
2467 2468 2548 2547.
2468 2469 2549 2548.
2469 2470 2550 2549.
2470 2471 2551 2550.
2471 2472 2552 2551.
2472 2473 2553 2552.
2473 2474 2554 2553.
2474 2475 2555 2554.
2475 2476 2556 2555.
2476 2477 2557 2556.
2477 2478 2558 2557.
2478 2479 2559 2558.
2479 2480 2560 2559.
2480 2401 2481 2560.
2481 2482 2562 2561.
2482 2483 2563 2562.
2483 2484 2564 2563.
2484 2485 2565 2564.
2485 2486 2566 2565.
2486 2487 2567 2566.
2487 2488 2568 2567.
2488 2489 2569 2568.
2489 2490 2570 2569.
2490 2491 2571 2570.
2491 2492 2572 2571.
2492 2493 2573 2572.
2493 2494 2574 2573.
2494 2495 2575 2574.
2495 2496 2576 2575.
2496 2497 2577 2576.
2497 2498 2578 2577.
2498 2499 2579 2578.
2499 2500 2580 2579.
2500 2501 2581 2580.
2501 2502 2582 2581.
2502 2503 2583 2582.
2503 2504 2584 2583.
2504 2505 2585 2584.
2505 2506 2586 2585.
2506 2507 2587 2586.
2507 2508 2588 2587.
2508 2509 2589 2588.
2509 2510 2590 2589.
2510 2511 2591 2590.
2511 2512 2592 2591.
2512 2513 2593 2592.
2513 2514 2594 2593.
2514 2515 2595 2594.
2515 2516 2596 2595.
2516 2517 2597 2596.
2517 2518 2598 2597.
2518 2519 2599 2598.
2519 2520 2600 2599.
2520 2521 2601 2600.
2521 2522 2602 2601.
2522 2523 2603 2602.
2523 2524 2604 2603.
2524 2525 2605 2604.
2525 2526 2606 2605.
2526 2527 2607 2606.
2527 2528 2608 2607.
2528 2529 2609 2608.
2529 2530 2610 2609.
2530 2531 2611 2610.
2531 2532 2612 2611.
2532 2533 2613 2612.
2533 2534 2614 2613.
2534 2535 2615 2614.
2535 2536 2616 2615.
2536 2537 2617 2616.
2537 2538 2618 2617.
2538 2539 2619 2618.
2539 2540 2620 2619.
2540 2541 2621 2620.
2541 2542 2622 2621.
2542 2543 2623 2622.
2543 2544 2624 2623.
2544 2545 2625 2624.
2545 2546 2626 2625.
2546 2547 2627 2626.
2547 2548 2628 2627.
2548 2549 2629 2628.
2549 2550 2630 2629.
2550 2551 2631 2630.
2551 2552 2632 2631.
2552 2553 2633 2632.
2553 2554 2634 2633.
2554 2555 2635 2634.
2555 2556 2636 2635.
2556 2557 2637 2636.
2557 2558 2638 2637.
2558 2559 2639 2638.
2559 2560 2640 2639.
2560 2481 2561 2640.
2561 2562 2642 2641.
2562 2563 2643 2642.
2563 2564 2644 2643.
2564 2565 2645 2644.
2565 2566 2646 2645.
2566 2567 2647 2646.
2567 2568 2648 2647.
2568 2569 2649 2648.
2569 2570 2650 2649.
2570 2571 2651 2650.
2571 2572 2652 2651.
2572 2573 2653 2652.
2573 2574 2654 2653.
2574 2575 2655 2654.
2575 2576 2656 2655.
2576 2577 2657 2656.
2577 2578 2658 2657.
2578 2579 2659 2658.
2579 2580 2660 2659.
2580 2581 2661 2660.
2581 2582 2662 2661.
2582 2583 2663 2662.
2583 2584 2664 2663.
2584 2585 2665 2664.
2585 2586 2666 2665.
2586 2587 2667 2666.
2587 2588 2668 2667.
2588 2589 2669 2668.
2589 2590 2670 2669.
2590 2591 2671 2670.
2591 2592 2672 2671.
2592 2593 2673 2672.
2593 2594 2674 2673.
2594 2595 2675 2674.
2595 2596 2676 2675.
2596 2597 2677 2676.
2597 2598 2678 2677.
2598 2599 2679 2678.
2599 2600 2680 2679.
2600 2601 2681 2680.
2601 2602 2682 2681.
2602 2603 2683 2682.
2603 2604 2684 2683.
2604 2605 2685 2684.
2605 2606 2686 2685.
2606 2607 2687 2686.
2607 2608 2688 2687.
2608 2609 2689 2688.
2609 2610 2690 2689.
2610 2611 2691 2690.
2611 2612 2692 2691.
2612 2613 2693 2692.
2613 2614 2694 2693.
2614 2615 2695 2694.
2615 2616 2696 2695.
2616 2617 2697 2696.
2617 2618 2698 2697.
2618 2619 2699 2698.
2619 2620 2700 2699.
2620 2621 2701 2700.
2621 2622 2702 2701.
2622 2623 2703 2702.
2623 2624 2704 2703.
2624 2625 2705 2704.
2625 2626 2706 2705.
2626 2627 2707 2706.
2627 2628 2708 2707.
2628 2629 2709 2708.
2629 2630 2710 2709.
2630 2631 2711 2710.
2631 2632 2712 2711.
2632 2633 2713 2712.
2633 2634 2714 2713.
2634 2635 2715 2714.
2635 2636 2716 2715.
2636 2637 2717 2716.
2637 2638 2718 2717.
2638 2639 2719 2718.
2639 2640 2720 2719.
2640 2561 2641 2720.
2641 2642 2722 2721.
2642 2643 2723 2722.
2643 2644 2724 2723.
2644 2645 2725 2724.
2645 2646 2726 2725.
2646 2647 2727 2726.
2647 2648 2728 2727.
2648 2649 2729 2728.
2649 2650 2730 2729.
2650 2651 2731 2730.
2651 2652 2732 2731.
2652 2653 2733 2732.
2653 2654 2734 2733.
2654 2655 2735 2734.
2655 2656 2736 2735.
2656 2657 2737 2736.
2657 2658 2738 2737.
2658 2659 2739 2738.
2659 2660 2740 2739.
2660 2661 2741 2740.
2661 2662 2742 2741.
2662 2663 2743 2742.
2663 2664 2744 2743.
2664 2665 2745 2744.
2665 2666 2746 2745.
2666 2667 2747 2746.
2667 2668 2748 2747.
2668 2669 2749 2748.
2669 2670 2750 2749.
2670 2671 2751 2750.
2671 2672 2752 2751.
2672 2673 2753 2752.
2673 2674 2754 2753.
2674 2675 2755 2754.
2675 2676 2756 2755.
2676 2677 2757 2756.
2677 2678 2758 2757.
2678 2679 2759 2758.
2679 2680 2760 2759.
2680 2681 2761 2760.
2681 2682 2762 2761.
2682 2683 2763 2762.
2683 2684 2764 2763.
2684 2685 2765 2764.
2685 2686 2766 2765.
2686 2687 2767 2766.
2687 2688 2768 2767.
2688 2689 2769 2768.
2689 2690 2770 2769.
2690 2691 2771 2770.
2691 2692 2772 2771.
2692 2693 2773 2772.
2693 2694 2774 2773.
2694 2695 2775 2774.
2695 2696 2776 2775.
2696 2697 2777 2776.
2697 2698 2778 2777.
2698 2699 2779 2778.
2699 2700 2780 2779.
2700 2701 2781 2780.
2701 2702 2782 2781.
2702 2703 2783 2782.
2703 2704 2784 2783.
2704 2705 2785 2784.
2705 2706 2786 2785.
2706 2707 2787 2786.
2707 2708 2788 2787.
2708 2709 2789 2788.
2709 2710 2790 2789.
2710 2711 2791 2790.
2711 2712 2792 2791.
2712 2713 2793 2792.
2713 2714 2794 2793.
2714 2715 2795 2794.
2715 2716 2796 2795.
2716 2717 2797 2796.
2717 2718 2798 2797.
2718 2719 2799 2798.
2719 2720 2800 2799.
2720 2641 2721 2800.
2721 2722 2802 2801.
2722 2723 2803 2802.
2723 2724 2804 2803.
2724 2725 2805 2804.
2725 2726 2806 2805.
2726 2727 2807 2806.
2727 2728 2808 2807.
2728 2729 2809 2808.
2729 2730 2810 2809.
2730 2731 2811 2810.
2731 2732 2812 2811.
2732 2733 2813 2812.
2733 2734 2814 2813.
2734 2735 2815 2814.
2735 2736 2816 2815.
2736 2737 2817 2816.
2737 2738 2818 2817.
2738 2739 2819 2818.
2739 2740 2820 2819.
2740 2741 2821 2820.
2741 2742 2822 2821.
2742 2743 2823 2822.
2743 2744 2824 2823.
2744 2745 2825 2824.
2745 2746 2826 2825.
2746 2747 2827 2826.
2747 2748 2828 2827.
2748 2749 2829 2828.
2749 2750 2830 2829.
2750 2751 2831 2830.
2751 2752 2832 2831.
2752 2753 2833 2832.
2753 2754 2834 2833.
2754 2755 2835 2834.
2755 2756 2836 2835.
2756 2757 2837 2836.
2757 2758 2838 2837.
2758 2759 2839 2838.
2759 2760 2840 2839.
2760 2761 2841 2840.
2761 2762 2842 2841.
2762 2763 2843 2842.
2763 2764 2844 2843.
2764 2765 2845 2844.
2765 2766 2846 2845.
2766 2767 2847 2846.
2767 2768 2848 2847.
2768 2769 2849 2848.
2769 2770 2850 2849.
2770 2771 2851 2850.
2771 2772 2852 2851.
2772 2773 2853 2852.
2773 2774 2854 2853.
2774 2775 2855 2854.
2775 2776 2856 2855.
2776 2777 2857 2856.
2777 2778 2858 2857.
2778 2779 2859 2858.
2779 2780 2860 2859.
2780 2781 2861 2860.
2781 2782 2862 2861.
2782 2783 2863 2862.
2783 2784 2864 2863.
2784 2785 2865 2864.
2785 2786 2866 2865.
2786 2787 2867 2866.
2787 2788 2868 2867.
2788 2789 2869 2868.
2789 2790 2870 2869.
2790 2791 2871 2870.
2791 2792 2872 2871.
2792 2793 2873 2872.
2793 2794 2874 2873.
2794 2795 2875 2874.
2795 2796 2876 2875.
2796 2797 2877 2876.
2797 2798 2878 2877.
2798 2799 2879 2878.
2799 2800 2880 2879.
2800 2721 2801 2880.
2801 2802 2882 2881.
2802 2803 2883 2882.
2803 2804 2884 2883.
2804 2805 2885 2884.
2805 2806 2886 2885.
2806 2807 2887 2886.
2807 2808 2888 2887.
2808 2809 2889 2888.
2809 2810 2890 2889.
2810 2811 2891 2890.
2811 2812 2892 2891.
2812 2813 2893 2892.
2813 2814 2894 2893.
2814 2815 2895 2894.
2815 2816 2896 2895.
2816 2817 2897 2896.
2817 2818 2898 2897.
2818 2819 2899 2898.
2819 2820 2900 2899.
2820 2821 2901 2900.
2821 2822 2902 2901.
2822 2823 2903 2902.
2823 2824 2904 2903.
2824 2825 2905 2904.
2825 2826 2906 2905.
2826 2827 2907 2906.
2827 2828 2908 2907.
2828 2829 2909 2908.
2829 2830 2910 2909.
2830 2831 2911 2910.
2831 2832 2912 2911.
2832 2833 2913 2912.
2833 2834 2914 2913.
2834 2835 2915 2914.
2835 2836 2916 2915.
2836 2837 2917 2916.
2837 2838 2918 2917.
2838 2839 2919 2918.
2839 2840 2920 2919.
2840 2841 2921 2920.
2841 2842 2922 2921.
2842 2843 2923 2922.
2843 2844 2924 2923.
2844 2845 2925 2924.
2845 2846 2926 2925.
2846 2847 2927 2926.
2847 2848 2928 2927.
2848 2849 2929 2928.
2849 2850 2930 2929.
2850 2851 2931 2930.
2851 2852 2932 2931.
2852 2853 2933 2932.
2853 2854 2934 2933.
2854 2855 2935 2934.
2855 2856 2936 2935.
2856 2857 2937 2936.
2857 2858 2938 2937.
2858 2859 2939 2938.
2859 2860 2940 2939.
2860 2861 2941 2940.
2861 2862 2942 2941.
2862 2863 2943 2942.
2863 2864 2944 2943.
2864 2865 2945 2944.
2865 2866 2946 2945.
2866 2867 2947 2946.
2867 2868 2948 2947.
2868 2869 2949 2948.
2869 2870 2950 2949.
2870 2871 2951 2950.
2871 2872 2952 2951.
2872 2873 2953 2952.
2873 2874 2954 2953.
2874 2875 2955 2954.
2875 2876 2956 2955.
2876 2877 2957 2956.
2877 2878 2958 2957.
2878 2879 2959 2958.
2879 2880 2960 2959.
2880 2801 2881 2960.
2881 2882 2962 2961.
2882 2883 2963 2962.
2883 2884 2964 2963.
2884 2885 2965 2964.
2885 2886 2966 2965.
2886 2887 2967 2966.
2887 2888 2968 2967.
2888 2889 2969 2968.
2889 2890 2970 2969.
2890 2891 2971 2970.
2891 2892 2972 2971.
2892 2893 2973 2972.
2893 2894 2974 2973.
2894 2895 2975 2974.
2895 2896 2976 2975.
2896 2897 2977 2976.
2897 2898 2978 2977.
2898 2899 2979 2978.
2899 2900 2980 2979.
2900 2901 2981 2980.
2901 2902 2982 2981.
2902 2903 2983 2982.
2903 2904 2984 2983.
2904 2905 2985 2984.
2905 2906 2986 2985.
2906 2907 2987 2986.
2907 2908 2988 2987.
2908 2909 2989 2988.
2909 2910 2990 2989.
2910 2911 2991 2990.
2911 2912 2992 2991.
2912 2913 2993 2992.
2913 2914 2994 2993.
2914 2915 2995 2994.
2915 2916 2996 2995.
2916 2917 2997 2996.
2917 2918 2998 2997.
2918 2919 2999 2998.
2919 2920 3000 2999.
2920 2921 3001 3000.
2921 2922 3002 3001.
2922 2923 3003 3002.
2923 2924 3004 3003.
2924 2925 3005 3004.
2925 2926 3006 3005.
2926 2927 3007 3006.
2927 2928 3008 3007.
2928 2929 3009 3008.
2929 2930 3010 3009.
2930 2931 3011 3010.
2931 2932 3012 3011.
2932 2933 3013 3012.
2933 2934 3014 3013.
2934 2935 3015 3014.
2935 2936 3016 3015.
2936 2937 3017 3016.
2937 2938 3018 3017.
2938 2939 3019 3018.
2939 2940 3020 3019.
2940 2941 3021 3020.
2941 2942 3022 3021.
2942 2943 3023 3022.
2943 2944 3024 3023.
2944 2945 3025 3024.
2945 2946 3026 3025.
2946 2947 3027 3026.
2947 2948 3028 3027.
2948 2949 3029 3028.
2949 2950 3030 3029.
2950 2951 3031 3030.
2951 2952 3032 3031.
2952 2953 3033 3032.
2953 2954 3034 3033.
2954 2955 3035 3034.
2955 2956 3036 3035.
2956 2957 3037 3036.
2957 2958 3038 3037.
2958 2959 3039 3038.
2959 2960 3040 3039.
2960 2881 2961 3040.
2961 2962 3042 3041.
2962 2963 3043 3042.
2963 2964 3044 3043.
2964 2965 3045 3044.
2965 2966 3046 3045.
2966 2967 3047 3046.
2967 2968 3048 3047.
2968 2969 3049 3048.
2969 2970 3050 3049.
2970 2971 3051 3050.
2971 2972 3052 3051.
2972 2973 3053 3052.
2973 2974 3054 3053.
2974 2975 3055 3054.
2975 2976 3056 3055.
2976 2977 3057 3056.
2977 2978 3058 3057.
2978 2979 3059 3058.
2979 2980 3060 3059.
2980 2981 3061 3060.
2981 2982 3062 3061.
2982 2983 3063 3062.
2983 2984 3064 3063.
2984 2985 3065 3064.
2985 2986 3066 3065.
2986 2987 3067 3066.
2987 2988 3068 3067.
2988 2989 3069 3068.
2989 2990 3070 3069.
2990 2991 3071 3070.
2991 2992 3072 3071.
2992 2993 3073 3072.
2993 2994 3074 3073.
2994 2995 3075 3074.
2995 2996 3076 3075.
2996 2997 3077 3076.
2997 2998 3078 3077.
2998 2999 3079 3078.
2999 3000 3080 3079.
3000 3001 3081 3080.
3001 3002 3082 3081.
3002 3003 3083 3082.
3003 3004 3084 3083.
3004 3005 3085 3084.
3005 3006 3086 3085.
3006 3007 3087 3086.
3007 3008 3088 3087.
3008 3009 3089 3088.
3009 3010 3090 3089.
3010 3011 3091 3090.
3011 3012 3092 3091.
3012 3013 3093 3092.
3013 3014 3094 3093.
3014 3015 3095 3094.
3015 3016 3096 3095.
3016 3017 3097 3096.
3017 3018 3098 3097.
3018 3019 3099 3098.
3019 3020 3100 3099.
3020 3021 3101 3100.
3021 3022 3102 3101.
3022 3023 3103 3102.
3023 3024 3104 3103.
3024 3025 3105 3104.
3025 3026 3106 3105.
3026 3027 3107 3106.
3027 3028 3108 3107.
3028 3029 3109 3108.
3029 3030 3110 3109.
3030 3031 3111 3110.
3031 3032 3112 3111.
3032 3033 3113 3112.
3033 3034 3114 3113.
3034 3035 3115 3114.
3035 3036 3116 3115.
3036 3037 3117 3116.
3037 3038 3118 3117.
3038 3039 3119 3118.
3039 3040 3120 3119.
3040 2961 3041 3120.
3041 3042 3122 3121.
3042 3043 3123 3122.
3043 3044 3124 3123.
3044 3045 3125 3124.
3045 3046 3126 3125.
3046 3047 3127 3126.
3047 3048 3128 3127.
3048 3049 3129 3128.
3049 3050 3130 3129.
3050 3051 3131 3130.
3051 3052 3132 3131.
3052 3053 3133 3132.
3053 3054 3134 3133.
3054 3055 3135 3134.
3055 3056 3136 3135.
3056 3057 3137 3136.
3057 3058 3138 3137.
3058 3059 3139 3138.
3059 3060 3140 3139.
3060 3061 3141 3140.
3061 3062 3142 3141.
3062 3063 3143 3142.
3063 3064 3144 3143.
3064 3065 3145 3144.
3065 3066 3146 3145.
3066 3067 3147 3146.
3067 3068 3148 3147.
3068 3069 3149 3148.
3069 3070 3150 3149.
3070 3071 3151 3150.
3071 3072 3152 3151.
3072 3073 3153 3152.
3073 3074 3154 3153.
3074 3075 3155 3154.
3075 3076 3156 3155.
3076 3077 3157 3156.
3077 3078 3158 3157.
3078 3079 3159 3158.
3079 3080 3160 3159.
3080 3081 3161 3160.
3081 3082 3162 3161.
3082 3083 3163 3162.
3083 3084 3164 3163.
3084 3085 3165 3164.
3085 3086 3166 3165.
3086 3087 3167 3166.
3087 3088 3168 3167.
3088 3089 3169 3168.
3089 3090 3170 3169.
3090 3091 3171 3170.
3091 3092 3172 3171.
3092 3093 3173 3172.
3093 3094 3174 3173.
3094 3095 3175 3174.
3095 3096 3176 3175.
3096 3097 3177 3176.
3097 3098 3178 3177.
3098 3099 3179 3178.
3099 3100 3180 3179.
3100 3101 3181 3180.
3101 3102 3182 3181.
3102 3103 3183 3182.
3103 3104 3184 3183.
3104 3105 3185 3184.
3105 3106 3186 3185.
3106 3107 3187 3186.
3107 3108 3188 3187.
3108 3109 3189 3188.
3109 3110 3190 3189.
3110 3111 3191 3190.
3111 3112 3192 3191.
3112 3113 3193 3192.
3113 3114 3194 3193.
3114 3115 3195 3194.
3115 3116 3196 3195.
3116 3117 3197 3196.
3117 3118 3198 3197.
3118 3119 3199 3198.
3119 3120 3200 3199.
3120 3041 3121 3200.
3121 3122 3202 3201.
3122 3123 3203 3202.
3123 3124 3204 3203.
3124 3125 3205 3204.
3125 3126 3206 3205.
3126 3127 3207 3206.
3127 3128 3208 3207.
3128 3129 3209 3208.
3129 3130 3210 3209.
3130 3131 3211 3210.
3131 3132 3212 3211.
3132 3133 3213 3212.
3133 3134 3214 3213.
3134 3135 3215 3214.
3135 3136 3216 3215.
3136 3137 3217 3216.
3137 3138 3218 3217.
3138 3139 3219 3218.
3139 3140 3220 3219.
3140 3141 3221 3220.
3141 3142 3222 3221.
3142 3143 3223 3222.
3143 3144 3224 3223.
3144 3145 3225 3224.
3145 3146 3226 3225.
3146 3147 3227 3226.
3147 3148 3228 3227.
3148 3149 3229 3228.
3149 3150 3230 3229.
3150 3151 3231 3230.
3151 3152 3232 3231.
3152 3153 3233 3232.
3153 3154 3234 3233.
3154 3155 3235 3234.
3155 3156 3236 3235.
3156 3157 3237 3236.
3157 3158 3238 3237.
3158 3159 3239 3238.
3159 3160 3240 3239.
3160 3161 3241 3240.
3161 3162 3242 3241.
3162 3163 3243 3242.
3163 3164 3244 3243.
3164 3165 3245 3244.
3165 3166 3246 3245.
3166 3167 3247 3246.
3167 3168 3248 3247.
3168 3169 3249 3248.
3169 3170 3250 3249.
3170 3171 3251 3250.
3171 3172 3252 3251.
3172 3173 3253 3252.
3173 3174 3254 3253.
3174 3175 3255 3254.
3175 3176 3256 3255.
3176 3177 3257 3256.
3177 3178 3258 3257.
3178 3179 3259 3258.
3179 3180 3260 3259.
3180 3181 3261 3260.
3181 3182 3262 3261.
3182 3183 3263 3262.
3183 3184 3264 3263.
3184 3185 3265 3264.
3185 3186 3266 3265.
3186 3187 3267 3266.
3187 3188 3268 3267.
3188 3189 3269 3268.
3189 3190 3270 3269.
3190 3191 3271 3270.
3191 3192 3272 3271.
3192 3193 3273 3272.
3193 3194 3274 3273.
3194 3195 3275 3274.
3195 3196 3276 3275.
3196 3197 3277 3276.
3197 3198 3278 3277.
3198 3199 3279 3278.
3199 3200 3280 3279.
3200 3121 3201 3280.
3201 3202 3282 3281.
3202 3203 3283 3282.
3203 3204 3284 3283.
3204 3205 3285 3284.
3205 3206 3286 3285.
3206 3207 3287 3286.
3207 3208 3288 3287.
3208 3209 3289 3288.
3209 3210 3290 3289.
3210 3211 3291 3290.
3211 3212 3292 3291.
3212 3213 3293 3292.
3213 3214 3294 3293.
3214 3215 3295 3294.
3215 3216 3296 3295.
3216 3217 3297 3296.
3217 3218 3298 3297.
3218 3219 3299 3298.
3219 3220 3300 3299.
3220 3221 3301 3300.
3221 3222 3302 3301.
3222 3223 3303 3302.
3223 3224 3304 3303.
3224 3225 3305 3304.
3225 3226 3306 3305.
3226 3227 3307 3306.
3227 3228 3308 3307.
3228 3229 3309 3308.
3229 3230 3310 3309.
3230 3231 3311 3310.
3231 3232 3312 3311.
3232 3233 3313 3312.
3233 3234 3314 3313.
3234 3235 3315 3314.
3235 3236 3316 3315.
3236 3237 3317 3316.
3237 3238 3318 3317.
3238 3239 3319 3318.
3239 3240 3320 3319.
3240 3241 3321 3320.
3241 3242 3322 3321.
3242 3243 3323 3322.
3243 3244 3324 3323.
3244 3245 3325 3324.
3245 3246 3326 3325.
3246 3247 3327 3326.
3247 3248 3328 3327.
3248 3249 3329 3328.
3249 3250 3330 3329.
3250 3251 3331 3330.
3251 3252 3332 3331.
3252 3253 3333 3332.
3253 3254 3334 3333.
3254 3255 3335 3334.
3255 3256 3336 3335.
3256 3257 3337 3336.
3257 3258 3338 3337.
3258 3259 3339 3338.
3259 3260 3340 3339.
3260 3261 3341 3340.
3261 3262 3342 3341.
3262 3263 3343 3342.
3263 3264 3344 3343.
3264 3265 3345 3344.
3265 3266 3346 3345.
3266 3267 3347 3346.
3267 3268 3348 3347.
3268 3269 3349 3348.
3269 3270 3350 3349.
3270 3271 3351 3350.
3271 3272 3352 3351.
3272 3273 3353 3352.
3273 3274 3354 3353.
3274 3275 3355 3354.
3275 3276 3356 3355.
3276 3277 3357 3356.
3277 3278 3358 3357.
3278 3279 3359 3358.
3279 3280 3360 3359.
3280 3201 3281 3360.
3281 3282 3362 3361.
3282 3283 3363 3362.
3283 3284 3364 3363.
3284 3285 3365 3364.
3285 3286 3366 3365.
3286 3287 3367 3366.
3287 3288 3368 3367.
3288 3289 3369 3368.
3289 3290 3370 3369.
3290 3291 3371 3370.
3291 3292 3372 3371.
3292 3293 3373 3372.
3293 3294 3374 3373.
3294 3295 3375 3374.
3295 3296 3376 3375.
3296 3297 3377 3376.
3297 3298 3378 3377.
3298 3299 3379 3378.
3299 3300 3380 3379.
3300 3301 3381 3380.
3301 3302 3382 3381.
3302 3303 3383 3382.
3303 3304 3384 3383.
3304 3305 3385 3384.
3305 3306 3386 3385.
3306 3307 3387 3386.
3307 3308 3388 3387.
3308 3309 3389 3388.
3309 3310 3390 3389.
3310 3311 3391 3390.
3311 3312 3392 3391.
3312 3313 3393 3392.
3313 3314 3394 3393.
3314 3315 3395 3394.
3315 3316 3396 3395.
3316 3317 3397 3396.
3317 3318 3398 3397.
3318 3319 3399 3398.
3319 3320 3400 3399.
3320 3321 3401 3400.
3321 3322 3402 3401.
3322 3323 3403 3402.
3323 3324 3404 3403.
3324 3325 3405 3404.
3325 3326 3406 3405.
3326 3327 3407 3406.
3327 3328 3408 3407.
3328 3329 3409 3408.
3329 3330 3410 3409.
3330 3331 3411 3410.
3331 3332 3412 3411.
3332 3333 3413 3412.
3333 3334 3414 3413.
3334 3335 3415 3414.
3335 3336 3416 3415.
3336 3337 3417 3416.
3337 3338 3418 3417.
3338 3339 3419 3418.
3339 3340 3420 3419.
3340 3341 3421 3420.
3341 3342 3422 3421.
3342 3343 3423 3422.
3343 3344 3424 3423.
3344 3345 3425 3424.
3345 3346 3426 3425.
3346 3347 3427 3426.
3347 3348 3428 3427.
3348 3349 3429 3428.
3349 3350 3430 3429.
3350 3351 3431 3430.
3351 3352 3432 3431.
3352 3353 3433 3432.
3353 3354 3434 3433.
3354 3355 3435 3434.
3355 3356 3436 3435.
3356 3357 3437 3436.
3357 3358 3438 3437.
3358 3359 3439 3438.
3359 3360 3440 3439.
3360 3281 3361 3440.
3361 3362 3442 3441.
3362 3363 3443 3442.
3363 3364 3444 3443.
3364 3365 3445 3444.
3365 3366 3446 3445.
3366 3367 3447 3446.
3367 3368 3448 3447.
3368 3369 3449 3448.
3369 3370 3450 3449.
3370 3371 3451 3450.
3371 3372 3452 3451.
3372 3373 3453 3452.
3373 3374 3454 3453.
3374 3375 3455 3454.
3375 3376 3456 3455.
3376 3377 3457 3456.
3377 3378 3458 3457.
3378 3379 3459 3458.
3379 3380 3460 3459.
3380 3381 3461 3460.
3381 3382 3462 3461.
3382 3383 3463 3462.
3383 3384 3464 3463.
3384 3385 3465 3464.
3385 3386 3466 3465.
3386 3387 3467 3466.
3387 3388 3468 3467.
3388 3389 3469 3468.
3389 3390 3470 3469.
3390 3391 3471 3470.
3391 3392 3472 3471.
3392 3393 3473 3472.
3393 3394 3474 3473.
3394 3395 3475 3474.
3395 3396 3476 3475.
3396 3397 3477 3476.
3397 3398 3478 3477.
3398 3399 3479 3478.
3399 3400 3480 3479.
3400 3401 3481 3480.
3401 3402 3482 3481.
3402 3403 3483 3482.
3403 3404 3484 3483.
3404 3405 3485 3484.
3405 3406 3486 3485.
3406 3407 3487 3486.
3407 3408 3488 3487.
3408 3409 3489 3488.
3409 3410 3490 3489.
3410 3411 3491 3490.
3411 3412 3492 3491.
3412 3413 3493 3492.
3413 3414 3494 3493.
3414 3415 3495 3494.
3415 3416 3496 3495.
3416 3417 3497 3496.
3417 3418 3498 3497.
3418 3419 3499 3498.
3419 3420 3500 3499.
3420 3421 3501 3500.
3421 3422 3502 3501.
3422 3423 3503 3502.
3423 3424 3504 3503.
3424 3425 3505 3504.
3425 3426 3506 3505.
3426 3427 3507 3506.
3427 3428 3508 3507.
3428 3429 3509 3508.
3429 3430 3510 3509.
3430 3431 3511 3510.
3431 3432 3512 3511.
3432 3433 3513 3512.
3433 3434 3514 3513.
3434 3435 3515 3514.
3435 3436 3516 3515.
3436 3437 3517 3516.
3437 3438 3518 3517.
3438 3439 3519 3518.
3439 3440 3520 3519.
3440 3361 3441 3520.
3441 3442 3522 3521.
3442 3443 3523 3522.
3443 3444 3524 3523.
3444 3445 3525 3524.
3445 3446 3526 3525.
3446 3447 3527 3526.
3447 3448 3528 3527.
3448 3449 3529 3528.
3449 3450 3530 3529.
3450 3451 3531 3530.
3451 3452 3532 3531.
3452 3453 3533 3532.
3453 3454 3534 3533.
3454 3455 3535 3534.
3455 3456 3536 3535.
3456 3457 3537 3536.
3457 3458 3538 3537.
3458 3459 3539 3538.
3459 3460 3540 3539.
3460 3461 3541 3540.
3461 3462 3542 3541.
3462 3463 3543 3542.
3463 3464 3544 3543.
3464 3465 3545 3544.
3465 3466 3546 3545.
3466 3467 3547 3546.
3467 3468 3548 3547.
3468 3469 3549 3548.
3469 3470 3550 3549.
3470 3471 3551 3550.
3471 3472 3552 3551.
3472 3473 3553 3552.
3473 3474 3554 3553.
3474 3475 3555 3554.
3475 3476 3556 3555.
3476 3477 3557 3556.
3477 3478 3558 3557.
3478 3479 3559 3558.
3479 3480 3560 3559.
3480 3481 3561 3560.
3481 3482 3562 3561.
3482 3483 3563 3562.
3483 3484 3564 3563.
3484 3485 3565 3564.
3485 3486 3566 3565.
3486 3487 3567 3566.
3487 3488 3568 3567.
3488 3489 3569 3568.
3489 3490 3570 3569.
3490 3491 3571 3570.
3491 3492 3572 3571.
3492 3493 3573 3572.
3493 3494 3574 3573.
3494 3495 3575 3574.
3495 3496 3576 3575.
3496 3497 3577 3576.
3497 3498 3578 3577.
3498 3499 3579 3578.
3499 3500 3580 3579.
3500 3501 3581 3580.
3501 3502 3582 3581.
3502 3503 3583 3582.
3503 3504 3584 3583.
3504 3505 3585 3584.
3505 3506 3586 3585.
3506 3507 3587 3586.
3507 3508 3588 3587.
3508 3509 3589 3588.
3509 3510 3590 3589.
3510 3511 3591 3590.
3511 3512 3592 3591.
3512 3513 3593 3592.
3513 3514 3594 3593.
3514 3515 3595 3594.
3515 3516 3596 3595.
3516 3517 3597 3596.
3517 3518 3598 3597.
3518 3519 3599 3598.
3519 3520 3600 3599.
3520 3441 3521 3600.
3521 3522 3602 3601.
3522 3523 3603 3602.
3523 3524 3604 3603.
3524 3525 3605 3604.
3525 3526 3606 3605.
3526 3527 3607 3606.
3527 3528 3608 3607.
3528 3529 3609 3608.
3529 3530 3610 3609.
3530 3531 3611 3610.
3531 3532 3612 3611.
3532 3533 3613 3612.
3533 3534 3614 3613.
3534 3535 3615 3614.
3535 3536 3616 3615.
3536 3537 3617 3616.
3537 3538 3618 3617.
3538 3539 3619 3618.
3539 3540 3620 3619.
3540 3541 3621 3620.
3541 3542 3622 3621.
3542 3543 3623 3622.
3543 3544 3624 3623.
3544 3545 3625 3624.
3545 3546 3626 3625.
3546 3547 3627 3626.
3547 3548 3628 3627.
3548 3549 3629 3628.
3549 3550 3630 3629.
3550 3551 3631 3630.
3551 3552 3632 3631.
3552 3553 3633 3632.
3553 3554 3634 3633.
3554 3555 3635 3634.
3555 3556 3636 3635.
3556 3557 3637 3636.
3557 3558 3638 3637.
3558 3559 3639 3638.
3559 3560 3640 3639.
3560 3561 3641 3640.
3561 3562 3642 3641.
3562 3563 3643 3642.
3563 3564 3644 3643.
3564 3565 3645 3644.
3565 3566 3646 3645.
3566 3567 3647 3646.
3567 3568 3648 3647.
3568 3569 3649 3648.
3569 3570 3650 3649.
3570 3571 3651 3650.
3571 3572 3652 3651.
3572 3573 3653 3652.
3573 3574 3654 3653.
3574 3575 3655 3654.
3575 3576 3656 3655.
3576 3577 3657 3656.
3577 3578 3658 3657.
3578 3579 3659 3658.
3579 3580 3660 3659.
3580 3581 3661 3660.
3581 3582 3662 3661.
3582 3583 3663 3662.
3583 3584 3664 3663.
3584 3585 3665 3664.
3585 3586 3666 3665.
3586 3587 3667 3666.
3587 3588 3668 3667.
3588 3589 3669 3668.
3589 3590 3670 3669.
3590 3591 3671 3670.
3591 3592 3672 3671.
3592 3593 3673 3672.
3593 3594 3674 3673.
3594 3595 3675 3674.
3595 3596 3676 3675.
3596 3597 3677 3676.
3597 3598 3678 3677.
3598 3599 3679 3678.
3599 3600 3680 3679.
3600 3521 3601 3680.
3601 3602 3682 3681.
3602 3603 3683 3682.
3603 3604 3684 3683.
3604 3605 3685 3684.
3605 3606 3686 3685.
3606 3607 3687 3686.
3607 3608 3688 3687.
3608 3609 3689 3688.
3609 3610 3690 3689.
3610 3611 3691 3690.
3611 3612 3692 3691.
3612 3613 3693 3692.
3613 3614 3694 3693.
3614 3615 3695 3694.
3615 3616 3696 3695.
3616 3617 3697 3696.
3617 3618 3698 3697.
3618 3619 3699 3698.
3619 3620 3700 3699.
3620 3621 3701 3700.
3621 3622 3702 3701.
3622 3623 3703 3702.
3623 3624 3704 3703.
3624 3625 3705 3704.
3625 3626 3706 3705.
3626 3627 3707 3706.
3627 3628 3708 3707.
3628 3629 3709 3708.
3629 3630 3710 3709.
3630 3631 3711 3710.
3631 3632 3712 3711.
3632 3633 3713 3712.
3633 3634 3714 3713.
3634 3635 3715 3714.
3635 3636 3716 3715.
3636 3637 3717 3716.
3637 3638 3718 3717.
3638 3639 3719 3718.
3639 3640 3720 3719.
3640 3641 3721 3720.
3641 3642 3722 3721.
3642 3643 3723 3722.
3643 3644 3724 3723.
3644 3645 3725 3724.
3645 3646 3726 3725.
3646 3647 3727 3726.
3647 3648 3728 3727.
3648 3649 3729 3728.
3649 3650 3730 3729.
3650 3651 3731 3730.
3651 3652 3732 3731.
3652 3653 3733 3732.
3653 3654 3734 3733.
3654 3655 3735 3734.
3655 3656 3736 3735.
3656 3657 3737 3736.
3657 3658 3738 3737.
3658 3659 3739 3738.
3659 3660 3740 3739.
3660 3661 3741 3740.
3661 3662 3742 3741.
3662 3663 3743 3742.
3663 3664 3744 3743.
3664 3665 3745 3744.
3665 3666 3746 3745.
3666 3667 3747 3746.
3667 3668 3748 3747.
3668 3669 3749 3748.
3669 3670 3750 3749.
3670 3671 3751 3750.
3671 3672 3752 3751.
3672 3673 3753 3752.
3673 3674 3754 3753.
3674 3675 3755 3754.
3675 3676 3756 3755.
3676 3677 3757 3756.
3677 3678 3758 3757.
3678 3679 3759 3758.
3679 3680 3760 3759.
3680 3601 3681 3760.
3681 3682 3762 3761.
3682 3683 3763 3762.
3683 3684 3764 3763.
3684 3685 3765 3764.
3685 3686 3766 3765.
3686 3687 3767 3766.
3687 3688 3768 3767.
3688 3689 3769 3768.
3689 3690 3770 3769.
3690 3691 3771 3770.
3691 3692 3772 3771.
3692 3693 3773 3772.
3693 3694 3774 3773.
3694 3695 3775 3774.
3695 3696 3776 3775.
3696 3697 3777 3776.
3697 3698 3778 3777.
3698 3699 3779 3778.
3699 3700 3780 3779.
3700 3701 3781 3780.
3701 3702 3782 3781.
3702 3703 3783 3782.
3703 3704 3784 3783.
3704 3705 3785 3784.
3705 3706 3786 3785.
3706 3707 3787 3786.
3707 3708 3788 3787.
3708 3709 3789 3788.
3709 3710 3790 3789.
3710 3711 3791 3790.
3711 3712 3792 3791.
3712 3713 3793 3792.
3713 3714 3794 3793.
3714 3715 3795 3794.
3715 3716 3796 3795.
3716 3717 3797 3796.
3717 3718 3798 3797.
3718 3719 3799 3798.
3719 3720 3800 3799.
3720 3721 3801 3800.
3721 3722 3802 3801.
3722 3723 3803 3802.
3723 3724 3804 3803.
3724 3725 3805 3804.
3725 3726 3806 3805.
3726 3727 3807 3806.
3727 3728 3808 3807.
3728 3729 3809 3808.
3729 3730 3810 3809.
3730 3731 3811 3810.
3731 3732 3812 3811.
3732 3733 3813 3812.
3733 3734 3814 3813.
3734 3735 3815 3814.
3735 3736 3816 3815.
3736 3737 3817 3816.
3737 3738 3818 3817.
3738 3739 3819 3818.
3739 3740 3820 3819.
3740 3741 3821 3820.
3741 3742 3822 3821.
3742 3743 3823 3822.
3743 3744 3824 3823.
3744 3745 3825 3824.
3745 3746 3826 3825.
3746 3747 3827 3826.
3747 3748 3828 3827.
3748 3749 3829 3828.
3749 3750 3830 3829.
3750 3751 3831 3830.
3751 3752 3832 3831.
3752 3753 3833 3832.
3753 3754 3834 3833.
3754 3755 3835 3834.
3755 3756 3836 3835.
3756 3757 3837 3836.
3757 3758 3838 3837.
3758 3759 3839 3838.
3759 3760 3840 3839.
3760 3681 3761 3840.
3761 3762 3842 3841.
3762 3763 3843 3842.
3763 3764 3844 3843.
3764 3765 3845 3844.
3765 3766 3846 3845.
3766 3767 3847 3846.
3767 3768 3848 3847.
3768 3769 3849 3848.
3769 3770 3850 3849.
3770 3771 3851 3850.
3771 3772 3852 3851.
3772 3773 3853 3852.
3773 3774 3854 3853.
3774 3775 3855 3854.
3775 3776 3856 3855.
3776 3777 3857 3856.
3777 3778 3858 3857.
3778 3779 3859 3858.
3779 3780 3860 3859.
3780 3781 3861 3860.
3781 3782 3862 3861.
3782 3783 3863 3862.
3783 3784 3864 3863.
3784 3785 3865 3864.
3785 3786 3866 3865.
3786 3787 3867 3866.
3787 3788 3868 3867.
3788 3789 3869 3868.
3789 3790 3870 3869.
3790 3791 3871 3870.
3791 3792 3872 3871.
3792 3793 3873 3872.
3793 3794 3874 3873.
3794 3795 3875 3874.
3795 3796 3876 3875.
3796 3797 3877 3876.
3797 3798 3878 3877.
3798 3799 3879 3878.
3799 3800 3880 3879.
3800 3801 3881 3880.
3801 3802 3882 3881.
3802 3803 3883 3882.
3803 3804 3884 3883.
3804 3805 3885 3884.
3805 3806 3886 3885.
3806 3807 3887 3886.
3807 3808 3888 3887.
3808 3809 3889 3888.
3809 3810 3890 3889.
3810 3811 3891 3890.
3811 3812 3892 3891.
3812 3813 3893 3892.
3813 3814 3894 3893.
3814 3815 3895 3894.
3815 3816 3896 3895.
3816 3817 3897 3896.
3817 3818 3898 3897.
3818 3819 3899 3898.
3819 3820 3900 3899.
3820 3821 3901 3900.
3821 3822 3902 3901.
3822 3823 3903 3902.
3823 3824 3904 3903.
3824 3825 3905 3904.
3825 3826 3906 3905.
3826 3827 3907 3906.
3827 3828 3908 3907.
3828 3829 3909 3908.
3829 3830 3910 3909.
3830 3831 3911 3910.
3831 3832 3912 3911.
3832 3833 3913 3912.
3833 3834 3914 3913.
3834 3835 3915 3914.
3835 3836 3916 3915.
3836 3837 3917 3916.
3837 3838 3918 3917.
3838 3839 3919 3918.
3839 3840 3920 3919.
3840 3761 3841 3920.
3841 3842 3922 3921.
3842 3843 3923 3922.
3843 3844 3924 3923.
3844 3845 3925 3924.
3845 3846 3926 3925.
3846 3847 3927 3926.
3847 3848 3928 3927.
3848 3849 3929 3928.
3849 3850 3930 3929.
3850 3851 3931 3930.
3851 3852 3932 3931.
3852 3853 3933 3932.
3853 3854 3934 3933.
3854 3855 3935 3934.
3855 3856 3936 3935.
3856 3857 3937 3936.
3857 3858 3938 3937.
3858 3859 3939 3938.
3859 3860 3940 3939.
3860 3861 3941 3940.
3861 3862 3942 3941.
3862 3863 3943 3942.
3863 3864 3944 3943.
3864 3865 3945 3944.
3865 3866 3946 3945.
3866 3867 3947 3946.
3867 3868 3948 3947.
3868 3869 3949 3948.
3869 3870 3950 3949.
3870 3871 3951 3950.
3871 3872 3952 3951.
3872 3873 3953 3952.
3873 3874 3954 3953.
3874 3875 3955 3954.
3875 3876 3956 3955.
3876 3877 3957 3956.
3877 3878 3958 3957.
3878 3879 3959 3958.
3879 3880 3960 3959.
3880 3881 3961 3960.
3881 3882 3962 3961.
3882 3883 3963 3962.
3883 3884 3964 3963.
3884 3885 3965 3964.
3885 3886 3966 3965.
3886 3887 3967 3966.
3887 3888 3968 3967.
3888 3889 3969 3968.
3889 3890 3970 3969.
3890 3891 3971 3970.
3891 3892 3972 3971.
3892 3893 3973 3972.
3893 3894 3974 3973.
3894 3895 3975 3974.
3895 3896 3976 3975.
3896 3897 3977 3976.
3897 3898 3978 3977.
3898 3899 3979 3978.
3899 3900 3980 3979.
3900 3901 3981 3980.
3901 3902 3982 3981.
3902 3903 3983 3982.
3903 3904 3984 3983.
3904 3905 3985 3984.
3905 3906 3986 3985.
3906 3907 3987 3986.
3907 3908 3988 3987.
3908 3909 3989 3988.
3909 3910 3990 3989.
3910 3911 3991 3990.
3911 3912 3992 3991.
3912 3913 3993 3992.
3913 3914 3994 3993.
3914 3915 3995 3994.
3915 3916 3996 3995.
3916 3917 3997 3996.
3917 3918 3998 3997.
3918 3919 3999 3998.
3919 3920 4000 3999.
3920 3841 3921 4000.
3921 3922 4002 4001.
3922 3923 4003 4002.
3923 3924 4004 4003.
3924 3925 4005 4004.
3925 3926 4006 4005.
3926 3927 4007 4006.
3927 3928 4008 4007.
3928 3929 4009 4008.
3929 3930 4010 4009.
3930 3931 4011 4010.
3931 3932 4012 4011.
3932 3933 4013 4012.
3933 3934 4014 4013.
3934 3935 4015 4014.
3935 3936 4016 4015.
3936 3937 4017 4016.
3937 3938 4018 4017.
3938 3939 4019 4018.
3939 3940 4020 4019.
3940 3941 4021 4020.
3941 3942 4022 4021.
3942 3943 4023 4022.
3943 3944 4024 4023.
3944 3945 4025 4024.
3945 3946 4026 4025.
3946 3947 4027 4026.
3947 3948 4028 4027.
3948 3949 4029 4028.
3949 3950 4030 4029.
3950 3951 4031 4030.
3951 3952 4032 4031.
3952 3953 4033 4032.
3953 3954 4034 4033.
3954 3955 4035 4034.
3955 3956 4036 4035.
3956 3957 4037 4036.
3957 3958 4038 4037.
3958 3959 4039 4038.
3959 3960 4040 4039.
3960 3961 4041 4040.
3961 3962 4042 4041.
3962 3963 4043 4042.
3963 3964 4044 4043.
3964 3965 4045 4044.
3965 3966 4046 4045.
3966 3967 4047 4046.
3967 3968 4048 4047.
3968 3969 4049 4048.
3969 3970 4050 4049.
3970 3971 4051 4050.
3971 3972 4052 4051.
3972 3973 4053 4052.
3973 3974 4054 4053.
3974 3975 4055 4054.
3975 3976 4056 4055.
3976 3977 4057 4056.
3977 3978 4058 4057.
3978 3979 4059 4058.
3979 3980 4060 4059.
3980 3981 4061 4060.
3981 3982 4062 4061.
3982 3983 4063 4062.
3983 3984 4064 4063.
3984 3985 4065 4064.
3985 3986 4066 4065.
3986 3987 4067 4066.
3987 3988 4068 4067.
3988 3989 4069 4068.
3989 3990 4070 4069.
3990 3991 4071 4070.
3991 3992 4072 4071.
3992 3993 4073 4072.
3993 3994 4074 4073.
3994 3995 4075 4074.
3995 3996 4076 4075.
3996 3997 4077 4076.
3997 3998 4078 4077.
3998 3999 4079 4078.
3999 4000 4080 4079.
4000 3921 4001 4080.
4001 4002 4082 4081.
4002 4003 4083 4082.
4003 4004 4084 4083.
4004 4005 4085 4084.
4005 4006 4086 4085.
4006 4007 4087 4086.
4007 4008 4088 4087.
4008 4009 4089 4088.
4009 4010 4090 4089.
4010 4011 4091 4090.
4011 4012 4092 4091.
4012 4013 4093 4092.
4013 4014 4094 4093.
4014 4015 4095 4094.
4015 4016 4096 4095.
4016 4017 4097 4096.
4017 4018 4098 4097.
4018 4019 4099 4098.
4019 4020 4100 4099.
4020 4021 4101 4100.
4021 4022 4102 4101.
4022 4023 4103 4102.
4023 4024 4104 4103.
4024 4025 4105 4104.
4025 4026 4106 4105.
4026 4027 4107 4106.
4027 4028 4108 4107.
4028 4029 4109 4108.
4029 4030 4110 4109.
4030 4031 4111 4110.
4031 4032 4112 4111.
4032 4033 4113 4112.
4033 4034 4114 4113.
4034 4035 4115 4114.
4035 4036 4116 4115.
4036 4037 4117 4116.
4037 4038 4118 4117.
4038 4039 4119 4118.
4039 4040 4120 4119.
4040 4041 4121 4120.
4041 4042 4122 4121.
4042 4043 4123 4122.
4043 4044 4124 4123.
4044 4045 4125 4124.
4045 4046 4126 4125.
4046 4047 4127 4126.
4047 4048 4128 4127.
4048 4049 4129 4128.
4049 4050 4130 4129.
4050 4051 4131 4130.
4051 4052 4132 4131.
4052 4053 4133 4132.
4053 4054 4134 4133.
4054 4055 4135 4134.
4055 4056 4136 4135.
4056 4057 4137 4136.
4057 4058 4138 4137.
4058 4059 4139 4138.
4059 4060 4140 4139.
4060 4061 4141 4140.
4061 4062 4142 4141.
4062 4063 4143 4142.
4063 4064 4144 4143.
4064 4065 4145 4144.
4065 4066 4146 4145.
4066 4067 4147 4146.
4067 4068 4148 4147.
4068 4069 4149 4148.
4069 4070 4150 4149.
4070 4071 4151 4150.
4071 4072 4152 4151.
4072 4073 4153 4152.
4073 4074 4154 4153.
4074 4075 4155 4154.
4075 4076 4156 4155.
4076 4077 4157 4156.
4077 4078 4158 4157.
4078 4079 4159 4158.
4079 4080 4160 4159.
4080 4001 4081 4160.
4081 4082 4162 4161.
4082 4083 4163 4162.
4083 4084 4164 4163.
4084 4085 4165 4164.
4085 4086 4166 4165.
4086 4087 4167 4166.
4087 4088 4168 4167.
4088 4089 4169 4168.
4089 4090 4170 4169.
4090 4091 4171 4170.
4091 4092 4172 4171.
4092 4093 4173 4172.
4093 4094 4174 4173.
4094 4095 4175 4174.
4095 4096 4176 4175.
4096 4097 4177 4176.
4097 4098 4178 4177.
4098 4099 4179 4178.
4099 4100 4180 4179.
4100 4101 4181 4180.
4101 4102 4182 4181.
4102 4103 4183 4182.
4103 4104 4184 4183.
4104 4105 4185 4184.
4105 4106 4186 4185.
4106 4107 4187 4186.
4107 4108 4188 4187.
4108 4109 4189 4188.
4109 4110 4190 4189.
4110 4111 4191 4190.
4111 4112 4192 4191.
4112 4113 4193 4192.
4113 4114 4194 4193.
4114 4115 4195 4194.
4115 4116 4196 4195.
4116 4117 4197 4196.
4117 4118 4198 4197.
4118 4119 4199 4198.
4119 4120 4200 4199.
4120 4121 4201 4200.
4121 4122 4202 4201.
4122 4123 4203 4202.
4123 4124 4204 4203.
4124 4125 4205 4204.
4125 4126 4206 4205.
4126 4127 4207 4206.
4127 4128 4208 4207.
4128 4129 4209 4208.
4129 4130 4210 4209.
4130 4131 4211 4210.
4131 4132 4212 4211.
4132 4133 4213 4212.
4133 4134 4214 4213.
4134 4135 4215 4214.
4135 4136 4216 4215.
4136 4137 4217 4216.
4137 4138 4218 4217.
4138 4139 4219 4218.
4139 4140 4220 4219.
4140 4141 4221 4220.
4141 4142 4222 4221.
4142 4143 4223 4222.
4143 4144 4224 4223.
4144 4145 4225 4224.
4145 4146 4226 4225.
4146 4147 4227 4226.
4147 4148 4228 4227.
4148 4149 4229 4228.
4149 4150 4230 4229.
4150 4151 4231 4230.
4151 4152 4232 4231.
4152 4153 4233 4232.
4153 4154 4234 4233.
4154 4155 4235 4234.
4155 4156 4236 4235.
4156 4157 4237 4236.
4157 4158 4238 4237.
4158 4159 4239 4238.
4159 4160 4240 4239.
4160 4081 4161 4240.
4161 4162 4242 4241.
4162 4163 4243 4242.
4163 4164 4244 4243.
4164 4165 4245 4244.
4165 4166 4246 4245.
4166 4167 4247 4246.
4167 4168 4248 4247.
4168 4169 4249 4248.
4169 4170 4250 4249.
4170 4171 4251 4250.
4171 4172 4252 4251.
4172 4173 4253 4252.
4173 4174 4254 4253.
4174 4175 4255 4254.
4175 4176 4256 4255.
4176 4177 4257 4256.
4177 4178 4258 4257.
4178 4179 4259 4258.
4179 4180 4260 4259.
4180 4181 4261 4260.
4181 4182 4262 4261.
4182 4183 4263 4262.
4183 4184 4264 4263.
4184 4185 4265 4264.
4185 4186 4266 4265.
4186 4187 4267 4266.
4187 4188 4268 4267.
4188 4189 4269 4268.
4189 4190 4270 4269.
4190 4191 4271 4270.
4191 4192 4272 4271.
4192 4193 4273 4272.
4193 4194 4274 4273.
4194 4195 4275 4274.
4195 4196 4276 4275.
4196 4197 4277 4276.
4197 4198 4278 4277.
4198 4199 4279 4278.
4199 4200 4280 4279.
4200 4201 4281 4280.
4201 4202 4282 4281.
4202 4203 4283 4282.
4203 4204 4284 4283.
4204 4205 4285 4284.
4205 4206 4286 4285.
4206 4207 4287 4286.
4207 4208 4288 4287.
4208 4209 4289 4288.
4209 4210 4290 4289.
4210 4211 4291 4290.
4211 4212 4292 4291.
4212 4213 4293 4292.
4213 4214 4294 4293.
4214 4215 4295 4294.
4215 4216 4296 4295.
4216 4217 4297 4296.
4217 4218 4298 4297.
4218 4219 4299 4298.
4219 4220 4300 4299.
4220 4221 4301 4300.
4221 4222 4302 4301.
4222 4223 4303 4302.
4223 4224 4304 4303.
4224 4225 4305 4304.
4225 4226 4306 4305.
4226 4227 4307 4306.
4227 4228 4308 4307.
4228 4229 4309 4308.
4229 4230 4310 4309.
4230 4231 4311 4310.
4231 4232 4312 4311.
4232 4233 4313 4312.
4233 4234 4314 4313.
4234 4235 4315 4314.
4235 4236 4316 4315.
4236 4237 4317 4316.
4237 4238 4318 4317.
4238 4239 4319 4318.
4239 4240 4320 4319.
4240 4161 4241 4320.
4241 4242 4322 4321.
4242 4243 4323 4322.
4243 4244 4324 4323.
4244 4245 4325 4324.
4245 4246 4326 4325.
4246 4247 4327 4326.
4247 4248 4328 4327.
4248 4249 4329 4328.
4249 4250 4330 4329.
4250 4251 4331 4330.
4251 4252 4332 4331.
4252 4253 4333 4332.
4253 4254 4334 4333.
4254 4255 4335 4334.
4255 4256 4336 4335.
4256 4257 4337 4336.
4257 4258 4338 4337.
4258 4259 4339 4338.
4259 4260 4340 4339.
4260 4261 4341 4340.
4261 4262 4342 4341.
4262 4263 4343 4342.
4263 4264 4344 4343.
4264 4265 4345 4344.
4265 4266 4346 4345.
4266 4267 4347 4346.
4267 4268 4348 4347.
4268 4269 4349 4348.
4269 4270 4350 4349.
4270 4271 4351 4350.
4271 4272 4352 4351.
4272 4273 4353 4352.
4273 4274 4354 4353.
4274 4275 4355 4354.
4275 4276 4356 4355.
4276 4277 4357 4356.
4277 4278 4358 4357.
4278 4279 4359 4358.
4279 4280 4360 4359.
4280 4281 4361 4360.
4281 4282 4362 4361.
4282 4283 4363 4362.
4283 4284 4364 4363.
4284 4285 4365 4364.
4285 4286 4366 4365.
4286 4287 4367 4366.
4287 4288 4368 4367.
4288 4289 4369 4368.
4289 4290 4370 4369.
4290 4291 4371 4370.
4291 4292 4372 4371.
4292 4293 4373 4372.
4293 4294 4374 4373.
4294 4295 4375 4374.
4295 4296 4376 4375.
4296 4297 4377 4376.
4297 4298 4378 4377.
4298 4299 4379 4378.
4299 4300 4380 4379.
4300 4301 4381 4380.
4301 4302 4382 4381.
4302 4303 4383 4382.
4303 4304 4384 4383.
4304 4305 4385 4384.
4305 4306 4386 4385.
4306 4307 4387 4386.
4307 4308 4388 4387.
4308 4309 4389 4388.
4309 4310 4390 4389.
4310 4311 4391 4390.
4311 4312 4392 4391.
4312 4313 4393 4392.
4313 4314 4394 4393.
4314 4315 4395 4394.
4315 4316 4396 4395.
4316 4317 4397 4396.
4317 4318 4398 4397.
4318 4319 4399 4398.
4319 4320 4400 4399.
4320 4241 4321 4400.
4321 4322 4402 4401.
4322 4323 4403 4402.
4323 4324 4404 4403.
4324 4325 4405 4404.
4325 4326 4406 4405.
4326 4327 4407 4406.
4327 4328 4408 4407.
4328 4329 4409 4408.
4329 4330 4410 4409.
4330 4331 4411 4410.
4331 4332 4412 4411.
4332 4333 4413 4412.
4333 4334 4414 4413.
4334 4335 4415 4414.
4335 4336 4416 4415.
4336 4337 4417 4416.
4337 4338 4418 4417.
4338 4339 4419 4418.
4339 4340 4420 4419.
4340 4341 4421 4420.
4341 4342 4422 4421.
4342 4343 4423 4422.
4343 4344 4424 4423.
4344 4345 4425 4424.
4345 4346 4426 4425.
4346 4347 4427 4426.
4347 4348 4428 4427.
4348 4349 4429 4428.
4349 4350 4430 4429.
4350 4351 4431 4430.
4351 4352 4432 4431.
4352 4353 4433 4432.
4353 4354 4434 4433.
4354 4355 4435 4434.
4355 4356 4436 4435.
4356 4357 4437 4436.
4357 4358 4438 4437.
4358 4359 4439 4438.
4359 4360 4440 4439.
4360 4361 4441 4440.
4361 4362 4442 4441.
4362 4363 4443 4442.
4363 4364 4444 4443.
4364 4365 4445 4444.
4365 4366 4446 4445.
4366 4367 4447 4446.
4367 4368 4448 4447.
4368 4369 4449 4448.
4369 4370 4450 4449.
4370 4371 4451 4450.
4371 4372 4452 4451.
4372 4373 4453 4452.
4373 4374 4454 4453.
4374 4375 4455 4454.
4375 4376 4456 4455.
4376 4377 4457 4456.
4377 4378 4458 4457.
4378 4379 4459 4458.
4379 4380 4460 4459.
4380 4381 4461 4460.
4381 4382 4462 4461.
4382 4383 4463 4462.
4383 4384 4464 4463.
4384 4385 4465 4464.
4385 4386 4466 4465.
4386 4387 4467 4466.
4387 4388 4468 4467.
4388 4389 4469 4468.
4389 4390 4470 4469.
4390 4391 4471 4470.
4391 4392 4472 4471.
4392 4393 4473 4472.
4393 4394 4474 4473.
4394 4395 4475 4474.
4395 4396 4476 4475.
4396 4397 4477 4476.
4397 4398 4478 4477.
4398 4399 4479 4478.
4399 4400 4480 4479.
4400 4321 4401 4480.
4401 4402 4482 4481.
4402 4403 4483 4482.
4403 4404 4484 4483.
4404 4405 4485 4484.
4405 4406 4486 4485.
4406 4407 4487 4486.
4407 4408 4488 4487.
4408 4409 4489 4488.
4409 4410 4490 4489.
4410 4411 4491 4490.
4411 4412 4492 4491.
4412 4413 4493 4492.
4413 4414 4494 4493.
4414 4415 4495 4494.
4415 4416 4496 4495.
4416 4417 4497 4496.
4417 4418 4498 4497.
4418 4419 4499 4498.
4419 4420 4500 4499.
4420 4421 4501 4500.
4421 4422 4502 4501.
4422 4423 4503 4502.
4423 4424 4504 4503.
4424 4425 4505 4504.
4425 4426 4506 4505.
4426 4427 4507 4506.
4427 4428 4508 4507.
4428 4429 4509 4508.
4429 4430 4510 4509.
4430 4431 4511 4510.
4431 4432 4512 4511.
4432 4433 4513 4512.
4433 4434 4514 4513.
4434 4435 4515 4514.
4435 4436 4516 4515.
4436 4437 4517 4516.
4437 4438 4518 4517.
4438 4439 4519 4518.
4439 4440 4520 4519.
4440 4441 4521 4520.
4441 4442 4522 4521.
4442 4443 4523 4522.
4443 4444 4524 4523.
4444 4445 4525 4524.
4445 4446 4526 4525.
4446 4447 4527 4526.
4447 4448 4528 4527.
4448 4449 4529 4528.
4449 4450 4530 4529.
4450 4451 4531 4530.
4451 4452 4532 4531.
4452 4453 4533 4532.
4453 4454 4534 4533.
4454 4455 4535 4534.
4455 4456 4536 4535.
4456 4457 4537 4536.
4457 4458 4538 4537.
4458 4459 4539 4538.
4459 4460 4540 4539.
4460 4461 4541 4540.
4461 4462 4542 4541.
4462 4463 4543 4542.
4463 4464 4544 4543.
4464 4465 4545 4544.
4465 4466 4546 4545.
4466 4467 4547 4546.
4467 4468 4548 4547.
4468 4469 4549 4548.
4469 4470 4550 4549.
4470 4471 4551 4550.
4471 4472 4552 4551.
4472 4473 4553 4552.
4473 4474 4554 4553.
4474 4475 4555 4554.
4475 4476 4556 4555.
4476 4477 4557 4556.
4477 4478 4558 4557.
4478 4479 4559 4558.
4479 4480 4560 4559.
4480 4401 4481 4560.
4481 4482 4562 4561.
4482 4483 4563 4562.
4483 4484 4564 4563.
4484 4485 4565 4564.
4485 4486 4566 4565.
4486 4487 4567 4566.
4487 4488 4568 4567.
4488 4489 4569 4568.
4489 4490 4570 4569.
4490 4491 4571 4570.
4491 4492 4572 4571.
4492 4493 4573 4572.
4493 4494 4574 4573.
4494 4495 4575 4574.
4495 4496 4576 4575.
4496 4497 4577 4576.
4497 4498 4578 4577.
4498 4499 4579 4578.
4499 4500 4580 4579.
4500 4501 4581 4580.
4501 4502 4582 4581.
4502 4503 4583 4582.
4503 4504 4584 4583.
4504 4505 4585 4584.
4505 4506 4586 4585.
4506 4507 4587 4586.
4507 4508 4588 4587.
4508 4509 4589 4588.
4509 4510 4590 4589.
4510 4511 4591 4590.
4511 4512 4592 4591.
4512 4513 4593 4592.
4513 4514 4594 4593.
4514 4515 4595 4594.
4515 4516 4596 4595.
4516 4517 4597 4596.
4517 4518 4598 4597.
4518 4519 4599 4598.
4519 4520 4600 4599.
4520 4521 4601 4600.
4521 4522 4602 4601.
4522 4523 4603 4602.
4523 4524 4604 4603.
4524 4525 4605 4604.
4525 4526 4606 4605.
4526 4527 4607 4606.
4527 4528 4608 4607.
4528 4529 4609 4608.
4529 4530 4610 4609.
4530 4531 4611 4610.
4531 4532 4612 4611.
4532 4533 4613 4612.
4533 4534 4614 4613.
4534 4535 4615 4614.
4535 4536 4616 4615.
4536 4537 4617 4616.
4537 4538 4618 4617.
4538 4539 4619 4618.
4539 4540 4620 4619.
4540 4541 4621 4620.
4541 4542 4622 4621.
4542 4543 4623 4622.
4543 4544 4624 4623.
4544 4545 4625 4624.
4545 4546 4626 4625.
4546 4547 4627 4626.
4547 4548 4628 4627.
4548 4549 4629 4628.
4549 4550 4630 4629.
4550 4551 4631 4630.
4551 4552 4632 4631.
4552 4553 4633 4632.
4553 4554 4634 4633.
4554 4555 4635 4634.
4555 4556 4636 4635.
4556 4557 4637 4636.
4557 4558 4638 4637.
4558 4559 4639 4638.
4559 4560 4640 4639.
4560 4481 4561 4640.
4561 4562 4642 4641.
4562 4563 4643 4642.
4563 4564 4644 4643.
4564 4565 4645 4644.
4565 4566 4646 4645.
4566 4567 4647 4646.
4567 4568 4648 4647.
4568 4569 4649 4648.
4569 4570 4650 4649.
4570 4571 4651 4650.
4571 4572 4652 4651.
4572 4573 4653 4652.
4573 4574 4654 4653.
4574 4575 4655 4654.
4575 4576 4656 4655.
4576 4577 4657 4656.
4577 4578 4658 4657.
4578 4579 4659 4658.
4579 4580 4660 4659.
4580 4581 4661 4660.
4581 4582 4662 4661.
4582 4583 4663 4662.
4583 4584 4664 4663.
4584 4585 4665 4664.
4585 4586 4666 4665.
4586 4587 4667 4666.
4587 4588 4668 4667.
4588 4589 4669 4668.
4589 4590 4670 4669.
4590 4591 4671 4670.
4591 4592 4672 4671.
4592 4593 4673 4672.
4593 4594 4674 4673.
4594 4595 4675 4674.
4595 4596 4676 4675.
4596 4597 4677 4676.
4597 4598 4678 4677.
4598 4599 4679 4678.
4599 4600 4680 4679.
4600 4601 4681 4680.
4601 4602 4682 4681.
4602 4603 4683 4682.
4603 4604 4684 4683.
4604 4605 4685 4684.
4605 4606 4686 4685.
4606 4607 4687 4686.
4607 4608 4688 4687.
4608 4609 4689 4688.
4609 4610 4690 4689.
4610 4611 4691 4690.
4611 4612 4692 4691.
4612 4613 4693 4692.
4613 4614 4694 4693.
4614 4615 4695 4694.
4615 4616 4696 4695.
4616 4617 4697 4696.
4617 4618 4698 4697.
4618 4619 4699 4698.
4619 4620 4700 4699.
4620 4621 4701 4700.
4621 4622 4702 4701.
4622 4623 4703 4702.
4623 4624 4704 4703.
4624 4625 4705 4704.
4625 4626 4706 4705.
4626 4627 4707 4706.
4627 4628 4708 4707.
4628 4629 4709 4708.
4629 4630 4710 4709.
4630 4631 4711 4710.
4631 4632 4712 4711.
4632 4633 4713 4712.
4633 4634 4714 4713.
4634 4635 4715 4714.
4635 4636 4716 4715.
4636 4637 4717 4716.
4637 4638 4718 4717.
4638 4639 4719 4718.
4639 4640 4720 4719.
4640 4561 4641 4720.
4641 4642 4722 4721.
4642 4643 4723 4722.
4643 4644 4724 4723.
4644 4645 4725 4724.
4645 4646 4726 4725.
4646 4647 4727 4726.
4647 4648 4728 4727.
4648 4649 4729 4728.
4649 4650 4730 4729.
4650 4651 4731 4730.
4651 4652 4732 4731.
4652 4653 4733 4732.
4653 4654 4734 4733.
4654 4655 4735 4734.
4655 4656 4736 4735.
4656 4657 4737 4736.
4657 4658 4738 4737.
4658 4659 4739 4738.
4659 4660 4740 4739.
4660 4661 4741 4740.
4661 4662 4742 4741.
4662 4663 4743 4742.
4663 4664 4744 4743.
4664 4665 4745 4744.
4665 4666 4746 4745.
4666 4667 4747 4746.
4667 4668 4748 4747.
4668 4669 4749 4748.
4669 4670 4750 4749.
4670 4671 4751 4750.
4671 4672 4752 4751.
4672 4673 4753 4752.
4673 4674 4754 4753.
4674 4675 4755 4754.
4675 4676 4756 4755.
4676 4677 4757 4756.
4677 4678 4758 4757.
4678 4679 4759 4758.
4679 4680 4760 4759.
4680 4681 4761 4760.
4681 4682 4762 4761.
4682 4683 4763 4762.
4683 4684 4764 4763.
4684 4685 4765 4764.
4685 4686 4766 4765.
4686 4687 4767 4766.
4687 4688 4768 4767.
4688 4689 4769 4768.
4689 4690 4770 4769.
4690 4691 4771 4770.
4691 4692 4772 4771.
4692 4693 4773 4772.
4693 4694 4774 4773.
4694 4695 4775 4774.
4695 4696 4776 4775.
4696 4697 4777 4776.
4697 4698 4778 4777.
4698 4699 4779 4778.
4699 4700 4780 4779.
4700 4701 4781 4780.
4701 4702 4782 4781.
4702 4703 4783 4782.
4703 4704 4784 4783.
4704 4705 4785 4784.
4705 4706 4786 4785.
4706 4707 4787 4786.
4707 4708 4788 4787.
4708 4709 4789 4788.
4709 4710 4790 4789.
4710 4711 4791 4790.
4711 4712 4792 4791.
4712 4713 4793 4792.
4713 4714 4794 4793.
4714 4715 4795 4794.
4715 4716 4796 4795.
4716 4717 4797 4796.
4717 4718 4798 4797.
4718 4719 4799 4798.
4719 4720 4800 4799.
4720 4641 4721 4800.
4721 4722 4802 4801.
4722 4723 4803 4802.
4723 4724 4804 4803.
4724 4725 4805 4804.
4725 4726 4806 4805.
4726 4727 4807 4806.
4727 4728 4808 4807.
4728 4729 4809 4808.
4729 4730 4810 4809.
4730 4731 4811 4810.
4731 4732 4812 4811.
4732 4733 4813 4812.
4733 4734 4814 4813.
4734 4735 4815 4814.
4735 4736 4816 4815.
4736 4737 4817 4816.
4737 4738 4818 4817.
4738 4739 4819 4818.
4739 4740 4820 4819.
4740 4741 4821 4820.
4741 4742 4822 4821.
4742 4743 4823 4822.
4743 4744 4824 4823.
4744 4745 4825 4824.
4745 4746 4826 4825.
4746 4747 4827 4826.
4747 4748 4828 4827.
4748 4749 4829 4828.
4749 4750 4830 4829.
4750 4751 4831 4830.
4751 4752 4832 4831.
4752 4753 4833 4832.
4753 4754 4834 4833.
4754 4755 4835 4834.
4755 4756 4836 4835.
4756 4757 4837 4836.
4757 4758 4838 4837.
4758 4759 4839 4838.
4759 4760 4840 4839.
4760 4761 4841 4840.
4761 4762 4842 4841.
4762 4763 4843 4842.
4763 4764 4844 4843.
4764 4765 4845 4844.
4765 4766 4846 4845.
4766 4767 4847 4846.
4767 4768 4848 4847.
4768 4769 4849 4848.
4769 4770 4850 4849.
4770 4771 4851 4850.
4771 4772 4852 4851.
4772 4773 4853 4852.
4773 4774 4854 4853.
4774 4775 4855 4854.
4775 4776 4856 4855.
4776 4777 4857 4856.
4777 4778 4858 4857.
4778 4779 4859 4858.
4779 4780 4860 4859.
4780 4781 4861 4860.
4781 4782 4862 4861.
4782 4783 4863 4862.
4783 4784 4864 4863.
4784 4785 4865 4864.
4785 4786 4866 4865.
4786 4787 4867 4866.
4787 4788 4868 4867.
4788 4789 4869 4868.
4789 4790 4870 4869.
4790 4791 4871 4870.
4791 4792 4872 4871.
4792 4793 4873 4872.
4793 4794 4874 4873.
4794 4795 4875 4874.
4795 4796 4876 4875.
4796 4797 4877 4876.
4797 4798 4878 4877.
4798 4799 4879 4878.
4799 4800 4880 4879.
4800 4721 4801 4880.
4801 4802 4882 4881.
4802 4803 4883 4882.
4803 4804 4884 4883.
4804 4805 4885 4884.
4805 4806 4886 4885.
4806 4807 4887 4886.
4807 4808 4888 4887.
4808 4809 4889 4888.
4809 4810 4890 4889.
4810 4811 4891 4890.
4811 4812 4892 4891.
4812 4813 4893 4892.
4813 4814 4894 4893.
4814 4815 4895 4894.
4815 4816 4896 4895.
4816 4817 4897 4896.
4817 4818 4898 4897.
4818 4819 4899 4898.
4819 4820 4900 4899.
4820 4821 4901 4900.
4821 4822 4902 4901.
4822 4823 4903 4902.
4823 4824 4904 4903.
4824 4825 4905 4904.
4825 4826 4906 4905.
4826 4827 4907 4906.
4827 4828 4908 4907.
4828 4829 4909 4908.
4829 4830 4910 4909.
4830 4831 4911 4910.
4831 4832 4912 4911.
4832 4833 4913 4912.
4833 4834 4914 4913.
4834 4835 4915 4914.
4835 4836 4916 4915.
4836 4837 4917 4916.
4837 4838 4918 4917.
4838 4839 4919 4918.
4839 4840 4920 4919.
4840 4841 4921 4920.
4841 4842 4922 4921.
4842 4843 4923 4922.
4843 4844 4924 4923.
4844 4845 4925 4924.
4845 4846 4926 4925.
4846 4847 4927 4926.
4847 4848 4928 4927.
4848 4849 4929 4928.
4849 4850 4930 4929.
4850 4851 4931 4930.
4851 4852 4932 4931.
4852 4853 4933 4932.
4853 4854 4934 4933.
4854 4855 4935 4934.
4855 4856 4936 4935.
4856 4857 4937 4936.
4857 4858 4938 4937.
4858 4859 4939 4938.
4859 4860 4940 4939.
4860 4861 4941 4940.
4861 4862 4942 4941.
4862 4863 4943 4942.
4863 4864 4944 4943.
4864 4865 4945 4944.
4865 4866 4946 4945.
4866 4867 4947 4946.
4867 4868 4948 4947.
4868 4869 4949 4948.
4869 4870 4950 4949.
4870 4871 4951 4950.
4871 4872 4952 4951.
4872 4873 4953 4952.
4873 4874 4954 4953.
4874 4875 4955 4954.
4875 4876 4956 4955.
4876 4877 4957 4956.
4877 4878 4958 4957.
4878 4879 4959 4958.
4879 4880 4960 4959.
4880 4801 4881 4960.
4881 4882 4962 4961.
4882 4883 4963 4962.
4883 4884 4964 4963.
4884 4885 4965 4964.
4885 4886 4966 4965.
4886 4887 4967 4966.
4887 4888 4968 4967.
4888 4889 4969 4968.
4889 4890 4970 4969.
4890 4891 4971 4970.
4891 4892 4972 4971.
4892 4893 4973 4972.
4893 4894 4974 4973.
4894 4895 4975 4974.
4895 4896 4976 4975.
4896 4897 4977 4976.
4897 4898 4978 4977.
4898 4899 4979 4978.
4899 4900 4980 4979.
4900 4901 4981 4980.
4901 4902 4982 4981.
4902 4903 4983 4982.
4903 4904 4984 4983.
4904 4905 4985 4984.
4905 4906 4986 4985.
4906 4907 4987 4986.
4907 4908 4988 4987.
4908 4909 4989 4988.
4909 4910 4990 4989.
4910 4911 4991 4990.
4911 4912 4992 4991.
4912 4913 4993 4992.
4913 4914 4994 4993.
4914 4915 4995 4994.
4915 4916 4996 4995.
4916 4917 4997 4996.
4917 4918 4998 4997.
4918 4919 4999 4998.
4919 4920 5000 4999.
4920 4921 5001 5000.
4921 4922 5002 5001.
4922 4923 5003 5002.
4923 4924 5004 5003.
4924 4925 5005 5004.
4925 4926 5006 5005.
4926 4927 5007 5006.
4927 4928 5008 5007.
4928 4929 5009 5008.
4929 4930 5010 5009.
4930 4931 5011 5010.
4931 4932 5012 5011.
4932 4933 5013 5012.
4933 4934 5014 5013.
4934 4935 5015 5014.
4935 4936 5016 5015.
4936 4937 5017 5016.
4937 4938 5018 5017.
4938 4939 5019 5018.
4939 4940 5020 5019.
4940 4941 5021 5020.
4941 4942 5022 5021.
4942 4943 5023 5022.
4943 4944 5024 5023.
4944 4945 5025 5024.
4945 4946 5026 5025.
4946 4947 5027 5026.
4947 4948 5028 5027.
4948 4949 5029 5028.
4949 4950 5030 5029.
4950 4951 5031 5030.
4951 4952 5032 5031.
4952 4953 5033 5032.
4953 4954 5034 5033.
4954 4955 5035 5034.
4955 4956 5036 5035.
4956 4957 5037 5036.
4957 4958 5038 5037.
4958 4959 5039 5038.
4959 4960 5040 5039.
4960 4881 4961 5040.
4961 4962 5042 5041.
4962 4963 5043 5042.
4963 4964 5044 5043.
4964 4965 5045 5044.
4965 4966 5046 5045.
4966 4967 5047 5046.
4967 4968 5048 5047.
4968 4969 5049 5048.
4969 4970 5050 5049.
4970 4971 5051 5050.
4971 4972 5052 5051.
4972 4973 5053 5052.
4973 4974 5054 5053.
4974 4975 5055 5054.
4975 4976 5056 5055.
4976 4977 5057 5056.
4977 4978 5058 5057.
4978 4979 5059 5058.
4979 4980 5060 5059.
4980 4981 5061 5060.
4981 4982 5062 5061.
4982 4983 5063 5062.
4983 4984 5064 5063.
4984 4985 5065 5064.
4985 4986 5066 5065.
4986 4987 5067 5066.
4987 4988 5068 5067.
4988 4989 5069 5068.
4989 4990 5070 5069.
4990 4991 5071 5070.
4991 4992 5072 5071.
4992 4993 5073 5072.
4993 4994 5074 5073.
4994 4995 5075 5074.
4995 4996 5076 5075.
4996 4997 5077 5076.
4997 4998 5078 5077.
4998 4999 5079 5078.
4999 5000 5080 5079.
5000 5001 5081 5080.
5001 5002 5082 5081.
5002 5003 5083 5082.
5003 5004 5084 5083.
5004 5005 5085 5084.
5005 5006 5086 5085.
5006 5007 5087 5086.
5007 5008 5088 5087.
5008 5009 5089 5088.
5009 5010 5090 5089.
5010 5011 5091 5090.
5011 5012 5092 5091.
5012 5013 5093 5092.
5013 5014 5094 5093.
5014 5015 5095 5094.
5015 5016 5096 5095.
5016 5017 5097 5096.
5017 5018 5098 5097.
5018 5019 5099 5098.
5019 5020 5100 5099.
5020 5021 5101 5100.
5021 5022 5102 5101.
5022 5023 5103 5102.
5023 5024 5104 5103.
5024 5025 5105 5104.
5025 5026 5106 5105.
5026 5027 5107 5106.
5027 5028 5108 5107.
5028 5029 5109 5108.
5029 5030 5110 5109.
5030 5031 5111 5110.
5031 5032 5112 5111.
5032 5033 5113 5112.
5033 5034 5114 5113.
5034 5035 5115 5114.
5035 5036 5116 5115.
5036 5037 5117 5116.
5037 5038 5118 5117.
5038 5039 5119 5118.
5039 5040 5120 5119.
5040 4961 5041 5120.
5041 5042 5122 5121.
5042 5043 5123 5122.
5043 5044 5124 5123.
5044 5045 5125 5124.
5045 5046 5126 5125.
5046 5047 5127 5126.
5047 5048 5128 5127.
5048 5049 5129 5128.
5049 5050 5130 5129.
5050 5051 5131 5130.
5051 5052 5132 5131.
5052 5053 5133 5132.
5053 5054 5134 5133.
5054 5055 5135 5134.
5055 5056 5136 5135.
5056 5057 5137 5136.
5057 5058 5138 5137.
5058 5059 5139 5138.
5059 5060 5140 5139.
5060 5061 5141 5140.
5061 5062 5142 5141.
5062 5063 5143 5142.
5063 5064 5144 5143.
5064 5065 5145 5144.
5065 5066 5146 5145.
5066 5067 5147 5146.
5067 5068 5148 5147.
5068 5069 5149 5148.
5069 5070 5150 5149.
5070 5071 5151 5150.
5071 5072 5152 5151.
5072 5073 5153 5152.
5073 5074 5154 5153.
5074 5075 5155 5154.
5075 5076 5156 5155.
5076 5077 5157 5156.
5077 5078 5158 5157.
5078 5079 5159 5158.
5079 5080 5160 5159.
5080 5081 5161 5160.
5081 5082 5162 5161.
5082 5083 5163 5162.
5083 5084 5164 5163.
5084 5085 5165 5164.
5085 5086 5166 5165.
5086 5087 5167 5166.
5087 5088 5168 5167.
5088 5089 5169 5168.
5089 5090 5170 5169.
5090 5091 5171 5170.
5091 5092 5172 5171.
5092 5093 5173 5172.
5093 5094 5174 5173.
5094 5095 5175 5174.
5095 5096 5176 5175.
5096 5097 5177 5176.
5097 5098 5178 5177.
5098 5099 5179 5178.
5099 5100 5180 5179.
5100 5101 5181 5180.
5101 5102 5182 5181.
5102 5103 5183 5182.
5103 5104 5184 5183.
5104 5105 5185 5184.
5105 5106 5186 5185.
5106 5107 5187 5186.
5107 5108 5188 5187.
5108 5109 5189 5188.
5109 5110 5190 5189.
5110 5111 5191 5190.
5111 5112 5192 5191.
5112 5113 5193 5192.
5113 5114 5194 5193.
5114 5115 5195 5194.
5115 5116 5196 5195.
5116 5117 5197 5196.
5117 5118 5198 5197.
5118 5119 5199 5198.
5119 5120 5200 5199.
5120 5041 5121 5200.
5121 5122 5202 5201.
5122 5123 5203 5202.
5123 5124 5204 5203.
5124 5125 5205 5204.
5125 5126 5206 5205.
5126 5127 5207 5206.
5127 5128 5208 5207.
5128 5129 5209 5208.
5129 5130 5210 5209.
5130 5131 5211 5210.
5131 5132 5212 5211.
5132 5133 5213 5212.
5133 5134 5214 5213.
5134 5135 5215 5214.
5135 5136 5216 5215.
5136 5137 5217 5216.
5137 5138 5218 5217.
5138 5139 5219 5218.
5139 5140 5220 5219.
5140 5141 5221 5220.
5141 5142 5222 5221.
5142 5143 5223 5222.
5143 5144 5224 5223.
5144 5145 5225 5224.
5145 5146 5226 5225.
5146 5147 5227 5226.
5147 5148 5228 5227.
5148 5149 5229 5228.
5149 5150 5230 5229.
5150 5151 5231 5230.
5151 5152 5232 5231.
5152 5153 5233 5232.
5153 5154 5234 5233.
5154 5155 5235 5234.
5155 5156 5236 5235.
5156 5157 5237 5236.
5157 5158 5238 5237.
5158 5159 5239 5238.
5159 5160 5240 5239.
5160 5161 5241 5240.
5161 5162 5242 5241.
5162 5163 5243 5242.
5163 5164 5244 5243.
5164 5165 5245 5244.
5165 5166 5246 5245.
5166 5167 5247 5246.
5167 5168 5248 5247.
5168 5169 5249 5248.
5169 5170 5250 5249.
5170 5171 5251 5250.
5171 5172 5252 5251.
5172 5173 5253 5252.
5173 5174 5254 5253.
5174 5175 5255 5254.
5175 5176 5256 5255.
5176 5177 5257 5256.
5177 5178 5258 5257.
5178 5179 5259 5258.
5179 5180 5260 5259.
5180 5181 5261 5260.
5181 5182 5262 5261.
5182 5183 5263 5262.
5183 5184 5264 5263.
5184 5185 5265 5264.
5185 5186 5266 5265.
5186 5187 5267 5266.
5187 5188 5268 5267.
5188 5189 5269 5268.
5189 5190 5270 5269.
5190 5191 5271 5270.
5191 5192 5272 5271.
5192 5193 5273 5272.
5193 5194 5274 5273.
5194 5195 5275 5274.
5195 5196 5276 5275.
5196 5197 5277 5276.
5197 5198 5278 5277.
5198 5199 5279 5278.
5199 5200 5280 5279.
5200 5121 5201 5280.
5201 5202 5282 5281.
5202 5203 5283 5282.
5203 5204 5284 5283.
5204 5205 5285 5284.
5205 5206 5286 5285.
5206 5207 5287 5286.
5207 5208 5288 5287.
5208 5209 5289 5288.
5209 5210 5290 5289.
5210 5211 5291 5290.
5211 5212 5292 5291.
5212 5213 5293 5292.
5213 5214 5294 5293.
5214 5215 5295 5294.
5215 5216 5296 5295.
5216 5217 5297 5296.
5217 5218 5298 5297.
5218 5219 5299 5298.
5219 5220 5300 5299.
5220 5221 5301 5300.
5221 5222 5302 5301.
5222 5223 5303 5302.
5223 5224 5304 5303.
5224 5225 5305 5304.
5225 5226 5306 5305.
5226 5227 5307 5306.
5227 5228 5308 5307.
5228 5229 5309 5308.
5229 5230 5310 5309.
5230 5231 5311 5310.
5231 5232 5312 5311.
5232 5233 5313 5312.
5233 5234 5314 5313.
5234 5235 5315 5314.
5235 5236 5316 5315.
5236 5237 5317 5316.
5237 5238 5318 5317.
5238 5239 5319 5318.
5239 5240 5320 5319.
5240 5241 5321 5320.
5241 5242 5322 5321.
5242 5243 5323 5322.
5243 5244 5324 5323.
5244 5245 5325 5324.
5245 5246 5326 5325.
5246 5247 5327 5326.
5247 5248 5328 5327.
5248 5249 5329 5328.
5249 5250 5330 5329.
5250 5251 5331 5330.
5251 5252 5332 5331.
5252 5253 5333 5332.
5253 5254 5334 5333.
5254 5255 5335 5334.
5255 5256 5336 5335.
5256 5257 5337 5336.
5257 5258 5338 5337.
5258 5259 5339 5338.
5259 5260 5340 5339.
5260 5261 5341 5340.
5261 5262 5342 5341.
5262 5263 5343 5342.
5263 5264 5344 5343.
5264 5265 5345 5344.
5265 5266 5346 5345.
5266 5267 5347 5346.
5267 5268 5348 5347.
5268 5269 5349 5348.
5269 5270 5350 5349.
5270 5271 5351 5350.
5271 5272 5352 5351.
5272 5273 5353 5352.
5273 5274 5354 5353.
5274 5275 5355 5354.
5275 5276 5356 5355.
5276 5277 5357 5356.
5277 5278 5358 5357.
5278 5279 5359 5358.
5279 5280 5360 5359.
5280 5201 5281 5360.
5281 5282 5362 5361.
5282 5283 5363 5362.
5283 5284 5364 5363.
5284 5285 5365 5364.
5285 5286 5366 5365.
5286 5287 5367 5366.
5287 5288 5368 5367.
5288 5289 5369 5368.
5289 5290 5370 5369.
5290 5291 5371 5370.
5291 5292 5372 5371.
5292 5293 5373 5372.
5293 5294 5374 5373.
5294 5295 5375 5374.
5295 5296 5376 5375.
5296 5297 5377 5376.
5297 5298 5378 5377.
5298 5299 5379 5378.
5299 5300 5380 5379.
5300 5301 5381 5380.
5301 5302 5382 5381.
5302 5303 5383 5382.
5303 5304 5384 5383.
5304 5305 5385 5384.
5305 5306 5386 5385.
5306 5307 5387 5386.
5307 5308 5388 5387.
5308 5309 5389 5388.
5309 5310 5390 5389.
5310 5311 5391 5390.
5311 5312 5392 5391.
5312 5313 5393 5392.
5313 5314 5394 5393.
5314 5315 5395 5394.
5315 5316 5396 5395.
5316 5317 5397 5396.
5317 5318 5398 5397.
5318 5319 5399 5398.
5319 5320 5400 5399.
5320 5321 5401 5400.
5321 5322 5402 5401.
5322 5323 5403 5402.
5323 5324 5404 5403.
5324 5325 5405 5404.
5325 5326 5406 5405.
5326 5327 5407 5406.
5327 5328 5408 5407.
5328 5329 5409 5408.
5329 5330 5410 5409.
5330 5331 5411 5410.
5331 5332 5412 5411.
5332 5333 5413 5412.
5333 5334 5414 5413.
5334 5335 5415 5414.
5335 5336 5416 5415.
5336 5337 5417 5416.
5337 5338 5418 5417.
5338 5339 5419 5418.
5339 5340 5420 5419.
5340 5341 5421 5420.
5341 5342 5422 5421.
5342 5343 5423 5422.
5343 5344 5424 5423.
5344 5345 5425 5424.
5345 5346 5426 5425.
5346 5347 5427 5426.
5347 5348 5428 5427.
5348 5349 5429 5428.
5349 5350 5430 5429.
5350 5351 5431 5430.
5351 5352 5432 5431.
5352 5353 5433 5432.
5353 5354 5434 5433.
5354 5355 5435 5434.
5355 5356 5436 5435.
5356 5357 5437 5436.
5357 5358 5438 5437.
5358 5359 5439 5438.
5359 5360 5440 5439.
5360 5281 5361 5440.
5361 5362 5442 5441.
5362 5363 5443 5442.
5363 5364 5444 5443.
5364 5365 5445 5444.
5365 5366 5446 5445.
5366 5367 5447 5446.
5367 5368 5448 5447.
5368 5369 5449 5448.
5369 5370 5450 5449.
5370 5371 5451 5450.
5371 5372 5452 5451.
5372 5373 5453 5452.
5373 5374 5454 5453.
5374 5375 5455 5454.
5375 5376 5456 5455.
5376 5377 5457 5456.
5377 5378 5458 5457.
5378 5379 5459 5458.
5379 5380 5460 5459.
5380 5381 5461 5460.
5381 5382 5462 5461.
5382 5383 5463 5462.
5383 5384 5464 5463.
5384 5385 5465 5464.
5385 5386 5466 5465.
5386 5387 5467 5466.
5387 5388 5468 5467.
5388 5389 5469 5468.
5389 5390 5470 5469.
5390 5391 5471 5470.
5391 5392 5472 5471.
5392 5393 5473 5472.
5393 5394 5474 5473.
5394 5395 5475 5474.
5395 5396 5476 5475.
5396 5397 5477 5476.
5397 5398 5478 5477.
5398 5399 5479 5478.
5399 5400 5480 5479.
5400 5401 5481 5480.
5401 5402 5482 5481.
5402 5403 5483 5482.
5403 5404 5484 5483.
5404 5405 5485 5484.
5405 5406 5486 5485.
5406 5407 5487 5486.
5407 5408 5488 5487.
5408 5409 5489 5488.
5409 5410 5490 5489.
5410 5411 5491 5490.
5411 5412 5492 5491.
5412 5413 5493 5492.
5413 5414 5494 5493.
5414 5415 5495 5494.
5415 5416 5496 5495.
5416 5417 5497 5496.
5417 5418 5498 5497.
5418 5419 5499 5498.
5419 5420 5500 5499.
5420 5421 5501 5500.
5421 5422 5502 5501.
5422 5423 5503 5502.
5423 5424 5504 5503.
5424 5425 5505 5504.
5425 5426 5506 5505.
5426 5427 5507 5506.
5427 5428 5508 5507.
5428 5429 5509 5508.
5429 5430 5510 5509.
5430 5431 5511 5510.
5431 5432 5512 5511.
5432 5433 5513 5512.
5433 5434 5514 5513.
5434 5435 5515 5514.
5435 5436 5516 5515.
5436 5437 5517 5516.
5437 5438 5518 5517.
5438 5439 5519 5518.
5439 5440 5520 5519.
5440 5361 5441 5520.
5441 5442 5522 5521.
5442 5443 5523 5522.
5443 5444 5524 5523.
5444 5445 5525 5524.
5445 5446 5526 5525.
5446 5447 5527 5526.
5447 5448 5528 5527.
5448 5449 5529 5528.
5449 5450 5530 5529.
5450 5451 5531 5530.
5451 5452 5532 5531.
5452 5453 5533 5532.
5453 5454 5534 5533.
5454 5455 5535 5534.
5455 5456 5536 5535.
5456 5457 5537 5536.
5457 5458 5538 5537.
5458 5459 5539 5538.
5459 5460 5540 5539.
5460 5461 5541 5540.
5461 5462 5542 5541.
5462 5463 5543 5542.
5463 5464 5544 5543.
5464 5465 5545 5544.
5465 5466 5546 5545.
5466 5467 5547 5546.
5467 5468 5548 5547.
5468 5469 5549 5548.
5469 5470 5550 5549.
5470 5471 5551 5550.
5471 5472 5552 5551.
5472 5473 5553 5552.
5473 5474 5554 5553.
5474 5475 5555 5554.
5475 5476 5556 5555.
5476 5477 5557 5556.
5477 5478 5558 5557.
5478 5479 5559 5558.
5479 5480 5560 5559.
5480 5481 5561 5560.
5481 5482 5562 5561.
5482 5483 5563 5562.
5483 5484 5564 5563.
5484 5485 5565 5564.
5485 5486 5566 5565.
5486 5487 5567 5566.
5487 5488 5568 5567.
5488 5489 5569 5568.
5489 5490 5570 5569.
5490 5491 5571 5570.
5491 5492 5572 5571.
5492 5493 5573 5572.
5493 5494 5574 5573.
5494 5495 5575 5574.
5495 5496 5576 5575.
5496 5497 5577 5576.
5497 5498 5578 5577.
5498 5499 5579 5578.
5499 5500 5580 5579.
5500 5501 5581 5580.
5501 5502 5582 5581.
5502 5503 5583 5582.
5503 5504 5584 5583.
5504 5505 5585 5584.
5505 5506 5586 5585.
5506 5507 5587 5586.
5507 5508 5588 5587.
5508 5509 5589 5588.
5509 5510 5590 5589.
5510 5511 5591 5590.
5511 5512 5592 5591.
5512 5513 5593 5592.
5513 5514 5594 5593.
5514 5515 5595 5594.
5515 5516 5596 5595.
5516 5517 5597 5596.
5517 5518 5598 5597.
5518 5519 5599 5598.
5519 5520 5600 5599.
5520 5441 5521 5600.
5521 5522 5602 5601.
5522 5523 5603 5602.
5523 5524 5604 5603.
5524 5525 5605 5604.
5525 5526 5606 5605.
5526 5527 5607 5606.
5527 5528 5608 5607.
5528 5529 5609 5608.
5529 5530 5610 5609.
5530 5531 5611 5610.
5531 5532 5612 5611.
5532 5533 5613 5612.
5533 5534 5614 5613.
5534 5535 5615 5614.
5535 5536 5616 5615.
5536 5537 5617 5616.
5537 5538 5618 5617.
5538 5539 5619 5618.
5539 5540 5620 5619.
5540 5541 5621 5620.
5541 5542 5622 5621.
5542 5543 5623 5622.
5543 5544 5624 5623.
5544 5545 5625 5624.
5545 5546 5626 5625.
5546 5547 5627 5626.
5547 5548 5628 5627.
5548 5549 5629 5628.
5549 5550 5630 5629.
5550 5551 5631 5630.
5551 5552 5632 5631.
5552 5553 5633 5632.
5553 5554 5634 5633.
5554 5555 5635 5634.
5555 5556 5636 5635.
5556 5557 5637 5636.
5557 5558 5638 5637.
5558 5559 5639 5638.
5559 5560 5640 5639.
5560 5561 5641 5640.
5561 5562 5642 5641.
5562 5563 5643 5642.
5563 5564 5644 5643.
5564 5565 5645 5644.
5565 5566 5646 5645.
5566 5567 5647 5646.
5567 5568 5648 5647.
5568 5569 5649 5648.
5569 5570 5650 5649.
5570 5571 5651 5650.
5571 5572 5652 5651.
5572 5573 5653 5652.
5573 5574 5654 5653.
5574 5575 5655 5654.
5575 5576 5656 5655.
5576 5577 5657 5656.
5577 5578 5658 5657.
5578 5579 5659 5658.
5579 5580 5660 5659.
5580 5581 5661 5660.
5581 5582 5662 5661.
5582 5583 5663 5662.
5583 5584 5664 5663.
5584 5585 5665 5664.
5585 5586 5666 5665.
5586 5587 5667 5666.
5587 5588 5668 5667.
5588 5589 5669 5668.
5589 5590 5670 5669.
5590 5591 5671 5670.
5591 5592 5672 5671.
5592 5593 5673 5672.
5593 5594 5674 5673.
5594 5595 5675 5674.
5595 5596 5676 5675.
5596 5597 5677 5676.
5597 5598 5678 5677.
5598 5599 5679 5678.
5599 5600 5680 5679.
5600 5521 5601 5680.
5601 5602 5682 5681.
5602 5603 5683 5682.
5603 5604 5684 5683.
5604 5605 5685 5684.
5605 5606 5686 5685.
5606 5607 5687 5686.
5607 5608 5688 5687.
5608 5609 5689 5688.
5609 5610 5690 5689.
5610 5611 5691 5690.
5611 5612 5692 5691.
5612 5613 5693 5692.
5613 5614 5694 5693.
5614 5615 5695 5694.
5615 5616 5696 5695.
5616 5617 5697 5696.
5617 5618 5698 5697.
5618 5619 5699 5698.
5619 5620 5700 5699.
5620 5621 5701 5700.
5621 5622 5702 5701.
5622 5623 5703 5702.
5623 5624 5704 5703.
5624 5625 5705 5704.
5625 5626 5706 5705.
5626 5627 5707 5706.
5627 5628 5708 5707.
5628 5629 5709 5708.
5629 5630 5710 5709.
5630 5631 5711 5710.
5631 5632 5712 5711.
5632 5633 5713 5712.
5633 5634 5714 5713.
5634 5635 5715 5714.
5635 5636 5716 5715.
5636 5637 5717 5716.
5637 5638 5718 5717.
5638 5639 5719 5718.
5639 5640 5720 5719.
5640 5641 5721 5720.
5641 5642 5722 5721.
5642 5643 5723 5722.
5643 5644 5724 5723.
5644 5645 5725 5724.
5645 5646 5726 5725.
5646 5647 5727 5726.
5647 5648 5728 5727.
5648 5649 5729 5728.
5649 5650 5730 5729.
5650 5651 5731 5730.
5651 5652 5732 5731.
5652 5653 5733 5732.
5653 5654 5734 5733.
5654 5655 5735 5734.
5655 5656 5736 5735.
5656 5657 5737 5736.
5657 5658 5738 5737.
5658 5659 5739 5738.
5659 5660 5740 5739.
5660 5661 5741 5740.
5661 5662 5742 5741.
5662 5663 5743 5742.
5663 5664 5744 5743.
5664 5665 5745 5744.
5665 5666 5746 5745.
5666 5667 5747 5746.
5667 5668 5748 5747.
5668 5669 5749 5748.
5669 5670 5750 5749.
5670 5671 5751 5750.
5671 5672 5752 5751.
5672 5673 5753 5752.
5673 5674 5754 5753.
5674 5675 5755 5754.
5675 5676 5756 5755.
5676 5677 5757 5756.
5677 5678 5758 5757.
5678 5679 5759 5758.
5679 5680 5760 5759.
5680 5601 5681 5760.
5681 5682 5762 5761.
5682 5683 5763 5762.
5683 5684 5764 5763.
5684 5685 5765 5764.
5685 5686 5766 5765.
5686 5687 5767 5766.
5687 5688 5768 5767.
5688 5689 5769 5768.
5689 5690 5770 5769.
5690 5691 5771 5770.
5691 5692 5772 5771.
5692 5693 5773 5772.
5693 5694 5774 5773.
5694 5695 5775 5774.
5695 5696 5776 5775.
5696 5697 5777 5776.
5697 5698 5778 5777.
5698 5699 5779 5778.
5699 5700 5780 5779.
5700 5701 5781 5780.
5701 5702 5782 5781.
5702 5703 5783 5782.
5703 5704 5784 5783.
5704 5705 5785 5784.
5705 5706 5786 5785.
5706 5707 5787 5786.
5707 5708 5788 5787.
5708 5709 5789 5788.
5709 5710 5790 5789.
5710 5711 5791 5790.
5711 5712 5792 5791.
5712 5713 5793 5792.
5713 5714 5794 5793.
5714 5715 5795 5794.
5715 5716 5796 5795.
5716 5717 5797 5796.
5717 5718 5798 5797.
5718 5719 5799 5798.
5719 5720 5800 5799.
5720 5721 5801 5800.
5721 5722 5802 5801.
5722 5723 5803 5802.
5723 5724 5804 5803.
5724 5725 5805 5804.
5725 5726 5806 5805.
5726 5727 5807 5806.
5727 5728 5808 5807.
5728 5729 5809 5808.
5729 5730 5810 5809.
5730 5731 5811 5810.
5731 5732 5812 5811.
5732 5733 5813 5812.
5733 5734 5814 5813.
5734 5735 5815 5814.
5735 5736 5816 5815.
5736 5737 5817 5816.
5737 5738 5818 5817.
5738 5739 5819 5818.
5739 5740 5820 5819.
5740 5741 5821 5820.
5741 5742 5822 5821.
5742 5743 5823 5822.
5743 5744 5824 5823.
5744 5745 5825 5824.
5745 5746 5826 5825.
5746 5747 5827 5826.
5747 5748 5828 5827.
5748 5749 5829 5828.
5749 5750 5830 5829.
5750 5751 5831 5830.
5751 5752 5832 5831.
5752 5753 5833 5832.
5753 5754 5834 5833.
5754 5755 5835 5834.
5755 5756 5836 5835.
5756 5757 5837 5836.
5757 5758 5838 5837.
5758 5759 5839 5838.
5759 5760 5840 5839.
5760 5681 5761 5840.
5761 5762 5842 5841.
5762 5763 5843 5842.
5763 5764 5844 5843.
5764 5765 5845 5844.
5765 5766 5846 5845.
5766 5767 5847 5846.
5767 5768 5848 5847.
5768 5769 5849 5848.
5769 5770 5850 5849.
5770 5771 5851 5850.
5771 5772 5852 5851.
5772 5773 5853 5852.
5773 5774 5854 5853.
5774 5775 5855 5854.
5775 5776 5856 5855.
5776 5777 5857 5856.
5777 5778 5858 5857.
5778 5779 5859 5858.
5779 5780 5860 5859.
5780 5781 5861 5860.
5781 5782 5862 5861.
5782 5783 5863 5862.
5783 5784 5864 5863.
5784 5785 5865 5864.
5785 5786 5866 5865.
5786 5787 5867 5866.
5787 5788 5868 5867.
5788 5789 5869 5868.
5789 5790 5870 5869.
5790 5791 5871 5870.
5791 5792 5872 5871.
5792 5793 5873 5872.
5793 5794 5874 5873.
5794 5795 5875 5874.
5795 5796 5876 5875.
5796 5797 5877 5876.
5797 5798 5878 5877.
5798 5799 5879 5878.
5799 5800 5880 5879.
5800 5801 5881 5880.
5801 5802 5882 5881.
5802 5803 5883 5882.
5803 5804 5884 5883.
5804 5805 5885 5884.
5805 5806 5886 5885.
5806 5807 5887 5886.
5807 5808 5888 5887.
5808 5809 5889 5888.
5809 5810 5890 5889.
5810 5811 5891 5890.
5811 5812 5892 5891.
5812 5813 5893 5892.
5813 5814 5894 5893.
5814 5815 5895 5894.
5815 5816 5896 5895.
5816 5817 5897 5896.
5817 5818 5898 5897.
5818 5819 5899 5898.
5819 5820 5900 5899.
5820 5821 5901 5900.
5821 5822 5902 5901.
5822 5823 5903 5902.
5823 5824 5904 5903.
5824 5825 5905 5904.
5825 5826 5906 5905.
5826 5827 5907 5906.
5827 5828 5908 5907.
5828 5829 5909 5908.
5829 5830 5910 5909.
5830 5831 5911 5910.
5831 5832 5912 5911.
5832 5833 5913 5912.
5833 5834 5914 5913.
5834 5835 5915 5914.
5835 5836 5916 5915.
5836 5837 5917 5916.
5837 5838 5918 5917.
5838 5839 5919 5918.
5839 5840 5920 5919.
5840 5761 5841 5920.
5841 5842 5922 5921.
5842 5843 5923 5922.
5843 5844 5924 5923.
5844 5845 5925 5924.
5845 5846 5926 5925.
5846 5847 5927 5926.
5847 5848 5928 5927.
5848 5849 5929 5928.
5849 5850 5930 5929.
5850 5851 5931 5930.
5851 5852 5932 5931.
5852 5853 5933 5932.
5853 5854 5934 5933.
5854 5855 5935 5934.
5855 5856 5936 5935.
5856 5857 5937 5936.
5857 5858 5938 5937.
5858 5859 5939 5938.
5859 5860 5940 5939.
5860 5861 5941 5940.
5861 5862 5942 5941.
5862 5863 5943 5942.
5863 5864 5944 5943.
5864 5865 5945 5944.
5865 5866 5946 5945.
5866 5867 5947 5946.
5867 5868 5948 5947.
5868 5869 5949 5948.
5869 5870 5950 5949.
5870 5871 5951 5950.
5871 5872 5952 5951.
5872 5873 5953 5952.
5873 5874 5954 5953.
5874 5875 5955 5954.
5875 5876 5956 5955.
5876 5877 5957 5956.
5877 5878 5958 5957.
5878 5879 5959 5958.
5879 5880 5960 5959.
5880 5881 5961 5960.
5881 5882 5962 5961.
5882 5883 5963 5962.
5883 5884 5964 5963.
5884 5885 5965 5964.
5885 5886 5966 5965.
5886 5887 5967 5966.
5887 5888 5968 5967.
5888 5889 5969 5968.
5889 5890 5970 5969.
5890 5891 5971 5970.
5891 5892 5972 5971.
5892 5893 5973 5972.
5893 5894 5974 5973.
5894 5895 5975 5974.
5895 5896 5976 5975.
5896 5897 5977 5976.
5897 5898 5978 5977.
5898 5899 5979 5978.
5899 5900 5980 5979.
5900 5901 5981 5980.
5901 5902 5982 5981.
5902 5903 5983 5982.
5903 5904 5984 5983.
5904 5905 5985 5984.
5905 5906 5986 5985.
5906 5907 5987 5986.
5907 5908 5988 5987.
5908 5909 5989 5988.
5909 5910 5990 5989.
5910 5911 5991 5990.
5911 5912 5992 5991.
5912 5913 5993 5992.
5913 5914 5994 5993.
5914 5915 5995 5994.
5915 5916 5996 5995.
5916 5917 5997 5996.
5917 5918 5998 5997.
5918 5919 5999 5998.
5919 5920 6000 5999.
5920 5841 5921 6000.
5921 5922 6002 6001.
5922 5923 6003 6002.
5923 5924 6004 6003.
5924 5925 6005 6004.
5925 5926 6006 6005.
5926 5927 6007 6006.
5927 5928 6008 6007.
5928 5929 6009 6008.
5929 5930 6010 6009.
5930 5931 6011 6010.
5931 5932 6012 6011.
5932 5933 6013 6012.
5933 5934 6014 6013.
5934 5935 6015 6014.
5935 5936 6016 6015.
5936 5937 6017 6016.
5937 5938 6018 6017.
5938 5939 6019 6018.
5939 5940 6020 6019.
5940 5941 6021 6020.
5941 5942 6022 6021.
5942 5943 6023 6022.
5943 5944 6024 6023.
5944 5945 6025 6024.
5945 5946 6026 6025.
5946 5947 6027 6026.
5947 5948 6028 6027.
5948 5949 6029 6028.
5949 5950 6030 6029.
5950 5951 6031 6030.
5951 5952 6032 6031.
5952 5953 6033 6032.
5953 5954 6034 6033.
5954 5955 6035 6034.
5955 5956 6036 6035.
5956 5957 6037 6036.
5957 5958 6038 6037.
5958 5959 6039 6038.
5959 5960 6040 6039.
5960 5961 6041 6040.
5961 5962 6042 6041.
5962 5963 6043 6042.
5963 5964 6044 6043.
5964 5965 6045 6044.
5965 5966 6046 6045.
5966 5967 6047 6046.
5967 5968 6048 6047.
5968 5969 6049 6048.
5969 5970 6050 6049.
5970 5971 6051 6050.
5971 5972 6052 6051.
5972 5973 6053 6052.
5973 5974 6054 6053.
5974 5975 6055 6054.
5975 5976 6056 6055.
5976 5977 6057 6056.
5977 5978 6058 6057.
5978 5979 6059 6058.
5979 5980 6060 6059.
5980 5981 6061 6060.
5981 5982 6062 6061.
5982 5983 6063 6062.
5983 5984 6064 6063.
5984 5985 6065 6064.
5985 5986 6066 6065.
5986 5987 6067 6066.
5987 5988 6068 6067.
5988 5989 6069 6068.
5989 5990 6070 6069.
5990 5991 6071 6070.
5991 5992 6072 6071.
5992 5993 6073 6072.
5993 5994 6074 6073.
5994 5995 6075 6074.
5995 5996 6076 6075.
5996 5997 6077 6076.
5997 5998 6078 6077.
5998 5999 6079 6078.
5999 6000 6080 6079.
6000 5921 6001 6080.
6001 6002 6082 6081.
6002 6003 6083 6082.
6003 6004 6084 6083.
6004 6005 6085 6084.
6005 6006 6086 6085.
6006 6007 6087 6086.
6007 6008 6088 6087.
6008 6009 6089 6088.
6009 6010 6090 6089.
6010 6011 6091 6090.
6011 6012 6092 6091.
6012 6013 6093 6092.
6013 6014 6094 6093.
6014 6015 6095 6094.
6015 6016 6096 6095.
6016 6017 6097 6096.
6017 6018 6098 6097.
6018 6019 6099 6098.
6019 6020 6100 6099.
6020 6021 6101 6100.
6021 6022 6102 6101.
6022 6023 6103 6102.
6023 6024 6104 6103.
6024 6025 6105 6104.
6025 6026 6106 6105.
6026 6027 6107 6106.
6027 6028 6108 6107.
6028 6029 6109 6108.
6029 6030 6110 6109.
6030 6031 6111 6110.
6031 6032 6112 6111.
6032 6033 6113 6112.
6033 6034 6114 6113.
6034 6035 6115 6114.
6035 6036 6116 6115.
6036 6037 6117 6116.
6037 6038 6118 6117.
6038 6039 6119 6118.
6039 6040 6120 6119.
6040 6041 6121 6120.
6041 6042 6122 6121.
6042 6043 6123 6122.
6043 6044 6124 6123.
6044 6045 6125 6124.
6045 6046 6126 6125.
6046 6047 6127 6126.
6047 6048 6128 6127.
6048 6049 6129 6128.
6049 6050 6130 6129.
6050 6051 6131 6130.
6051 6052 6132 6131.
6052 6053 6133 6132.
6053 6054 6134 6133.
6054 6055 6135 6134.
6055 6056 6136 6135.
6056 6057 6137 6136.
6057 6058 6138 6137.
6058 6059 6139 6138.
6059 6060 6140 6139.
6060 6061 6141 6140.
6061 6062 6142 6141.
6062 6063 6143 6142.
6063 6064 6144 6143.
6064 6065 6145 6144.
6065 6066 6146 6145.
6066 6067 6147 6146.
6067 6068 6148 6147.
6068 6069 6149 6148.
6069 6070 6150 6149.
6070 6071 6151 6150.
6071 6072 6152 6151.
6072 6073 6153 6152.
6073 6074 6154 6153.
6074 6075 6155 6154.
6075 6076 6156 6155.
6076 6077 6157 6156.
6077 6078 6158 6157.
6078 6079 6159 6158.
6079 6080 6160 6159.
6080 6001 6081 6160.
6081 6082 6162 6161.
6082 6083 6163 6162.
6083 6084 6164 6163.
6084 6085 6165 6164.
6085 6086 6166 6165.
6086 6087 6167 6166.
6087 6088 6168 6167.
6088 6089 6169 6168.
6089 6090 6170 6169.
6090 6091 6171 6170.
6091 6092 6172 6171.
6092 6093 6173 6172.
6093 6094 6174 6173.
6094 6095 6175 6174.
6095 6096 6176 6175.
6096 6097 6177 6176.
6097 6098 6178 6177.
6098 6099 6179 6178.
6099 6100 6180 6179.
6100 6101 6181 6180.
6101 6102 6182 6181.
6102 6103 6183 6182.
6103 6104 6184 6183.
6104 6105 6185 6184.
6105 6106 6186 6185.
6106 6107 6187 6186.
6107 6108 6188 6187.
6108 6109 6189 6188.
6109 6110 6190 6189.
6110 6111 6191 6190.
6111 6112 6192 6191.
6112 6113 6193 6192.
6113 6114 6194 6193.
6114 6115 6195 6194.
6115 6116 6196 6195.
6116 6117 6197 6196.
6117 6118 6198 6197.
6118 6119 6199 6198.
6119 6120 6200 6199.
6120 6121 6201 6200.
6121 6122 6202 6201.
6122 6123 6203 6202.
6123 6124 6204 6203.
6124 6125 6205 6204.
6125 6126 6206 6205.
6126 6127 6207 6206.
6127 6128 6208 6207.
6128 6129 6209 6208.
6129 6130 6210 6209.
6130 6131 6211 6210.
6131 6132 6212 6211.
6132 6133 6213 6212.
6133 6134 6214 6213.
6134 6135 6215 6214.
6135 6136 6216 6215.
6136 6137 6217 6216.
6137 6138 6218 6217.
6138 6139 6219 6218.
6139 6140 6220 6219.
6140 6141 6221 6220.
6141 6142 6222 6221.
6142 6143 6223 6222.
6143 6144 6224 6223.
6144 6145 6225 6224.
6145 6146 6226 6225.
6146 6147 6227 6226.
6147 6148 6228 6227.
6148 6149 6229 6228.
6149 6150 6230 6229.
6150 6151 6231 6230.
6151 6152 6232 6231.
6152 6153 6233 6232.
6153 6154 6234 6233.
6154 6155 6235 6234.
6155 6156 6236 6235.
6156 6157 6237 6236.
6157 6158 6238 6237.
6158 6159 6239 6238.
6159 6160 6240 6239.
6160 6081 6161 6240.
6161 6162 6242 6241.
6162 6163 6243 6242.
6163 6164 6244 6243.
6164 6165 6245 6244.
6165 6166 6246 6245.
6166 6167 6247 6246.
6167 6168 6248 6247.
6168 6169 6249 6248.
6169 6170 6250 6249.
6170 6171 6251 6250.
6171 6172 6252 6251.
6172 6173 6253 6252.
6173 6174 6254 6253.
6174 6175 6255 6254.
6175 6176 6256 6255.
6176 6177 6257 6256.
6177 6178 6258 6257.
6178 6179 6259 6258.
6179 6180 6260 6259.
6180 6181 6261 6260.
6181 6182 6262 6261.
6182 6183 6263 6262.
6183 6184 6264 6263.
6184 6185 6265 6264.
6185 6186 6266 6265.
6186 6187 6267 6266.
6187 6188 6268 6267.
6188 6189 6269 6268.
6189 6190 6270 6269.
6190 6191 6271 6270.
6191 6192 6272 6271.
6192 6193 6273 6272.
6193 6194 6274 6273.
6194 6195 6275 6274.
6195 6196 6276 6275.
6196 6197 6277 6276.
6197 6198 6278 6277.
6198 6199 6279 6278.
6199 6200 6280 6279.
6200 6201 6281 6280.
6201 6202 6282 6281.
6202 6203 6283 6282.
6203 6204 6284 6283.
6204 6205 6285 6284.
6205 6206 6286 6285.
6206 6207 6287 6286.
6207 6208 6288 6287.
6208 6209 6289 6288.
6209 6210 6290 6289.
6210 6211 6291 6290.
6211 6212 6292 6291.
6212 6213 6293 6292.
6213 6214 6294 6293.
6214 6215 6295 6294.
6215 6216 6296 6295.
6216 6217 6297 6296.
6217 6218 6298 6297.
6218 6219 6299 6298.
6219 6220 6300 6299.
6220 6221 6301 6300.
6221 6222 6302 6301.
6222 6223 6303 6302.
6223 6224 6304 6303.
6224 6225 6305 6304.
6225 6226 6306 6305.
6226 6227 6307 6306.
6227 6228 6308 6307.
6228 6229 6309 6308.
6229 6230 6310 6309.
6230 6231 6311 6310.
6231 6232 6312 6311.
6232 6233 6313 6312.
6233 6234 6314 6313.
6234 6235 6315 6314.
6235 6236 6316 6315.
6236 6237 6317 6316.
6237 6238 6318 6317.
6238 6239 6319 6318.
6239 6240 6320 6319.
6240 6161 6241 6320.
6241 6242 6322 6321.
6242 6243 6323 6322.
6243 6244 6324 6323.
6244 6245 6325 6324.
6245 6246 6326 6325.
6246 6247 6327 6326.
6247 6248 6328 6327.
6248 6249 6329 6328.
6249 6250 6330 6329.
6250 6251 6331 6330.
6251 6252 6332 6331.
6252 6253 6333 6332.
6253 6254 6334 6333.
6254 6255 6335 6334.
6255 6256 6336 6335.
6256 6257 6337 6336.
6257 6258 6338 6337.
6258 6259 6339 6338.
6259 6260 6340 6339.
6260 6261 6341 6340.
6261 6262 6342 6341.
6262 6263 6343 6342.
6263 6264 6344 6343.
6264 6265 6345 6344.
6265 6266 6346 6345.
6266 6267 6347 6346.
6267 6268 6348 6347.
6268 6269 6349 6348.
6269 6270 6350 6349.
6270 6271 6351 6350.
6271 6272 6352 6351.
6272 6273 6353 6352.
6273 6274 6354 6353.
6274 6275 6355 6354.
6275 6276 6356 6355.
6276 6277 6357 6356.
6277 6278 6358 6357.
6278 6279 6359 6358.
6279 6280 6360 6359.
6280 6281 6361 6360.
6281 6282 6362 6361.
6282 6283 6363 6362.
6283 6284 6364 6363.
6284 6285 6365 6364.
6285 6286 6366 6365.
6286 6287 6367 6366.
6287 6288 6368 6367.
6288 6289 6369 6368.
6289 6290 6370 6369.
6290 6291 6371 6370.
6291 6292 6372 6371.
6292 6293 6373 6372.
6293 6294 6374 6373.
6294 6295 6375 6374.
6295 6296 6376 6375.
6296 6297 6377 6376.
6297 6298 6378 6377.
6298 6299 6379 6378.
6299 6300 6380 6379.
6300 6301 6381 6380.
6301 6302 6382 6381.
6302 6303 6383 6382.
6303 6304 6384 6383.
6304 6305 6385 6384.
6305 6306 6386 6385.
6306 6307 6387 6386.
6307 6308 6388 6387.
6308 6309 6389 6388.
6309 6310 6390 6389.
6310 6311 6391 6390.
6311 6312 6392 6391.
6312 6313 6393 6392.
6313 6314 6394 6393.
6314 6315 6395 6394.
6315 6316 6396 6395.
6316 6317 6397 6396.
6317 6318 6398 6397.
6318 6319 6399 6398.
6319 6320 6400 6399.
6320 6241 6321 6400.
6321 6322 6402 6401.
6322 6323 6403 6402.
6323 6324 6404 6403.
6324 6325 6405 6404.
6325 6326 6406 6405.
6326 6327 6407 6406.
6327 6328 6408 6407.
6328 6329 6409 6408.
6329 6330 6410 6409.
6330 6331 6411 6410.
6331 6332 6412 6411.
6332 6333 6413 6412.
6333 6334 6414 6413.
6334 6335 6415 6414.
6335 6336 6416 6415.
6336 6337 6417 6416.
6337 6338 6418 6417.
6338 6339 6419 6418.
6339 6340 6420 6419.
6340 6341 6421 6420.
6341 6342 6422 6421.
6342 6343 6423 6422.
6343 6344 6424 6423.
6344 6345 6425 6424.
6345 6346 6426 6425.
6346 6347 6427 6426.
6347 6348 6428 6427.
6348 6349 6429 6428.
6349 6350 6430 6429.
6350 6351 6431 6430.
6351 6352 6432 6431.
6352 6353 6433 6432.
6353 6354 6434 6433.
6354 6355 6435 6434.
6355 6356 6436 6435.
6356 6357 6437 6436.
6357 6358 6438 6437.
6358 6359 6439 6438.
6359 6360 6440 6439.
6360 6361 6441 6440.
6361 6362 6442 6441.
6362 6363 6443 6442.
6363 6364 6444 6443.
6364 6365 6445 6444.
6365 6366 6446 6445.
6366 6367 6447 6446.
6367 6368 6448 6447.
6368 6369 6449 6448.
6369 6370 6450 6449.
6370 6371 6451 6450.
6371 6372 6452 6451.
6372 6373 6453 6452.
6373 6374 6454 6453.
6374 6375 6455 6454.
6375 6376 6456 6455.
6376 6377 6457 6456.
6377 6378 6458 6457.
6378 6379 6459 6458.
6379 6380 6460 6459.
6380 6381 6461 6460.
6381 6382 6462 6461.
6382 6383 6463 6462.
6383 6384 6464 6463.
6384 6385 6465 6464.
6385 6386 6466 6465.
6386 6387 6467 6466.
6387 6388 6468 6467.
6388 6389 6469 6468.
6389 6390 6470 6469.
6390 6391 6471 6470.
6391 6392 6472 6471.
6392 6393 6473 6472.
6393 6394 6474 6473.
6394 6395 6475 6474.
6395 6396 6476 6475.
6396 6397 6477 6476.
6397 6398 6478 6477.
6398 6399 6479 6478.
6399 6400 6480 6479.
6400 6321 6401 6480.
6401 6402 6482 6481.
6402 6403 6483 6482.
6403 6404 6484 6483.
6404 6405 6485 6484.
6405 6406 6486 6485.
6406 6407 6487 6486.
6407 6408 6488 6487.
6408 6409 6489 6488.
6409 6410 6490 6489.
6410 6411 6491 6490.
6411 6412 6492 6491.
6412 6413 6493 6492.
6413 6414 6494 6493.
6414 6415 6495 6494.
6415 6416 6496 6495.
6416 6417 6497 6496.
6417 6418 6498 6497.
6418 6419 6499 6498.
6419 6420 6500 6499.
6420 6421 6501 6500.
6421 6422 6502 6501.
6422 6423 6503 6502.
6423 6424 6504 6503.
6424 6425 6505 6504.
6425 6426 6506 6505.
6426 6427 6507 6506.
6427 6428 6508 6507.
6428 6429 6509 6508.
6429 6430 6510 6509.
6430 6431 6511 6510.
6431 6432 6512 6511.
6432 6433 6513 6512.
6433 6434 6514 6513.
6434 6435 6515 6514.
6435 6436 6516 6515.
6436 6437 6517 6516.
6437 6438 6518 6517.
6438 6439 6519 6518.
6439 6440 6520 6519.
6440 6441 6521 6520.
6441 6442 6522 6521.
6442 6443 6523 6522.
6443 6444 6524 6523.
6444 6445 6525 6524.
6445 6446 6526 6525.
6446 6447 6527 6526.
6447 6448 6528 6527.
6448 6449 6529 6528.
6449 6450 6530 6529.
6450 6451 6531 6530.
6451 6452 6532 6531.
6452 6453 6533 6532.
6453 6454 6534 6533.
6454 6455 6535 6534.
6455 6456 6536 6535.
6456 6457 6537 6536.
6457 6458 6538 6537.
6458 6459 6539 6538.
6459 6460 6540 6539.
6460 6461 6541 6540.
6461 6462 6542 6541.
6462 6463 6543 6542.
6463 6464 6544 6543.
6464 6465 6545 6544.
6465 6466 6546 6545.
6466 6467 6547 6546.
6467 6468 6548 6547.
6468 6469 6549 6548.
6469 6470 6550 6549.
6470 6471 6551 6550.
6471 6472 6552 6551.
6472 6473 6553 6552.
6473 6474 6554 6553.
6474 6475 6555 6554.
6475 6476 6556 6555.
6476 6477 6557 6556.
6477 6478 6558 6557.
6478 6479 6559 6558.
6479 6480 6560 6559.
6480 6401 6481 6560.
6481 6482 6562 6561.
6482 6483 6563 6562.
6483 6484 6564 6563.
6484 6485 6565 6564.
6485 6486 6566 6565.
6486 6487 6567 6566.
6487 6488 6568 6567.
6488 6489 6569 6568.
6489 6490 6570 6569.
6490 6491 6571 6570.
6491 6492 6572 6571.
6492 6493 6573 6572.
6493 6494 6574 6573.
6494 6495 6575 6574.
6495 6496 6576 6575.
6496 6497 6577 6576.
6497 6498 6578 6577.
6498 6499 6579 6578.
6499 6500 6580 6579.
6500 6501 6581 6580.
6501 6502 6582 6581.
6502 6503 6583 6582.
6503 6504 6584 6583.
6504 6505 6585 6584.
6505 6506 6586 6585.
6506 6507 6587 6586.
6507 6508 6588 6587.
6508 6509 6589 6588.
6509 6510 6590 6589.
6510 6511 6591 6590.
6511 6512 6592 6591.
6512 6513 6593 6592.
6513 6514 6594 6593.
6514 6515 6595 6594.
6515 6516 6596 6595.
6516 6517 6597 6596.
6517 6518 6598 6597.
6518 6519 6599 6598.
6519 6520 6600 6599.
6520 6521 6601 6600.
6521 6522 6602 6601.
6522 6523 6603 6602.
6523 6524 6604 6603.
6524 6525 6605 6604.
6525 6526 6606 6605.
6526 6527 6607 6606.
6527 6528 6608 6607.
6528 6529 6609 6608.
6529 6530 6610 6609.
6530 6531 6611 6610.
6531 6532 6612 6611.
6532 6533 6613 6612.
6533 6534 6614 6613.
6534 6535 6615 6614.
6535 6536 6616 6615.
6536 6537 6617 6616.
6537 6538 6618 6617.
6538 6539 6619 6618.
6539 6540 6620 6619.
6540 6541 6621 6620.
6541 6542 6622 6621.
6542 6543 6623 6622.
6543 6544 6624 6623.
6544 6545 6625 6624.
6545 6546 6626 6625.
6546 6547 6627 6626.
6547 6548 6628 6627.
6548 6549 6629 6628.
6549 6550 6630 6629.
6550 6551 6631 6630.
6551 6552 6632 6631.
6552 6553 6633 6632.
6553 6554 6634 6633.
6554 6555 6635 6634.
6555 6556 6636 6635.
6556 6557 6637 6636.
6557 6558 6638 6637.
6558 6559 6639 6638.
6559 6560 6640 6639.
6560 6481 6561 6640.
6561 6562 6642 6641.
6562 6563 6643 6642.
6563 6564 6644 6643.
6564 6565 6645 6644.
6565 6566 6646 6645.
6566 6567 6647 6646.
6567 6568 6648 6647.
6568 6569 6649 6648.
6569 6570 6650 6649.
6570 6571 6651 6650.
6571 6572 6652 6651.
6572 6573 6653 6652.
6573 6574 6654 6653.
6574 6575 6655 6654.
6575 6576 6656 6655.
6576 6577 6657 6656.
6577 6578 6658 6657.
6578 6579 6659 6658.
6579 6580 6660 6659.
6580 6581 6661 6660.
6581 6582 6662 6661.
6582 6583 6663 6662.
6583 6584 6664 6663.
6584 6585 6665 6664.
6585 6586 6666 6665.
6586 6587 6667 6666.
6587 6588 6668 6667.
6588 6589 6669 6668.
6589 6590 6670 6669.
6590 6591 6671 6670.
6591 6592 6672 6671.
6592 6593 6673 6672.
6593 6594 6674 6673.
6594 6595 6675 6674.
6595 6596 6676 6675.
6596 6597 6677 6676.
6597 6598 6678 6677.
6598 6599 6679 6678.
6599 6600 6680 6679.
6600 6601 6681 6680.
6601 6602 6682 6681.
6602 6603 6683 6682.
6603 6604 6684 6683.
6604 6605 6685 6684.
6605 6606 6686 6685.
6606 6607 6687 6686.
6607 6608 6688 6687.
6608 6609 6689 6688.
6609 6610 6690 6689.
6610 6611 6691 6690.
6611 6612 6692 6691.
6612 6613 6693 6692.
6613 6614 6694 6693.
6614 6615 6695 6694.
6615 6616 6696 6695.
6616 6617 6697 6696.
6617 6618 6698 6697.
6618 6619 6699 6698.
6619 6620 6700 6699.
6620 6621 6701 6700.
6621 6622 6702 6701.
6622 6623 6703 6702.
6623 6624 6704 6703.
6624 6625 6705 6704.
6625 6626 6706 6705.
6626 6627 6707 6706.
6627 6628 6708 6707.
6628 6629 6709 6708.
6629 6630 6710 6709.
6630 6631 6711 6710.
6631 6632 6712 6711.
6632 6633 6713 6712.
6633 6634 6714 6713.
6634 6635 6715 6714.
6635 6636 6716 6715.
6636 6637 6717 6716.
6637 6638 6718 6717.
6638 6639 6719 6718.
6639 6640 6720 6719.
6640 6561 6641 6720.
6641 6642 6722 6721.
6642 6643 6723 6722.
6643 6644 6724 6723.
6644 6645 6725 6724.
6645 6646 6726 6725.
6646 6647 6727 6726.
6647 6648 6728 6727.
6648 6649 6729 6728.
6649 6650 6730 6729.
6650 6651 6731 6730.
6651 6652 6732 6731.
6652 6653 6733 6732.
6653 6654 6734 6733.
6654 6655 6735 6734.
6655 6656 6736 6735.
6656 6657 6737 6736.
6657 6658 6738 6737.
6658 6659 6739 6738.
6659 6660 6740 6739.
6660 6661 6741 6740.
6661 6662 6742 6741.
6662 6663 6743 6742.
6663 6664 6744 6743.
6664 6665 6745 6744.
6665 6666 6746 6745.
6666 6667 6747 6746.
6667 6668 6748 6747.
6668 6669 6749 6748.
6669 6670 6750 6749.
6670 6671 6751 6750.
6671 6672 6752 6751.
6672 6673 6753 6752.
6673 6674 6754 6753.
6674 6675 6755 6754.
6675 6676 6756 6755.
6676 6677 6757 6756.
6677 6678 6758 6757.
6678 6679 6759 6758.
6679 6680 6760 6759.
6680 6681 6761 6760.
6681 6682 6762 6761.
6682 6683 6763 6762.
6683 6684 6764 6763.
6684 6685 6765 6764.
6685 6686 6766 6765.
6686 6687 6767 6766.
6687 6688 6768 6767.
6688 6689 6769 6768.
6689 6690 6770 6769.
6690 6691 6771 6770.
6691 6692 6772 6771.
6692 6693 6773 6772.
6693 6694 6774 6773.
6694 6695 6775 6774.
6695 6696 6776 6775.
6696 6697 6777 6776.
6697 6698 6778 6777.
6698 6699 6779 6778.
6699 6700 6780 6779.
6700 6701 6781 6780.
6701 6702 6782 6781.
6702 6703 6783 6782.
6703 6704 6784 6783.
6704 6705 6785 6784.
6705 6706 6786 6785.
6706 6707 6787 6786.
6707 6708 6788 6787.
6708 6709 6789 6788.
6709 6710 6790 6789.
6710 6711 6791 6790.
6711 6712 6792 6791.
6712 6713 6793 6792.
6713 6714 6794 6793.
6714 6715 6795 6794.
6715 6716 6796 6795.
6716 6717 6797 6796.
6717 6718 6798 6797.
6718 6719 6799 6798.
6719 6720 6800 6799.
6720 6641 6721 6800.
6721 6722 6802 6801.
6722 6723 6803 6802.
6723 6724 6804 6803.
6724 6725 6805 6804.
6725 6726 6806 6805.
6726 6727 6807 6806.
6727 6728 6808 6807.
6728 6729 6809 6808.
6729 6730 6810 6809.
6730 6731 6811 6810.
6731 6732 6812 6811.
6732 6733 6813 6812.
6733 6734 6814 6813.
6734 6735 6815 6814.
6735 6736 6816 6815.
6736 6737 6817 6816.
6737 6738 6818 6817.
6738 6739 6819 6818.
6739 6740 6820 6819.
6740 6741 6821 6820.
6741 6742 6822 6821.
6742 6743 6823 6822.
6743 6744 6824 6823.
6744 6745 6825 6824.
6745 6746 6826 6825.
6746 6747 6827 6826.
6747 6748 6828 6827.
6748 6749 6829 6828.
6749 6750 6830 6829.
6750 6751 6831 6830.
6751 6752 6832 6831.
6752 6753 6833 6832.
6753 6754 6834 6833.
6754 6755 6835 6834.
6755 6756 6836 6835.
6756 6757 6837 6836.
6757 6758 6838 6837.
6758 6759 6839 6838.
6759 6760 6840 6839.
6760 6761 6841 6840.
6761 6762 6842 6841.
6762 6763 6843 6842.
6763 6764 6844 6843.
6764 6765 6845 6844.
6765 6766 6846 6845.
6766 6767 6847 6846.
6767 6768 6848 6847.
6768 6769 6849 6848.
6769 6770 6850 6849.
6770 6771 6851 6850.
6771 6772 6852 6851.
6772 6773 6853 6852.
6773 6774 6854 6853.
6774 6775 6855 6854.
6775 6776 6856 6855.
6776 6777 6857 6856.
6777 6778 6858 6857.
6778 6779 6859 6858.
6779 6780 6860 6859.
6780 6781 6861 6860.
6781 6782 6862 6861.
6782 6783 6863 6862.
6783 6784 6864 6863.
6784 6785 6865 6864.
6785 6786 6866 6865.
6786 6787 6867 6866.
6787 6788 6868 6867.
6788 6789 6869 6868.
6789 6790 6870 6869.
6790 6791 6871 6870.
6791 6792 6872 6871.
6792 6793 6873 6872.
6793 6794 6874 6873.
6794 6795 6875 6874.
6795 6796 6876 6875.
6796 6797 6877 6876.
6797 6798 6878 6877.
6798 6799 6879 6878.
6799 6800 6880 6879.
6800 6721 6801 6880.
6801 6802 6882 6881.
6802 6803 6883 6882.
6803 6804 6884 6883.
6804 6805 6885 6884.
6805 6806 6886 6885.
6806 6807 6887 6886.
6807 6808 6888 6887.
6808 6809 6889 6888.
6809 6810 6890 6889.
6810 6811 6891 6890.
6811 6812 6892 6891.
6812 6813 6893 6892.
6813 6814 6894 6893.
6814 6815 6895 6894.
6815 6816 6896 6895.
6816 6817 6897 6896.
6817 6818 6898 6897.
6818 6819 6899 6898.
6819 6820 6900 6899.
6820 6821 6901 6900.
6821 6822 6902 6901.
6822 6823 6903 6902.
6823 6824 6904 6903.
6824 6825 6905 6904.
6825 6826 6906 6905.
6826 6827 6907 6906.
6827 6828 6908 6907.
6828 6829 6909 6908.
6829 6830 6910 6909.
6830 6831 6911 6910.
6831 6832 6912 6911.
6832 6833 6913 6912.
6833 6834 6914 6913.
6834 6835 6915 6914.
6835 6836 6916 6915.
6836 6837 6917 6916.
6837 6838 6918 6917.
6838 6839 6919 6918.
6839 6840 6920 6919.
6840 6841 6921 6920.
6841 6842 6922 6921.
6842 6843 6923 6922.
6843 6844 6924 6923.
6844 6845 6925 6924.
6845 6846 6926 6925.
6846 6847 6927 6926.
6847 6848 6928 6927.
6848 6849 6929 6928.
6849 6850 6930 6929.
6850 6851 6931 6930.
6851 6852 6932 6931.
6852 6853 6933 6932.
6853 6854 6934 6933.
6854 6855 6935 6934.
6855 6856 6936 6935.
6856 6857 6937 6936.
6857 6858 6938 6937.
6858 6859 6939 6938.
6859 6860 6940 6939.
6860 6861 6941 6940.
6861 6862 6942 6941.
6862 6863 6943 6942.
6863 6864 6944 6943.
6864 6865 6945 6944.
6865 6866 6946 6945.
6866 6867 6947 6946.
6867 6868 6948 6947.
6868 6869 6949 6948.
6869 6870 6950 6949.
6870 6871 6951 6950.
6871 6872 6952 6951.
6872 6873 6953 6952.
6873 6874 6954 6953.
6874 6875 6955 6954.
6875 6876 6956 6955.
6876 6877 6957 6956.
6877 6878 6958 6957.
6878 6879 6959 6958.
6879 6880 6960 6959.
6880 6801 6881 6960.
6881 6882 6962 6961.
6882 6883 6963 6962.
6883 6884 6964 6963.
6884 6885 6965 6964.
6885 6886 6966 6965.
6886 6887 6967 6966.
6887 6888 6968 6967.
6888 6889 6969 6968.
6889 6890 6970 6969.
6890 6891 6971 6970.
6891 6892 6972 6971.
6892 6893 6973 6972.
6893 6894 6974 6973.
6894 6895 6975 6974.
6895 6896 6976 6975.
6896 6897 6977 6976.
6897 6898 6978 6977.
6898 6899 6979 6978.
6899 6900 6980 6979.
6900 6901 6981 6980.
6901 6902 6982 6981.
6902 6903 6983 6982.
6903 6904 6984 6983.
6904 6905 6985 6984.
6905 6906 6986 6985.
6906 6907 6987 6986.
6907 6908 6988 6987.
6908 6909 6989 6988.
6909 6910 6990 6989.
6910 6911 6991 6990.
6911 6912 6992 6991.
6912 6913 6993 6992.
6913 6914 6994 6993.
6914 6915 6995 6994.
6915 6916 6996 6995.
6916 6917 6997 6996.
6917 6918 6998 6997.
6918 6919 6999 6998.
6919 6920 7000 6999.
6920 6921 7001 7000.
6921 6922 7002 7001.
6922 6923 7003 7002.
6923 6924 7004 7003.
6924 6925 7005 7004.
6925 6926 7006 7005.
6926 6927 7007 7006.
6927 6928 7008 7007.
6928 6929 7009 7008.
6929 6930 7010 7009.
6930 6931 7011 7010.
6931 6932 7012 7011.
6932 6933 7013 7012.
6933 6934 7014 7013.
6934 6935 7015 7014.
6935 6936 7016 7015.
6936 6937 7017 7016.
6937 6938 7018 7017.
6938 6939 7019 7018.
6939 6940 7020 7019.
6940 6941 7021 7020.
6941 6942 7022 7021.
6942 6943 7023 7022.
6943 6944 7024 7023.
6944 6945 7025 7024.
6945 6946 7026 7025.
6946 6947 7027 7026.
6947 6948 7028 7027.
6948 6949 7029 7028.
6949 6950 7030 7029.
6950 6951 7031 7030.
6951 6952 7032 7031.
6952 6953 7033 7032.
6953 6954 7034 7033.
6954 6955 7035 7034.
6955 6956 7036 7035.
6956 6957 7037 7036.
6957 6958 7038 7037.
6958 6959 7039 7038.
6959 6960 7040 7039.
6960 6881 6961 7040.
6961 6962 7042 7041.
6962 6963 7043 7042.
6963 6964 7044 7043.
6964 6965 7045 7044.
6965 6966 7046 7045.
6966 6967 7047 7046.
6967 6968 7048 7047.
6968 6969 7049 7048.
6969 6970 7050 7049.
6970 6971 7051 7050.
6971 6972 7052 7051.
6972 6973 7053 7052.
6973 6974 7054 7053.
6974 6975 7055 7054.
6975 6976 7056 7055.
6976 6977 7057 7056.
6977 6978 7058 7057.
6978 6979 7059 7058.
6979 6980 7060 7059.
6980 6981 7061 7060.
6981 6982 7062 7061.
6982 6983 7063 7062.
6983 6984 7064 7063.
6984 6985 7065 7064.
6985 6986 7066 7065.
6986 6987 7067 7066.
6987 6988 7068 7067.
6988 6989 7069 7068.
6989 6990 7070 7069.
6990 6991 7071 7070.
6991 6992 7072 7071.
6992 6993 7073 7072.
6993 6994 7074 7073.
6994 6995 7075 7074.
6995 6996 7076 7075.
6996 6997 7077 7076.
6997 6998 7078 7077.
6998 6999 7079 7078.
6999 7000 7080 7079.
7000 7001 7081 7080.
7001 7002 7082 7081.
7002 7003 7083 7082.
7003 7004 7084 7083.
7004 7005 7085 7084.
7005 7006 7086 7085.
7006 7007 7087 7086.
7007 7008 7088 7087.
7008 7009 7089 7088.
7009 7010 7090 7089.
7010 7011 7091 7090.
7011 7012 7092 7091.
7012 7013 7093 7092.
7013 7014 7094 7093.
7014 7015 7095 7094.
7015 7016 7096 7095.
7016 7017 7097 7096.
7017 7018 7098 7097.
7018 7019 7099 7098.
7019 7020 7100 7099.
7020 7021 7101 7100.
7021 7022 7102 7101.
7022 7023 7103 7102.
7023 7024 7104 7103.
7024 7025 7105 7104.
7025 7026 7106 7105.
7026 7027 7107 7106.
7027 7028 7108 7107.
7028 7029 7109 7108.
7029 7030 7110 7109.
7030 7031 7111 7110.
7031 7032 7112 7111.
7032 7033 7113 7112.
7033 7034 7114 7113.
7034 7035 7115 7114.
7035 7036 7116 7115.
7036 7037 7117 7116.
7037 7038 7118 7117.
7038 7039 7119 7118.
7039 7040 7120 7119.
7040 6961 7041 7120.
7041 7042 7122 7121.
7042 7043 7123 7122.
7043 7044 7124 7123.
7044 7045 7125 7124.
7045 7046 7126 7125.
7046 7047 7127 7126.
7047 7048 7128 7127.
7048 7049 7129 7128.
7049 7050 7130 7129.
7050 7051 7131 7130.
7051 7052 7132 7131.
7052 7053 7133 7132.
7053 7054 7134 7133.
7054 7055 7135 7134.
7055 7056 7136 7135.
7056 7057 7137 7136.
7057 7058 7138 7137.
7058 7059 7139 7138.
7059 7060 7140 7139.
7060 7061 7141 7140.
7061 7062 7142 7141.
7062 7063 7143 7142.
7063 7064 7144 7143.
7064 7065 7145 7144.
7065 7066 7146 7145.
7066 7067 7147 7146.
7067 7068 7148 7147.
7068 7069 7149 7148.
7069 7070 7150 7149.
7070 7071 7151 7150.
7071 7072 7152 7151.
7072 7073 7153 7152.
7073 7074 7154 7153.
7074 7075 7155 7154.
7075 7076 7156 7155.
7076 7077 7157 7156.
7077 7078 7158 7157.
7078 7079 7159 7158.
7079 7080 7160 7159.
7080 7081 7161 7160.
7081 7082 7162 7161.
7082 7083 7163 7162.
7083 7084 7164 7163.
7084 7085 7165 7164.
7085 7086 7166 7165.
7086 7087 7167 7166.
7087 7088 7168 7167.
7088 7089 7169 7168.
7089 7090 7170 7169.
7090 7091 7171 7170.
7091 7092 7172 7171.
7092 7093 7173 7172.
7093 7094 7174 7173.
7094 7095 7175 7174.
7095 7096 7176 7175.
7096 7097 7177 7176.
7097 7098 7178 7177.
7098 7099 7179 7178.
7099 7100 7180 7179.
7100 7101 7181 7180.
7101 7102 7182 7181.
7102 7103 7183 7182.
7103 7104 7184 7183.
7104 7105 7185 7184.
7105 7106 7186 7185.
7106 7107 7187 7186.
7107 7108 7188 7187.
7108 7109 7189 7188.
7109 7110 7190 7189.
7110 7111 7191 7190.
7111 7112 7192 7191.
7112 7113 7193 7192.
7113 7114 7194 7193.
7114 7115 7195 7194.
7115 7116 7196 7195.
7116 7117 7197 7196.
7117 7118 7198 7197.
7118 7119 7199 7198.
7119 7120 7200 7199.
7120 7041 7121 7200.
7121 7122 7202 7201.
7122 7123 7203 7202.
7123 7124 7204 7203.
7124 7125 7205 7204.
7125 7126 7206 7205.
7126 7127 7207 7206.
7127 7128 7208 7207.
7128 7129 7209 7208.
7129 7130 7210 7209.
7130 7131 7211 7210.
7131 7132 7212 7211.
7132 7133 7213 7212.
7133 7134 7214 7213.
7134 7135 7215 7214.
7135 7136 7216 7215.
7136 7137 7217 7216.
7137 7138 7218 7217.
7138 7139 7219 7218.
7139 7140 7220 7219.
7140 7141 7221 7220.
7141 7142 7222 7221.
7142 7143 7223 7222.
7143 7144 7224 7223.
7144 7145 7225 7224.
7145 7146 7226 7225.
7146 7147 7227 7226.
7147 7148 7228 7227.
7148 7149 7229 7228.
7149 7150 7230 7229.
7150 7151 7231 7230.
7151 7152 7232 7231.
7152 7153 7233 7232.
7153 7154 7234 7233.
7154 7155 7235 7234.
7155 7156 7236 7235.
7156 7157 7237 7236.
7157 7158 7238 7237.
7158 7159 7239 7238.
7159 7160 7240 7239.
7160 7161 7241 7240.
7161 7162 7242 7241.
7162 7163 7243 7242.
7163 7164 7244 7243.
7164 7165 7245 7244.
7165 7166 7246 7245.
7166 7167 7247 7246.
7167 7168 7248 7247.
7168 7169 7249 7248.
7169 7170 7250 7249.
7170 7171 7251 7250.
7171 7172 7252 7251.
7172 7173 7253 7252.
7173 7174 7254 7253.
7174 7175 7255 7254.
7175 7176 7256 7255.
7176 7177 7257 7256.
7177 7178 7258 7257.
7178 7179 7259 7258.
7179 7180 7260 7259.
7180 7181 7261 7260.
7181 7182 7262 7261.
7182 7183 7263 7262.
7183 7184 7264 7263.
7184 7185 7265 7264.
7185 7186 7266 7265.
7186 7187 7267 7266.
7187 7188 7268 7267.
7188 7189 7269 7268.
7189 7190 7270 7269.
7190 7191 7271 7270.
7191 7192 7272 7271.
7192 7193 7273 7272.
7193 7194 7274 7273.
7194 7195 7275 7274.
7195 7196 7276 7275.
7196 7197 7277 7276.
7197 7198 7278 7277.
7198 7199 7279 7278.
7199 7200 7280 7279.
7200 7121 7201 7280.
7201 7202 7282 7281.
7202 7203 7283 7282.
7203 7204 7284 7283.
7204 7205 7285 7284.
7205 7206 7286 7285.
7206 7207 7287 7286.
7207 7208 7288 7287.
7208 7209 7289 7288.
7209 7210 7290 7289.
7210 7211 7291 7290.
7211 7212 7292 7291.
7212 7213 7293 7292.
7213 7214 7294 7293.
7214 7215 7295 7294.
7215 7216 7296 7295.
7216 7217 7297 7296.
7217 7218 7298 7297.
7218 7219 7299 7298.
7219 7220 7300 7299.
7220 7221 7301 7300.
7221 7222 7302 7301.
7222 7223 7303 7302.
7223 7224 7304 7303.
7224 7225 7305 7304.
7225 7226 7306 7305.
7226 7227 7307 7306.
7227 7228 7308 7307.
7228 7229 7309 7308.
7229 7230 7310 7309.
7230 7231 7311 7310.
7231 7232 7312 7311.
7232 7233 7313 7312.
7233 7234 7314 7313.
7234 7235 7315 7314.
7235 7236 7316 7315.
7236 7237 7317 7316.
7237 7238 7318 7317.
7238 7239 7319 7318.
7239 7240 7320 7319.
7240 7241 7321 7320.
7241 7242 7322 7321.
7242 7243 7323 7322.
7243 7244 7324 7323.
7244 7245 7325 7324.
7245 7246 7326 7325.
7246 7247 7327 7326.
7247 7248 7328 7327.
7248 7249 7329 7328.
7249 7250 7330 7329.
7250 7251 7331 7330.
7251 7252 7332 7331.
7252 7253 7333 7332.
7253 7254 7334 7333.
7254 7255 7335 7334.
7255 7256 7336 7335.
7256 7257 7337 7336.
7257 7258 7338 7337.
7258 7259 7339 7338.
7259 7260 7340 7339.
7260 7261 7341 7340.
7261 7262 7342 7341.
7262 7263 7343 7342.
7263 7264 7344 7343.
7264 7265 7345 7344.
7265 7266 7346 7345.
7266 7267 7347 7346.
7267 7268 7348 7347.
7268 7269 7349 7348.
7269 7270 7350 7349.
7270 7271 7351 7350.
7271 7272 7352 7351.
7272 7273 7353 7352.
7273 7274 7354 7353.
7274 7275 7355 7354.
7275 7276 7356 7355.
7276 7277 7357 7356.
7277 7278 7358 7357.
7278 7279 7359 7358.
7279 7280 7360 7359.
7280 7201 7281 7360.
7281 7282 7362 7361.
7282 7283 7363 7362.
7283 7284 7364 7363.
7284 7285 7365 7364.
7285 7286 7366 7365.
7286 7287 7367 7366.
7287 7288 7368 7367.
7288 7289 7369 7368.
7289 7290 7370 7369.
7290 7291 7371 7370.
7291 7292 7372 7371.
7292 7293 7373 7372.
7293 7294 7374 7373.
7294 7295 7375 7374.
7295 7296 7376 7375.
7296 7297 7377 7376.
7297 7298 7378 7377.
7298 7299 7379 7378.
7299 7300 7380 7379.
7300 7301 7381 7380.
7301 7302 7382 7381.
7302 7303 7383 7382.
7303 7304 7384 7383.
7304 7305 7385 7384.
7305 7306 7386 7385.
7306 7307 7387 7386.
7307 7308 7388 7387.
7308 7309 7389 7388.
7309 7310 7390 7389.
7310 7311 7391 7390.
7311 7312 7392 7391.
7312 7313 7393 7392.
7313 7314 7394 7393.
7314 7315 7395 7394.
7315 7316 7396 7395.
7316 7317 7397 7396.
7317 7318 7398 7397.
7318 7319 7399 7398.
7319 7320 7400 7399.
7320 7321 7401 7400.
7321 7322 7402 7401.
7322 7323 7403 7402.
7323 7324 7404 7403.
7324 7325 7405 7404.
7325 7326 7406 7405.
7326 7327 7407 7406.
7327 7328 7408 7407.
7328 7329 7409 7408.
7329 7330 7410 7409.
7330 7331 7411 7410.
7331 7332 7412 7411.
7332 7333 7413 7412.
7333 7334 7414 7413.
7334 7335 7415 7414.
7335 7336 7416 7415.
7336 7337 7417 7416.
7337 7338 7418 7417.
7338 7339 7419 7418.
7339 7340 7420 7419.
7340 7341 7421 7420.
7341 7342 7422 7421.
7342 7343 7423 7422.
7343 7344 7424 7423.
7344 7345 7425 7424.
7345 7346 7426 7425.
7346 7347 7427 7426.
7347 7348 7428 7427.
7348 7349 7429 7428.
7349 7350 7430 7429.
7350 7351 7431 7430.
7351 7352 7432 7431.
7352 7353 7433 7432.
7353 7354 7434 7433.
7354 7355 7435 7434.
7355 7356 7436 7435.
7356 7357 7437 7436.
7357 7358 7438 7437.
7358 7359 7439 7438.
7359 7360 7440 7439.
7360 7281 7361 7440.
7361 7362 7442 7441.
7362 7363 7443 7442.
7363 7364 7444 7443.
7364 7365 7445 7444.
7365 7366 7446 7445.
7366 7367 7447 7446.
7367 7368 7448 7447.
7368 7369 7449 7448.
7369 7370 7450 7449.
7370 7371 7451 7450.
7371 7372 7452 7451.
7372 7373 7453 7452.
7373 7374 7454 7453.
7374 7375 7455 7454.
7375 7376 7456 7455.
7376 7377 7457 7456.
7377 7378 7458 7457.
7378 7379 7459 7458.
7379 7380 7460 7459.
7380 7381 7461 7460.
7381 7382 7462 7461.
7382 7383 7463 7462.
7383 7384 7464 7463.
7384 7385 7465 7464.
7385 7386 7466 7465.
7386 7387 7467 7466.
7387 7388 7468 7467.
7388 7389 7469 7468.
7389 7390 7470 7469.
7390 7391 7471 7470.
7391 7392 7472 7471.
7392 7393 7473 7472.
7393 7394 7474 7473.
7394 7395 7475 7474.
7395 7396 7476 7475.
7396 7397 7477 7476.
7397 7398 7478 7477.
7398 7399 7479 7478.
7399 7400 7480 7479.
7400 7401 7481 7480.
7401 7402 7482 7481.
7402 7403 7483 7482.
7403 7404 7484 7483.
7404 7405 7485 7484.
7405 7406 7486 7485.
7406 7407 7487 7486.
7407 7408 7488 7487.
7408 7409 7489 7488.
7409 7410 7490 7489.
7410 7411 7491 7490.
7411 7412 7492 7491.
7412 7413 7493 7492.
7413 7414 7494 7493.
7414 7415 7495 7494.
7415 7416 7496 7495.
7416 7417 7497 7496.
7417 7418 7498 7497.
7418 7419 7499 7498.
7419 7420 7500 7499.
7420 7421 7501 7500.
7421 7422 7502 7501.
7422 7423 7503 7502.
7423 7424 7504 7503.
7424 7425 7505 7504.
7425 7426 7506 7505.
7426 7427 7507 7506.
7427 7428 7508 7507.
7428 7429 7509 7508.
7429 7430 7510 7509.
7430 7431 7511 7510.
7431 7432 7512 7511.
7432 7433 7513 7512.
7433 7434 7514 7513.
7434 7435 7515 7514.
7435 7436 7516 7515.
7436 7437 7517 7516.
7437 7438 7518 7517.
7438 7439 7519 7518.
7439 7440 7520 7519.
7440 7361 7441 7520.
7441 7442 7522 7521.
7442 7443 7523 7522.
7443 7444 7524 7523.
7444 7445 7525 7524.
7445 7446 7526 7525.
7446 7447 7527 7526.
7447 7448 7528 7527.
7448 7449 7529 7528.
7449 7450 7530 7529.
7450 7451 7531 7530.
7451 7452 7532 7531.
7452 7453 7533 7532.
7453 7454 7534 7533.
7454 7455 7535 7534.
7455 7456 7536 7535.
7456 7457 7537 7536.
7457 7458 7538 7537.
7458 7459 7539 7538.
7459 7460 7540 7539.
7460 7461 7541 7540.
7461 7462 7542 7541.
7462 7463 7543 7542.
7463 7464 7544 7543.
7464 7465 7545 7544.
7465 7466 7546 7545.
7466 7467 7547 7546.
7467 7468 7548 7547.
7468 7469 7549 7548.
7469 7470 7550 7549.
7470 7471 7551 7550.
7471 7472 7552 7551.
7472 7473 7553 7552.
7473 7474 7554 7553.
7474 7475 7555 7554.
7475 7476 7556 7555.
7476 7477 7557 7556.
7477 7478 7558 7557.
7478 7479 7559 7558.
7479 7480 7560 7559.
7480 7481 7561 7560.
7481 7482 7562 7561.
7482 7483 7563 7562.
7483 7484 7564 7563.
7484 7485 7565 7564.
7485 7486 7566 7565.
7486 7487 7567 7566.
7487 7488 7568 7567.
7488 7489 7569 7568.
7489 7490 7570 7569.
7490 7491 7571 7570.
7491 7492 7572 7571.
7492 7493 7573 7572.
7493 7494 7574 7573.
7494 7495 7575 7574.
7495 7496 7576 7575.
7496 7497 7577 7576.
7497 7498 7578 7577.
7498 7499 7579 7578.
7499 7500 7580 7579.
7500 7501 7581 7580.
7501 7502 7582 7581.
7502 7503 7583 7582.
7503 7504 7584 7583.
7504 7505 7585 7584.
7505 7506 7586 7585.
7506 7507 7587 7586.
7507 7508 7588 7587.
7508 7509 7589 7588.
7509 7510 7590 7589.
7510 7511 7591 7590.
7511 7512 7592 7591.
7512 7513 7593 7592.
7513 7514 7594 7593.
7514 7515 7595 7594.
7515 7516 7596 7595.
7516 7517 7597 7596.
7517 7518 7598 7597.
7518 7519 7599 7598.
7519 7520 7600 7599.
7520 7441 7521 7600.
7521 7522 7602 7601.
7522 7523 7603 7602.
7523 7524 7604 7603.
7524 7525 7605 7604.
7525 7526 7606 7605.
7526 7527 7607 7606.
7527 7528 7608 7607.
7528 7529 7609 7608.
7529 7530 7610 7609.
7530 7531 7611 7610.
7531 7532 7612 7611.
7532 7533 7613 7612.
7533 7534 7614 7613.
7534 7535 7615 7614.
7535 7536 7616 7615.
7536 7537 7617 7616.
7537 7538 7618 7617.
7538 7539 7619 7618.
7539 7540 7620 7619.
7540 7541 7621 7620.
7541 7542 7622 7621.
7542 7543 7623 7622.
7543 7544 7624 7623.
7544 7545 7625 7624.
7545 7546 7626 7625.
7546 7547 7627 7626.
7547 7548 7628 7627.
7548 7549 7629 7628.
7549 7550 7630 7629.
7550 7551 7631 7630.
7551 7552 7632 7631.
7552 7553 7633 7632.
7553 7554 7634 7633.
7554 7555 7635 7634.
7555 7556 7636 7635.
7556 7557 7637 7636.
7557 7558 7638 7637.
7558 7559 7639 7638.
7559 7560 7640 7639.
7560 7561 7641 7640.
7561 7562 7642 7641.
7562 7563 7643 7642.
7563 7564 7644 7643.
7564 7565 7645 7644.
7565 7566 7646 7645.
7566 7567 7647 7646.
7567 7568 7648 7647.
7568 7569 7649 7648.
7569 7570 7650 7649.
7570 7571 7651 7650.
7571 7572 7652 7651.
7572 7573 7653 7652.
7573 7574 7654 7653.
7574 7575 7655 7654.
7575 7576 7656 7655.
7576 7577 7657 7656.
7577 7578 7658 7657.
7578 7579 7659 7658.
7579 7580 7660 7659.
7580 7581 7661 7660.
7581 7582 7662 7661.
7582 7583 7663 7662.
7583 7584 7664 7663.
7584 7585 7665 7664.
7585 7586 7666 7665.
7586 7587 7667 7666.
7587 7588 7668 7667.
7588 7589 7669 7668.
7589 7590 7670 7669.
7590 7591 7671 7670.
7591 7592 7672 7671.
7592 7593 7673 7672.
7593 7594 7674 7673.
7594 7595 7675 7674.
7595 7596 7676 7675.
7596 7597 7677 7676.
7597 7598 7678 7677.
7598 7599 7679 7678.
7599 7600 7680 7679.
7600 7521 7601 7680.
7601 7602 7682 7681.
7602 7603 7683 7682.
7603 7604 7684 7683.
7604 7605 7685 7684.
7605 7606 7686 7685.
7606 7607 7687 7686.
7607 7608 7688 7687.
7608 7609 7689 7688.
7609 7610 7690 7689.
7610 7611 7691 7690.
7611 7612 7692 7691.
7612 7613 7693 7692.
7613 7614 7694 7693.
7614 7615 7695 7694.
7615 7616 7696 7695.
7616 7617 7697 7696.
7617 7618 7698 7697.
7618 7619 7699 7698.
7619 7620 7700 7699.
7620 7621 7701 7700.
7621 7622 7702 7701.
7622 7623 7703 7702.
7623 7624 7704 7703.
7624 7625 7705 7704.
7625 7626 7706 7705.
7626 7627 7707 7706.
7627 7628 7708 7707.
7628 7629 7709 7708.
7629 7630 7710 7709.
7630 7631 7711 7710.
7631 7632 7712 7711.
7632 7633 7713 7712.
7633 7634 7714 7713.
7634 7635 7715 7714.
7635 7636 7716 7715.
7636 7637 7717 7716.
7637 7638 7718 7717.
7638 7639 7719 7718.
7639 7640 7720 7719.
7640 7641 7721 7720.
7641 7642 7722 7721.
7642 7643 7723 7722.
7643 7644 7724 7723.
7644 7645 7725 7724.
7645 7646 7726 7725.
7646 7647 7727 7726.
7647 7648 7728 7727.
7648 7649 7729 7728.
7649 7650 7730 7729.
7650 7651 7731 7730.
7651 7652 7732 7731.
7652 7653 7733 7732.
7653 7654 7734 7733.
7654 7655 7735 7734.
7655 7656 7736 7735.
7656 7657 7737 7736.
7657 7658 7738 7737.
7658 7659 7739 7738.
7659 7660 7740 7739.
7660 7661 7741 7740.
7661 7662 7742 7741.
7662 7663 7743 7742.
7663 7664 7744 7743.
7664 7665 7745 7744.
7665 7666 7746 7745.
7666 7667 7747 7746.
7667 7668 7748 7747.
7668 7669 7749 7748.
7669 7670 7750 7749.
7670 7671 7751 7750.
7671 7672 7752 7751.
7672 7673 7753 7752.
7673 7674 7754 7753.
7674 7675 7755 7754.
7675 7676 7756 7755.
7676 7677 7757 7756.
7677 7678 7758 7757.
7678 7679 7759 7758.
7679 7680 7760 7759.
7680 7601 7681 7760.
7681 7682 7762 7761.
7682 7683 7763 7762.
7683 7684 7764 7763.
7684 7685 7765 7764.
7685 7686 7766 7765.
7686 7687 7767 7766.
7687 7688 7768 7767.
7688 7689 7769 7768.
7689 7690 7770 7769.
7690 7691 7771 7770.
7691 7692 7772 7771.
7692 7693 7773 7772.
7693 7694 7774 7773.
7694 7695 7775 7774.
7695 7696 7776 7775.
7696 7697 7777 7776.
7697 7698 7778 7777.
7698 7699 7779 7778.
7699 7700 7780 7779.
7700 7701 7781 7780.
7701 7702 7782 7781.
7702 7703 7783 7782.
7703 7704 7784 7783.
7704 7705 7785 7784.
7705 7706 7786 7785.
7706 7707 7787 7786.
7707 7708 7788 7787.
7708 7709 7789 7788.
7709 7710 7790 7789.
7710 7711 7791 7790.
7711 7712 7792 7791.
7712 7713 7793 7792.
7713 7714 7794 7793.
7714 7715 7795 7794.
7715 7716 7796 7795.
7716 7717 7797 7796.
7717 7718 7798 7797.
7718 7719 7799 7798.
7719 7720 7800 7799.
7720 7721 7801 7800.
7721 7722 7802 7801.
7722 7723 7803 7802.
7723 7724 7804 7803.
7724 7725 7805 7804.
7725 7726 7806 7805.
7726 7727 7807 7806.
7727 7728 7808 7807.
7728 7729 7809 7808.
7729 7730 7810 7809.
7730 7731 7811 7810.
7731 7732 7812 7811.
7732 7733 7813 7812.
7733 7734 7814 7813.
7734 7735 7815 7814.
7735 7736 7816 7815.
7736 7737 7817 7816.
7737 7738 7818 7817.
7738 7739 7819 7818.
7739 7740 7820 7819.
7740 7741 7821 7820.
7741 7742 7822 7821.
7742 7743 7823 7822.
7743 7744 7824 7823.
7744 7745 7825 7824.
7745 7746 7826 7825.
7746 7747 7827 7826.
7747 7748 7828 7827.
7748 7749 7829 7828.
7749 7750 7830 7829.
7750 7751 7831 7830.
7751 7752 7832 7831.
7752 7753 7833 7832.
7753 7754 7834 7833.
7754 7755 7835 7834.
7755 7756 7836 7835.
7756 7757 7837 7836.
7757 7758 7838 7837.
7758 7759 7839 7838.
7759 7760 7840 7839.
7760 7681 7761 7840.
7761 7762 7842 7841.
7762 7763 7843 7842.
7763 7764 7844 7843.
7764 7765 7845 7844.
7765 7766 7846 7845.
7766 7767 7847 7846.
7767 7768 7848 7847.
7768 7769 7849 7848.
7769 7770 7850 7849.
7770 7771 7851 7850.
7771 7772 7852 7851.
7772 7773 7853 7852.
7773 7774 7854 7853.
7774 7775 7855 7854.
7775 7776 7856 7855.
7776 7777 7857 7856.
7777 7778 7858 7857.
7778 7779 7859 7858.
7779 7780 7860 7859.
7780 7781 7861 7860.
7781 7782 7862 7861.
7782 7783 7863 7862.
7783 7784 7864 7863.
7784 7785 7865 7864.
7785 7786 7866 7865.
7786 7787 7867 7866.
7787 7788 7868 7867.
7788 7789 7869 7868.
7789 7790 7870 7869.
7790 7791 7871 7870.
7791 7792 7872 7871.
7792 7793 7873 7872.
7793 7794 7874 7873.
7794 7795 7875 7874.
7795 7796 7876 7875.
7796 7797 7877 7876.
7797 7798 7878 7877.
7798 7799 7879 7878.
7799 7800 7880 7879.
7800 7801 7881 7880.
7801 7802 7882 7881.
7802 7803 7883 7882.
7803 7804 7884 7883.
7804 7805 7885 7884.
7805 7806 7886 7885.
7806 7807 7887 7886.
7807 7808 7888 7887.
7808 7809 7889 7888.
7809 7810 7890 7889.
7810 7811 7891 7890.
7811 7812 7892 7891.
7812 7813 7893 7892.
7813 7814 7894 7893.
7814 7815 7895 7894.
7815 7816 7896 7895.
7816 7817 7897 7896.
7817 7818 7898 7897.
7818 7819 7899 7898.
7819 7820 7900 7899.
7820 7821 7901 7900.
7821 7822 7902 7901.
7822 7823 7903 7902.
7823 7824 7904 7903.
7824 7825 7905 7904.
7825 7826 7906 7905.
7826 7827 7907 7906.
7827 7828 7908 7907.
7828 7829 7909 7908.
7829 7830 7910 7909.
7830 7831 7911 7910.
7831 7832 7912 7911.
7832 7833 7913 7912.
7833 7834 7914 7913.
7834 7835 7915 7914.
7835 7836 7916 7915.
7836 7837 7917 7916.
7837 7838 7918 7917.
7838 7839 7919 7918.
7839 7840 7920 7919.
7840 7761 7841 7920.
7841 7842 7922 7921.
7842 7843 7923 7922.
7843 7844 7924 7923.
7844 7845 7925 7924.
7845 7846 7926 7925.
7846 7847 7927 7926.
7847 7848 7928 7927.
7848 7849 7929 7928.
7849 7850 7930 7929.
7850 7851 7931 7930.
7851 7852 7932 7931.
7852 7853 7933 7932.
7853 7854 7934 7933.
7854 7855 7935 7934.
7855 7856 7936 7935.
7856 7857 7937 7936.
7857 7858 7938 7937.
7858 7859 7939 7938.
7859 7860 7940 7939.
7860 7861 7941 7940.
7861 7862 7942 7941.
7862 7863 7943 7942.
7863 7864 7944 7943.
7864 7865 7945 7944.
7865 7866 7946 7945.
7866 7867 7947 7946.
7867 7868 7948 7947.
7868 7869 7949 7948.
7869 7870 7950 7949.
7870 7871 7951 7950.
7871 7872 7952 7951.
7872 7873 7953 7952.
7873 7874 7954 7953.
7874 7875 7955 7954.
7875 7876 7956 7955.
7876 7877 7957 7956.
7877 7878 7958 7957.
7878 7879 7959 7958.
7879 7880 7960 7959.
7880 7881 7961 7960.
7881 7882 7962 7961.
7882 7883 7963 7962.
7883 7884 7964 7963.
7884 7885 7965 7964.
7885 7886 7966 7965.
7886 7887 7967 7966.
7887 7888 7968 7967.
7888 7889 7969 7968.
7889 7890 7970 7969.
7890 7891 7971 7970.
7891 7892 7972 7971.
7892 7893 7973 7972.
7893 7894 7974 7973.
7894 7895 7975 7974.
7895 7896 7976 7975.
7896 7897 7977 7976.
7897 7898 7978 7977.
7898 7899 7979 7978.
7899 7900 7980 7979.
7900 7901 7981 7980.
7901 7902 7982 7981.
7902 7903 7983 7982.
7903 7904 7984 7983.
7904 7905 7985 7984.
7905 7906 7986 7985.
7906 7907 7987 7986.
7907 7908 7988 7987.
7908 7909 7989 7988.
7909 7910 7990 7989.
7910 7911 7991 7990.
7911 7912 7992 7991.
7912 7913 7993 7992.
7913 7914 7994 7993.
7914 7915 7995 7994.
7915 7916 7996 7995.
7916 7917 7997 7996.
7917 7918 7998 7997.
7918 7919 7999 7998.
7919 7920 8000 7999.
7920 7841 7921 8000.
7921 7922 8002 8001.
7922 7923 8003 8002.
7923 7924 8004 8003.
7924 7925 8005 8004.
7925 7926 8006 8005.
7926 7927 8007 8006.
7927 7928 8008 8007.
7928 7929 8009 8008.
7929 7930 8010 8009.
7930 7931 8011 8010.
7931 7932 8012 8011.
7932 7933 8013 8012.
7933 7934 8014 8013.
7934 7935 8015 8014.
7935 7936 8016 8015.
7936 7937 8017 8016.
7937 7938 8018 8017.
7938 7939 8019 8018.
7939 7940 8020 8019.
7940 7941 8021 8020.
7941 7942 8022 8021.
7942 7943 8023 8022.
7943 7944 8024 8023.
7944 7945 8025 8024.
7945 7946 8026 8025.
7946 7947 8027 8026.
7947 7948 8028 8027.
7948 7949 8029 8028.
7949 7950 8030 8029.
7950 7951 8031 8030.
7951 7952 8032 8031.
7952 7953 8033 8032.
7953 7954 8034 8033.
7954 7955 8035 8034.
7955 7956 8036 8035.
7956 7957 8037 8036.
7957 7958 8038 8037.
7958 7959 8039 8038.
7959 7960 8040 8039.
7960 7961 8041 8040.
7961 7962 8042 8041.
7962 7963 8043 8042.
7963 7964 8044 8043.
7964 7965 8045 8044.
7965 7966 8046 8045.
7966 7967 8047 8046.
7967 7968 8048 8047.
7968 7969 8049 8048.
7969 7970 8050 8049.
7970 7971 8051 8050.
7971 7972 8052 8051.
7972 7973 8053 8052.
7973 7974 8054 8053.
7974 7975 8055 8054.
7975 7976 8056 8055.
7976 7977 8057 8056.
7977 7978 8058 8057.
7978 7979 8059 8058.
7979 7980 8060 8059.
7980 7981 8061 8060.
7981 7982 8062 8061.
7982 7983 8063 8062.
7983 7984 8064 8063.
7984 7985 8065 8064.
7985 7986 8066 8065.
7986 7987 8067 8066.
7987 7988 8068 8067.
7988 7989 8069 8068.
7989 7990 8070 8069.
7990 7991 8071 8070.
7991 7992 8072 8071.
7992 7993 8073 8072.
7993 7994 8074 8073.
7994 7995 8075 8074.
7995 7996 8076 8075.
7996 7997 8077 8076.
7997 7998 8078 8077.
7998 7999 8079 8078.
7999 8000 8080 8079.
8000 7921 8001 8080.
8001 8002 8082 8081.
8002 8003 8083 8082.
8003 8004 8084 8083.
8004 8005 8085 8084.
8005 8006 8086 8085.
8006 8007 8087 8086.
8007 8008 8088 8087.
8008 8009 8089 8088.
8009 8010 8090 8089.
8010 8011 8091 8090.
8011 8012 8092 8091.
8012 8013 8093 8092.
8013 8014 8094 8093.
8014 8015 8095 8094.
8015 8016 8096 8095.
8016 8017 8097 8096.
8017 8018 8098 8097.
8018 8019 8099 8098.
8019 8020 8100 8099.
8020 8021 8101 8100.
8021 8022 8102 8101.
8022 8023 8103 8102.
8023 8024 8104 8103.
8024 8025 8105 8104.
8025 8026 8106 8105.
8026 8027 8107 8106.
8027 8028 8108 8107.
8028 8029 8109 8108.
8029 8030 8110 8109.
8030 8031 8111 8110.
8031 8032 8112 8111.
8032 8033 8113 8112.
8033 8034 8114 8113.
8034 8035 8115 8114.
8035 8036 8116 8115.
8036 8037 8117 8116.
8037 8038 8118 8117.
8038 8039 8119 8118.
8039 8040 8120 8119.
8040 8041 8121 8120.
8041 8042 8122 8121.
8042 8043 8123 8122.
8043 8044 8124 8123.
8044 8045 8125 8124.
8045 8046 8126 8125.
8046 8047 8127 8126.
8047 8048 8128 8127.
8048 8049 8129 8128.
8049 8050 8130 8129.
8050 8051 8131 8130.
8051 8052 8132 8131.
8052 8053 8133 8132.
8053 8054 8134 8133.
8054 8055 8135 8134.
8055 8056 8136 8135.
8056 8057 8137 8136.
8057 8058 8138 8137.
8058 8059 8139 8138.
8059 8060 8140 8139.
8060 8061 8141 8140.
8061 8062 8142 8141.
8062 8063 8143 8142.
8063 8064 8144 8143.
8064 8065 8145 8144.
8065 8066 8146 8145.
8066 8067 8147 8146.
8067 8068 8148 8147.
8068 8069 8149 8148.
8069 8070 8150 8149.
8070 8071 8151 8150.
8071 8072 8152 8151.
8072 8073 8153 8152.
8073 8074 8154 8153.
8074 8075 8155 8154.
8075 8076 8156 8155.
8076 8077 8157 8156.
8077 8078 8158 8157.
8078 8079 8159 8158.
8079 8080 8160 8159.
8080 8001 8081 8160.
8081 8082 8162 8161.
8082 8083 8163 8162.
8083 8084 8164 8163.
8084 8085 8165 8164.
8085 8086 8166 8165.
8086 8087 8167 8166.
8087 8088 8168 8167.
8088 8089 8169 8168.
8089 8090 8170 8169.
8090 8091 8171 8170.
8091 8092 8172 8171.
8092 8093 8173 8172.
8093 8094 8174 8173.
8094 8095 8175 8174.
8095 8096 8176 8175.
8096 8097 8177 8176.
8097 8098 8178 8177.
8098 8099 8179 8178.
8099 8100 8180 8179.
8100 8101 8181 8180.
8101 8102 8182 8181.
8102 8103 8183 8182.
8103 8104 8184 8183.
8104 8105 8185 8184.
8105 8106 8186 8185.
8106 8107 8187 8186.
8107 8108 8188 8187.
8108 8109 8189 8188.
8109 8110 8190 8189.
8110 8111 8191 8190.
8111 8112 8192 8191.
8112 8113 8193 8192.
8113 8114 8194 8193.
8114 8115 8195 8194.
8115 8116 8196 8195.
8116 8117 8197 8196.
8117 8118 8198 8197.
8118 8119 8199 8198.
8119 8120 8200 8199.
8120 8121 8201 8200.
8121 8122 8202 8201.
8122 8123 8203 8202.
8123 8124 8204 8203.
8124 8125 8205 8204.
8125 8126 8206 8205.
8126 8127 8207 8206.
8127 8128 8208 8207.
8128 8129 8209 8208.
8129 8130 8210 8209.
8130 8131 8211 8210.
8131 8132 8212 8211.
8132 8133 8213 8212.
8133 8134 8214 8213.
8134 8135 8215 8214.
8135 8136 8216 8215.
8136 8137 8217 8216.
8137 8138 8218 8217.
8138 8139 8219 8218.
8139 8140 8220 8219.
8140 8141 8221 8220.
8141 8142 8222 8221.
8142 8143 8223 8222.
8143 8144 8224 8223.
8144 8145 8225 8224.
8145 8146 8226 8225.
8146 8147 8227 8226.
8147 8148 8228 8227.
8148 8149 8229 8228.
8149 8150 8230 8229.
8150 8151 8231 8230.
8151 8152 8232 8231.
8152 8153 8233 8232.
8153 8154 8234 8233.
8154 8155 8235 8234.
8155 8156 8236 8235.
8156 8157 8237 8236.
8157 8158 8238 8237.
8158 8159 8239 8238.
8159 8160 8240 8239.
8160 8081 8161 8240.
8161 8162 8242 8241.
8162 8163 8243 8242.
8163 8164 8244 8243.
8164 8165 8245 8244.
8165 8166 8246 8245.
8166 8167 8247 8246.
8167 8168 8248 8247.
8168 8169 8249 8248.
8169 8170 8250 8249.
8170 8171 8251 8250.
8171 8172 8252 8251.
8172 8173 8253 8252.
8173 8174 8254 8253.
8174 8175 8255 8254.
8175 8176 8256 8255.
8176 8177 8257 8256.
8177 8178 8258 8257.
8178 8179 8259 8258.
8179 8180 8260 8259.
8180 8181 8261 8260.
8181 8182 8262 8261.
8182 8183 8263 8262.
8183 8184 8264 8263.
8184 8185 8265 8264.
8185 8186 8266 8265.
8186 8187 8267 8266.
8187 8188 8268 8267.
8188 8189 8269 8268.
8189 8190 8270 8269.
8190 8191 8271 8270.
8191 8192 8272 8271.
8192 8193 8273 8272.
8193 8194 8274 8273.
8194 8195 8275 8274.
8195 8196 8276 8275.
8196 8197 8277 8276.
8197 8198 8278 8277.
8198 8199 8279 8278.
8199 8200 8280 8279.
8200 8201 8281 8280.
8201 8202 8282 8281.
8202 8203 8283 8282.
8203 8204 8284 8283.
8204 8205 8285 8284.
8205 8206 8286 8285.
8206 8207 8287 8286.
8207 8208 8288 8287.
8208 8209 8289 8288.
8209 8210 8290 8289.
8210 8211 8291 8290.
8211 8212 8292 8291.
8212 8213 8293 8292.
8213 8214 8294 8293.
8214 8215 8295 8294.
8215 8216 8296 8295.
8216 8217 8297 8296.
8217 8218 8298 8297.
8218 8219 8299 8298.
8219 8220 8300 8299.
8220 8221 8301 8300.
8221 8222 8302 8301.
8222 8223 8303 8302.
8223 8224 8304 8303.
8224 8225 8305 8304.
8225 8226 8306 8305.
8226 8227 8307 8306.
8227 8228 8308 8307.
8228 8229 8309 8308.
8229 8230 8310 8309.
8230 8231 8311 8310.
8231 8232 8312 8311.
8232 8233 8313 8312.
8233 8234 8314 8313.
8234 8235 8315 8314.
8235 8236 8316 8315.
8236 8237 8317 8316.
8237 8238 8318 8317.
8238 8239 8319 8318.
8239 8240 8320 8319.
8240 8161 8241 8320.
8241 8242 8322 8321.
8242 8243 8323 8322.
8243 8244 8324 8323.
8244 8245 8325 8324.
8245 8246 8326 8325.
8246 8247 8327 8326.
8247 8248 8328 8327.
8248 8249 8329 8328.
8249 8250 8330 8329.
8250 8251 8331 8330.
8251 8252 8332 8331.
8252 8253 8333 8332.
8253 8254 8334 8333.
8254 8255 8335 8334.
8255 8256 8336 8335.
8256 8257 8337 8336.
8257 8258 8338 8337.
8258 8259 8339 8338.
8259 8260 8340 8339.
8260 8261 8341 8340.
8261 8262 8342 8341.
8262 8263 8343 8342.
8263 8264 8344 8343.
8264 8265 8345 8344.
8265 8266 8346 8345.
8266 8267 8347 8346.
8267 8268 8348 8347.
8268 8269 8349 8348.
8269 8270 8350 8349.
8270 8271 8351 8350.
8271 8272 8352 8351.
8272 8273 8353 8352.
8273 8274 8354 8353.
8274 8275 8355 8354.
8275 8276 8356 8355.
8276 8277 8357 8356.
8277 8278 8358 8357.
8278 8279 8359 8358.
8279 8280 8360 8359.
8280 8281 8361 8360.
8281 8282 8362 8361.
8282 8283 8363 8362.
8283 8284 8364 8363.
8284 8285 8365 8364.
8285 8286 8366 8365.
8286 8287 8367 8366.
8287 8288 8368 8367.
8288 8289 8369 8368.
8289 8290 8370 8369.
8290 8291 8371 8370.
8291 8292 8372 8371.
8292 8293 8373 8372.
8293 8294 8374 8373.
8294 8295 8375 8374.
8295 8296 8376 8375.
8296 8297 8377 8376.
8297 8298 8378 8377.
8298 8299 8379 8378.
8299 8300 8380 8379.
8300 8301 8381 8380.
8301 8302 8382 8381.
8302 8303 8383 8382.
8303 8304 8384 8383.
8304 8305 8385 8384.
8305 8306 8386 8385.
8306 8307 8387 8386.
8307 8308 8388 8387.
8308 8309 8389 8388.
8309 8310 8390 8389.
8310 8311 8391 8390.
8311 8312 8392 8391.
8312 8313 8393 8392.
8313 8314 8394 8393.
8314 8315 8395 8394.
8315 8316 8396 8395.
8316 8317 8397 8396.
8317 8318 8398 8397.
8318 8319 8399 8398.
8319 8320 8400 8399.
8320 8241 8321 8400.
8321 8322 8402 8401.
8322 8323 8403 8402.
8323 8324 8404 8403.
8324 8325 8405 8404.
8325 8326 8406 8405.
8326 8327 8407 8406.
8327 8328 8408 8407.
8328 8329 8409 8408.
8329 8330 8410 8409.
8330 8331 8411 8410.
8331 8332 8412 8411.
8332 8333 8413 8412.
8333 8334 8414 8413.
8334 8335 8415 8414.
8335 8336 8416 8415.
8336 8337 8417 8416.
8337 8338 8418 8417.
8338 8339 8419 8418.
8339 8340 8420 8419.
8340 8341 8421 8420.
8341 8342 8422 8421.
8342 8343 8423 8422.
8343 8344 8424 8423.
8344 8345 8425 8424.
8345 8346 8426 8425.
8346 8347 8427 8426.
8347 8348 8428 8427.
8348 8349 8429 8428.
8349 8350 8430 8429.
8350 8351 8431 8430.
8351 8352 8432 8431.
8352 8353 8433 8432.
8353 8354 8434 8433.
8354 8355 8435 8434.
8355 8356 8436 8435.
8356 8357 8437 8436.
8357 8358 8438 8437.
8358 8359 8439 8438.
8359 8360 8440 8439.
8360 8361 8441 8440.
8361 8362 8442 8441.
8362 8363 8443 8442.
8363 8364 8444 8443.
8364 8365 8445 8444.
8365 8366 8446 8445.
8366 8367 8447 8446.
8367 8368 8448 8447.
8368 8369 8449 8448.
8369 8370 8450 8449.
8370 8371 8451 8450.
8371 8372 8452 8451.
8372 8373 8453 8452.
8373 8374 8454 8453.
8374 8375 8455 8454.
8375 8376 8456 8455.
8376 8377 8457 8456.
8377 8378 8458 8457.
8378 8379 8459 8458.
8379 8380 8460 8459.
8380 8381 8461 8460.
8381 8382 8462 8461.
8382 8383 8463 8462.
8383 8384 8464 8463.
8384 8385 8465 8464.
8385 8386 8466 8465.
8386 8387 8467 8466.
8387 8388 8468 8467.
8388 8389 8469 8468.
8389 8390 8470 8469.
8390 8391 8471 8470.
8391 8392 8472 8471.
8392 8393 8473 8472.
8393 8394 8474 8473.
8394 8395 8475 8474.
8395 8396 8476 8475.
8396 8397 8477 8476.
8397 8398 8478 8477.
8398 8399 8479 8478.
8399 8400 8480 8479.
8400 8321 8401 8480.
8401 8402 8482 8481.
8402 8403 8483 8482.
8403 8404 8484 8483.
8404 8405 8485 8484.
8405 8406 8486 8485.
8406 8407 8487 8486.
8407 8408 8488 8487.
8408 8409 8489 8488.
8409 8410 8490 8489.
8410 8411 8491 8490.
8411 8412 8492 8491.
8412 8413 8493 8492.
8413 8414 8494 8493.
8414 8415 8495 8494.
8415 8416 8496 8495.
8416 8417 8497 8496.
8417 8418 8498 8497.
8418 8419 8499 8498.
8419 8420 8500 8499.
8420 8421 8501 8500.
8421 8422 8502 8501.
8422 8423 8503 8502.
8423 8424 8504 8503.
8424 8425 8505 8504.
8425 8426 8506 8505.
8426 8427 8507 8506.
8427 8428 8508 8507.
8428 8429 8509 8508.
8429 8430 8510 8509.
8430 8431 8511 8510.
8431 8432 8512 8511.
8432 8433 8513 8512.
8433 8434 8514 8513.
8434 8435 8515 8514.
8435 8436 8516 8515.
8436 8437 8517 8516.
8437 8438 8518 8517.
8438 8439 8519 8518.
8439 8440 8520 8519.
8440 8441 8521 8520.
8441 8442 8522 8521.
8442 8443 8523 8522.
8443 8444 8524 8523.
8444 8445 8525 8524.
8445 8446 8526 8525.
8446 8447 8527 8526.
8447 8448 8528 8527.
8448 8449 8529 8528.
8449 8450 8530 8529.
8450 8451 8531 8530.
8451 8452 8532 8531.
8452 8453 8533 8532.
8453 8454 8534 8533.
8454 8455 8535 8534.
8455 8456 8536 8535.
8456 8457 8537 8536.
8457 8458 8538 8537.
8458 8459 8539 8538.
8459 8460 8540 8539.
8460 8461 8541 8540.
8461 8462 8542 8541.
8462 8463 8543 8542.
8463 8464 8544 8543.
8464 8465 8545 8544.
8465 8466 8546 8545.
8466 8467 8547 8546.
8467 8468 8548 8547.
8468 8469 8549 8548.
8469 8470 8550 8549.
8470 8471 8551 8550.
8471 8472 8552 8551.
8472 8473 8553 8552.
8473 8474 8554 8553.
8474 8475 8555 8554.
8475 8476 8556 8555.
8476 8477 8557 8556.
8477 8478 8558 8557.
8478 8479 8559 8558.
8479 8480 8560 8559.
8480 8401 8481 8560.
8481 8482 8562 8561.
8482 8483 8563 8562.
8483 8484 8564 8563.
8484 8485 8565 8564.
8485 8486 8566 8565.
8486 8487 8567 8566.
8487 8488 8568 8567.
8488 8489 8569 8568.
8489 8490 8570 8569.
8490 8491 8571 8570.
8491 8492 8572 8571.
8492 8493 8573 8572.
8493 8494 8574 8573.
8494 8495 8575 8574.
8495 8496 8576 8575.
8496 8497 8577 8576.
8497 8498 8578 8577.
8498 8499 8579 8578.
8499 8500 8580 8579.
8500 8501 8581 8580.
8501 8502 8582 8581.
8502 8503 8583 8582.
8503 8504 8584 8583.
8504 8505 8585 8584.
8505 8506 8586 8585.
8506 8507 8587 8586.
8507 8508 8588 8587.
8508 8509 8589 8588.
8509 8510 8590 8589.
8510 8511 8591 8590.
8511 8512 8592 8591.
8512 8513 8593 8592.
8513 8514 8594 8593.
8514 8515 8595 8594.
8515 8516 8596 8595.
8516 8517 8597 8596.
8517 8518 8598 8597.
8518 8519 8599 8598.
8519 8520 8600 8599.
8520 8521 8601 8600.
8521 8522 8602 8601.
8522 8523 8603 8602.
8523 8524 8604 8603.
8524 8525 8605 8604.
8525 8526 8606 8605.
8526 8527 8607 8606.
8527 8528 8608 8607.
8528 8529 8609 8608.
8529 8530 8610 8609.
8530 8531 8611 8610.
8531 8532 8612 8611.
8532 8533 8613 8612.
8533 8534 8614 8613.
8534 8535 8615 8614.
8535 8536 8616 8615.
8536 8537 8617 8616.
8537 8538 8618 8617.
8538 8539 8619 8618.
8539 8540 8620 8619.
8540 8541 8621 8620.
8541 8542 8622 8621.
8542 8543 8623 8622.
8543 8544 8624 8623.
8544 8545 8625 8624.
8545 8546 8626 8625.
8546 8547 8627 8626.
8547 8548 8628 8627.
8548 8549 8629 8628.
8549 8550 8630 8629.
8550 8551 8631 8630.
8551 8552 8632 8631.
8552 8553 8633 8632.
8553 8554 8634 8633.
8554 8555 8635 8634.
8555 8556 8636 8635.
8556 8557 8637 8636.
8557 8558 8638 8637.
8558 8559 8639 8638.
8559 8560 8640 8639.
8560 8481 8561 8640.
8561 8562 8642 8641.
8562 8563 8643 8642.
8563 8564 8644 8643.
8564 8565 8645 8644.
8565 8566 8646 8645.
8566 8567 8647 8646.
8567 8568 8648 8647.
8568 8569 8649 8648.
8569 8570 8650 8649.
8570 8571 8651 8650.
8571 8572 8652 8651.
8572 8573 8653 8652.
8573 8574 8654 8653.
8574 8575 8655 8654.
8575 8576 8656 8655.
8576 8577 8657 8656.
8577 8578 8658 8657.
8578 8579 8659 8658.
8579 8580 8660 8659.
8580 8581 8661 8660.
8581 8582 8662 8661.
8582 8583 8663 8662.
8583 8584 8664 8663.
8584 8585 8665 8664.
8585 8586 8666 8665.
8586 8587 8667 8666.
8587 8588 8668 8667.
8588 8589 8669 8668.
8589 8590 8670 8669.
8590 8591 8671 8670.
8591 8592 8672 8671.
8592 8593 8673 8672.
8593 8594 8674 8673.
8594 8595 8675 8674.
8595 8596 8676 8675.
8596 8597 8677 8676.
8597 8598 8678 8677.
8598 8599 8679 8678.
8599 8600 8680 8679.
8600 8601 8681 8680.
8601 8602 8682 8681.
8602 8603 8683 8682.
8603 8604 8684 8683.
8604 8605 8685 8684.
8605 8606 8686 8685.
8606 8607 8687 8686.
8607 8608 8688 8687.
8608 8609 8689 8688.
8609 8610 8690 8689.
8610 8611 8691 8690.
8611 8612 8692 8691.
8612 8613 8693 8692.
8613 8614 8694 8693.
8614 8615 8695 8694.
8615 8616 8696 8695.
8616 8617 8697 8696.
8617 8618 8698 8697.
8618 8619 8699 8698.
8619 8620 8700 8699.
8620 8621 8701 8700.
8621 8622 8702 8701.
8622 8623 8703 8702.
8623 8624 8704 8703.
8624 8625 8705 8704.
8625 8626 8706 8705.
8626 8627 8707 8706.
8627 8628 8708 8707.
8628 8629 8709 8708.
8629 8630 8710 8709.
8630 8631 8711 8710.
8631 8632 8712 8711.
8632 8633 8713 8712.
8633 8634 8714 8713.
8634 8635 8715 8714.
8635 8636 8716 8715.
8636 8637 8717 8716.
8637 8638 8718 8717.
8638 8639 8719 8718.
8639 8640 8720 8719.
8640 8561 8641 8720.
8641 8642 8722 8721.
8642 8643 8723 8722.
8643 8644 8724 8723.
8644 8645 8725 8724.
8645 8646 8726 8725.
8646 8647 8727 8726.
8647 8648 8728 8727.
8648 8649 8729 8728.
8649 8650 8730 8729.
8650 8651 8731 8730.
8651 8652 8732 8731.
8652 8653 8733 8732.
8653 8654 8734 8733.
8654 8655 8735 8734.
8655 8656 8736 8735.
8656 8657 8737 8736.
8657 8658 8738 8737.
8658 8659 8739 8738.
8659 8660 8740 8739.
8660 8661 8741 8740.
8661 8662 8742 8741.
8662 8663 8743 8742.
8663 8664 8744 8743.
8664 8665 8745 8744.
8665 8666 8746 8745.
8666 8667 8747 8746.
8667 8668 8748 8747.
8668 8669 8749 8748.
8669 8670 8750 8749.
8670 8671 8751 8750.
8671 8672 8752 8751.
8672 8673 8753 8752.
8673 8674 8754 8753.
8674 8675 8755 8754.
8675 8676 8756 8755.
8676 8677 8757 8756.
8677 8678 8758 8757.
8678 8679 8759 8758.
8679 8680 8760 8759.
8680 8681 8761 8760.
8681 8682 8762 8761.
8682 8683 8763 8762.
8683 8684 8764 8763.
8684 8685 8765 8764.
8685 8686 8766 8765.
8686 8687 8767 8766.
8687 8688 8768 8767.
8688 8689 8769 8768.
8689 8690 8770 8769.
8690 8691 8771 8770.
8691 8692 8772 8771.
8692 8693 8773 8772.
8693 8694 8774 8773.
8694 8695 8775 8774.
8695 8696 8776 8775.
8696 8697 8777 8776.
8697 8698 8778 8777.
8698 8699 8779 8778.
8699 8700 8780 8779.
8700 8701 8781 8780.
8701 8702 8782 8781.
8702 8703 8783 8782.
8703 8704 8784 8783.
8704 8705 8785 8784.
8705 8706 8786 8785.
8706 8707 8787 8786.
8707 8708 8788 8787.
8708 8709 8789 8788.
8709 8710 8790 8789.
8710 8711 8791 8790.
8711 8712 8792 8791.
8712 8713 8793 8792.
8713 8714 8794 8793.
8714 8715 8795 8794.
8715 8716 8796 8795.
8716 8717 8797 8796.
8717 8718 8798 8797.
8718 8719 8799 8798.
8719 8720 8800 8799.
8720 8641 8721 8800.
8721 8722 8802 8801.
8722 8723 8803 8802.
8723 8724 8804 8803.
8724 8725 8805 8804.
8725 8726 8806 8805.
8726 8727 8807 8806.
8727 8728 8808 8807.
8728 8729 8809 8808.
8729 8730 8810 8809.
8730 8731 8811 8810.
8731 8732 8812 8811.
8732 8733 8813 8812.
8733 8734 8814 8813.
8734 8735 8815 8814.
8735 8736 8816 8815.
8736 8737 8817 8816.
8737 8738 8818 8817.
8738 8739 8819 8818.
8739 8740 8820 8819.
8740 8741 8821 8820.
8741 8742 8822 8821.
8742 8743 8823 8822.
8743 8744 8824 8823.
8744 8745 8825 8824.
8745 8746 8826 8825.
8746 8747 8827 8826.
8747 8748 8828 8827.
8748 8749 8829 8828.
8749 8750 8830 8829.
8750 8751 8831 8830.
8751 8752 8832 8831.
8752 8753 8833 8832.
8753 8754 8834 8833.
8754 8755 8835 8834.
8755 8756 8836 8835.
8756 8757 8837 8836.
8757 8758 8838 8837.
8758 8759 8839 8838.
8759 8760 8840 8839.
8760 8761 8841 8840.
8761 8762 8842 8841.
8762 8763 8843 8842.
8763 8764 8844 8843.
8764 8765 8845 8844.
8765 8766 8846 8845.
8766 8767 8847 8846.
8767 8768 8848 8847.
8768 8769 8849 8848.
8769 8770 8850 8849.
8770 8771 8851 8850.
8771 8772 8852 8851.
8772 8773 8853 8852.
8773 8774 8854 8853.
8774 8775 8855 8854.
8775 8776 8856 8855.
8776 8777 8857 8856.
8777 8778 8858 8857.
8778 8779 8859 8858.
8779 8780 8860 8859.
8780 8781 8861 8860.
8781 8782 8862 8861.
8782 8783 8863 8862.
8783 8784 8864 8863.
8784 8785 8865 8864.
8785 8786 8866 8865.
8786 8787 8867 8866.
8787 8788 8868 8867.
8788 8789 8869 8868.
8789 8790 8870 8869.
8790 8791 8871 8870.
8791 8792 8872 8871.
8792 8793 8873 8872.
8793 8794 8874 8873.
8794 8795 8875 8874.
8795 8796 8876 8875.
8796 8797 8877 8876.
8797 8798 8878 8877.
8798 8799 8879 8878.
8799 8800 8880 8879.
8800 8721 8801 8880.
8801 8802 8882 8881.
8802 8803 8883 8882.
8803 8804 8884 8883.
8804 8805 8885 8884.
8805 8806 8886 8885.
8806 8807 8887 8886.
8807 8808 8888 8887.
8808 8809 8889 8888.
8809 8810 8890 8889.
8810 8811 8891 8890.
8811 8812 8892 8891.
8812 8813 8893 8892.
8813 8814 8894 8893.
8814 8815 8895 8894.
8815 8816 8896 8895.
8816 8817 8897 8896.
8817 8818 8898 8897.
8818 8819 8899 8898.
8819 8820 8900 8899.
8820 8821 8901 8900.
8821 8822 8902 8901.
8822 8823 8903 8902.
8823 8824 8904 8903.
8824 8825 8905 8904.
8825 8826 8906 8905.
8826 8827 8907 8906.
8827 8828 8908 8907.
8828 8829 8909 8908.
8829 8830 8910 8909.
8830 8831 8911 8910.
8831 8832 8912 8911.
8832 8833 8913 8912.
8833 8834 8914 8913.
8834 8835 8915 8914.
8835 8836 8916 8915.
8836 8837 8917 8916.
8837 8838 8918 8917.
8838 8839 8919 8918.
8839 8840 8920 8919.
8840 8841 8921 8920.
8841 8842 8922 8921.
8842 8843 8923 8922.
8843 8844 8924 8923.
8844 8845 8925 8924.
8845 8846 8926 8925.
8846 8847 8927 8926.
8847 8848 8928 8927.
8848 8849 8929 8928.
8849 8850 8930 8929.
8850 8851 8931 8930.
8851 8852 8932 8931.
8852 8853 8933 8932.
8853 8854 8934 8933.
8854 8855 8935 8934.
8855 8856 8936 8935.
8856 8857 8937 8936.
8857 8858 8938 8937.
8858 8859 8939 8938.
8859 8860 8940 8939.
8860 8861 8941 8940.
8861 8862 8942 8941.
8862 8863 8943 8942.
8863 8864 8944 8943.
8864 8865 8945 8944.
8865 8866 8946 8945.
8866 8867 8947 8946.
8867 8868 8948 8947.
8868 8869 8949 8948.
8869 8870 8950 8949.
8870 8871 8951 8950.
8871 8872 8952 8951.
8872 8873 8953 8952.
8873 8874 8954 8953.
8874 8875 8955 8954.
8875 8876 8956 8955.
8876 8877 8957 8956.
8877 8878 8958 8957.
8878 8879 8959 8958.
8879 8880 8960 8959.
8880 8801 8881 8960.
8881 8882 8962 8961.
8882 8883 8963 8962.
8883 8884 8964 8963.
8884 8885 8965 8964.
8885 8886 8966 8965.
8886 8887 8967 8966.
8887 8888 8968 8967.
8888 8889 8969 8968.
8889 8890 8970 8969.
8890 8891 8971 8970.
8891 8892 8972 8971.
8892 8893 8973 8972.
8893 8894 8974 8973.
8894 8895 8975 8974.
8895 8896 8976 8975.
8896 8897 8977 8976.
8897 8898 8978 8977.
8898 8899 8979 8978.
8899 8900 8980 8979.
8900 8901 8981 8980.
8901 8902 8982 8981.
8902 8903 8983 8982.
8903 8904 8984 8983.
8904 8905 8985 8984.
8905 8906 8986 8985.
8906 8907 8987 8986.
8907 8908 8988 8987.
8908 8909 8989 8988.
8909 8910 8990 8989.
8910 8911 8991 8990.
8911 8912 8992 8991.
8912 8913 8993 8992.
8913 8914 8994 8993.
8914 8915 8995 8994.
8915 8916 8996 8995.
8916 8917 8997 8996.
8917 8918 8998 8997.
8918 8919 8999 8998.
8919 8920 9000 8999.
8920 8921 9001 9000.
8921 8922 9002 9001.
8922 8923 9003 9002.
8923 8924 9004 9003.
8924 8925 9005 9004.
8925 8926 9006 9005.
8926 8927 9007 9006.
8927 8928 9008 9007.
8928 8929 9009 9008.
8929 8930 9010 9009.
8930 8931 9011 9010.
8931 8932 9012 9011.
8932 8933 9013 9012.
8933 8934 9014 9013.
8934 8935 9015 9014.
8935 8936 9016 9015.
8936 8937 9017 9016.
8937 8938 9018 9017.
8938 8939 9019 9018.
8939 8940 9020 9019.
8940 8941 9021 9020.
8941 8942 9022 9021.
8942 8943 9023 9022.
8943 8944 9024 9023.
8944 8945 9025 9024.
8945 8946 9026 9025.
8946 8947 9027 9026.
8947 8948 9028 9027.
8948 8949 9029 9028.
8949 8950 9030 9029.
8950 8951 9031 9030.
8951 8952 9032 9031.
8952 8953 9033 9032.
8953 8954 9034 9033.
8954 8955 9035 9034.
8955 8956 9036 9035.
8956 8957 9037 9036.
8957 8958 9038 9037.
8958 8959 9039 9038.
8959 8960 9040 9039.
8960 8881 8961 9040.
8961 8962 9042 9041.
8962 8963 9043 9042.
8963 8964 9044 9043.
8964 8965 9045 9044.
8965 8966 9046 9045.
8966 8967 9047 9046.
8967 8968 9048 9047.
8968 8969 9049 9048.
8969 8970 9050 9049.
8970 8971 9051 9050.
8971 8972 9052 9051.
8972 8973 9053 9052.
8973 8974 9054 9053.
8974 8975 9055 9054.
8975 8976 9056 9055.
8976 8977 9057 9056.
8977 8978 9058 9057.
8978 8979 9059 9058.
8979 8980 9060 9059.
8980 8981 9061 9060.
8981 8982 9062 9061.
8982 8983 9063 9062.
8983 8984 9064 9063.
8984 8985 9065 9064.
8985 8986 9066 9065.
8986 8987 9067 9066.
8987 8988 9068 9067.
8988 8989 9069 9068.
8989 8990 9070 9069.
8990 8991 9071 9070.
8991 8992 9072 9071.
8992 8993 9073 9072.
8993 8994 9074 9073.
8994 8995 9075 9074.
8995 8996 9076 9075.
8996 8997 9077 9076.
8997 8998 9078 9077.
8998 8999 9079 9078.
8999 9000 9080 9079.
9000 9001 9081 9080.
9001 9002 9082 9081.
9002 9003 9083 9082.
9003 9004 9084 9083.
9004 9005 9085 9084.
9005 9006 9086 9085.
9006 9007 9087 9086.
9007 9008 9088 9087.
9008 9009 9089 9088.
9009 9010 9090 9089.
9010 9011 9091 9090.
9011 9012 9092 9091.
9012 9013 9093 9092.
9013 9014 9094 9093.
9014 9015 9095 9094.
9015 9016 9096 9095.
9016 9017 9097 9096.
9017 9018 9098 9097.
9018 9019 9099 9098.
9019 9020 9100 9099.
9020 9021 9101 9100.
9021 9022 9102 9101.
9022 9023 9103 9102.
9023 9024 9104 9103.
9024 9025 9105 9104.
9025 9026 9106 9105.
9026 9027 9107 9106.
9027 9028 9108 9107.
9028 9029 9109 9108.
9029 9030 9110 9109.
9030 9031 9111 9110.
9031 9032 9112 9111.
9032 9033 9113 9112.
9033 9034 9114 9113.
9034 9035 9115 9114.
9035 9036 9116 9115.
9036 9037 9117 9116.
9037 9038 9118 9117.
9038 9039 9119 9118.
9039 9040 9120 9119.
9040 8961 9041 9120.
9041 9042 9122 9121.
9042 9043 9123 9122.
9043 9044 9124 9123.
9044 9045 9125 9124.
9045 9046 9126 9125.
9046 9047 9127 9126.
9047 9048 9128 9127.
9048 9049 9129 9128.
9049 9050 9130 9129.
9050 9051 9131 9130.
9051 9052 9132 9131.
9052 9053 9133 9132.
9053 9054 9134 9133.
9054 9055 9135 9134.
9055 9056 9136 9135.
9056 9057 9137 9136.
9057 9058 9138 9137.
9058 9059 9139 9138.
9059 9060 9140 9139.
9060 9061 9141 9140.
9061 9062 9142 9141.
9062 9063 9143 9142.
9063 9064 9144 9143.
9064 9065 9145 9144.
9065 9066 9146 9145.
9066 9067 9147 9146.
9067 9068 9148 9147.
9068 9069 9149 9148.
9069 9070 9150 9149.
9070 9071 9151 9150.
9071 9072 9152 9151.
9072 9073 9153 9152.
9073 9074 9154 9153.
9074 9075 9155 9154.
9075 9076 9156 9155.
9076 9077 9157 9156.
9077 9078 9158 9157.
9078 9079 9159 9158.
9079 9080 9160 9159.
9080 9081 9161 9160.
9081 9082 9162 9161.
9082 9083 9163 9162.
9083 9084 9164 9163.
9084 9085 9165 9164.
9085 9086 9166 9165.
9086 9087 9167 9166.
9087 9088 9168 9167.
9088 9089 9169 9168.
9089 9090 9170 9169.
9090 9091 9171 9170.
9091 9092 9172 9171.
9092 9093 9173 9172.
9093 9094 9174 9173.
9094 9095 9175 9174.
9095 9096 9176 9175.
9096 9097 9177 9176.
9097 9098 9178 9177.
9098 9099 9179 9178.
9099 9100 9180 9179.
9100 9101 9181 9180.
9101 9102 9182 9181.
9102 9103 9183 9182.
9103 9104 9184 9183.
9104 9105 9185 9184.
9105 9106 9186 9185.
9106 9107 9187 9186.
9107 9108 9188 9187.
9108 9109 9189 9188.
9109 9110 9190 9189.
9110 9111 9191 9190.
9111 9112 9192 9191.
9112 9113 9193 9192.
9113 9114 9194 9193.
9114 9115 9195 9194.
9115 9116 9196 9195.
9116 9117 9197 9196.
9117 9118 9198 9197.
9118 9119 9199 9198.
9119 9120 9200 9199.
9120 9041 9121 9200.
9121 9122 9202 9201.
9122 9123 9203 9202.
9123 9124 9204 9203.
9124 9125 9205 9204.
9125 9126 9206 9205.
9126 9127 9207 9206.
9127 9128 9208 9207.
9128 9129 9209 9208.
9129 9130 9210 9209.
9130 9131 9211 9210.
9131 9132 9212 9211.
9132 9133 9213 9212.
9133 9134 9214 9213.
9134 9135 9215 9214.
9135 9136 9216 9215.
9136 9137 9217 9216.
9137 9138 9218 9217.
9138 9139 9219 9218.
9139 9140 9220 9219.
9140 9141 9221 9220.
9141 9142 9222 9221.
9142 9143 9223 9222.
9143 9144 9224 9223.
9144 9145 9225 9224.
9145 9146 9226 9225.
9146 9147 9227 9226.
9147 9148 9228 9227.
9148 9149 9229 9228.
9149 9150 9230 9229.
9150 9151 9231 9230.
9151 9152 9232 9231.
9152 9153 9233 9232.
9153 9154 9234 9233.
9154 9155 9235 9234.
9155 9156 9236 9235.
9156 9157 9237 9236.
9157 9158 9238 9237.
9158 9159 9239 9238.
9159 9160 9240 9239.
9160 9161 9241 9240.
9161 9162 9242 9241.
9162 9163 9243 9242.
9163 9164 9244 9243.
9164 9165 9245 9244.
9165 9166 9246 9245.
9166 9167 9247 9246.
9167 9168 9248 9247.
9168 9169 9249 9248.
9169 9170 9250 9249.
9170 9171 9251 9250.
9171 9172 9252 9251.
9172 9173 9253 9252.
9173 9174 9254 9253.
9174 9175 9255 9254.
9175 9176 9256 9255.
9176 9177 9257 9256.
9177 9178 9258 9257.
9178 9179 9259 9258.
9179 9180 9260 9259.
9180 9181 9261 9260.
9181 9182 9262 9261.
9182 9183 9263 9262.
9183 9184 9264 9263.
9184 9185 9265 9264.
9185 9186 9266 9265.
9186 9187 9267 9266.
9187 9188 9268 9267.
9188 9189 9269 9268.
9189 9190 9270 9269.
9190 9191 9271 9270.
9191 9192 9272 9271.
9192 9193 9273 9272.
9193 9194 9274 9273.
9194 9195 9275 9274.
9195 9196 9276 9275.
9196 9197 9277 9276.
9197 9198 9278 9277.
9198 9199 9279 9278.
9199 9200 9280 9279.
9200 9121 9201 9280.
9201 9202 9282 9281.
9202 9203 9283 9282.
9203 9204 9284 9283.
9204 9205 9285 9284.
9205 9206 9286 9285.
9206 9207 9287 9286.
9207 9208 9288 9287.
9208 9209 9289 9288.
9209 9210 9290 9289.
9210 9211 9291 9290.
9211 9212 9292 9291.
9212 9213 9293 9292.
9213 9214 9294 9293.
9214 9215 9295 9294.
9215 9216 9296 9295.
9216 9217 9297 9296.
9217 9218 9298 9297.
9218 9219 9299 9298.
9219 9220 9300 9299.
9220 9221 9301 9300.
9221 9222 9302 9301.
9222 9223 9303 9302.
9223 9224 9304 9303.
9224 9225 9305 9304.
9225 9226 9306 9305.
9226 9227 9307 9306.
9227 9228 9308 9307.
9228 9229 9309 9308.
9229 9230 9310 9309.
9230 9231 9311 9310.
9231 9232 9312 9311.
9232 9233 9313 9312.
9233 9234 9314 9313.
9234 9235 9315 9314.
9235 9236 9316 9315.
9236 9237 9317 9316.
9237 9238 9318 9317.
9238 9239 9319 9318.
9239 9240 9320 9319.
9240 9241 9321 9320.
9241 9242 9322 9321.
9242 9243 9323 9322.
9243 9244 9324 9323.
9244 9245 9325 9324.
9245 9246 9326 9325.
9246 9247 9327 9326.
9247 9248 9328 9327.
9248 9249 9329 9328.
9249 9250 9330 9329.
9250 9251 9331 9330.
9251 9252 9332 9331.
9252 9253 9333 9332.
9253 9254 9334 9333.
9254 9255 9335 9334.
9255 9256 9336 9335.
9256 9257 9337 9336.
9257 9258 9338 9337.
9258 9259 9339 9338.
9259 9260 9340 9339.
9260 9261 9341 9340.
9261 9262 9342 9341.
9262 9263 9343 9342.
9263 9264 9344 9343.
9264 9265 9345 9344.
9265 9266 9346 9345.
9266 9267 9347 9346.
9267 9268 9348 9347.
9268 9269 9349 9348.
9269 9270 9350 9349.
9270 9271 9351 9350.
9271 9272 9352 9351.
9272 9273 9353 9352.
9273 9274 9354 9353.
9274 9275 9355 9354.
9275 9276 9356 9355.
9276 9277 9357 9356.
9277 9278 9358 9357.
9278 9279 9359 9358.
9279 9280 9360 9359.
9280 9201 9281 9360.
9281 9282 9362 9361.
9282 9283 9363 9362.
9283 9284 9364 9363.
9284 9285 9365 9364.
9285 9286 9366 9365.
9286 9287 9367 9366.
9287 9288 9368 9367.
9288 9289 9369 9368.
9289 9290 9370 9369.
9290 9291 9371 9370.
9291 9292 9372 9371.
9292 9293 9373 9372.
9293 9294 9374 9373.
9294 9295 9375 9374.
9295 9296 9376 9375.
9296 9297 9377 9376.
9297 9298 9378 9377.
9298 9299 9379 9378.
9299 9300 9380 9379.
9300 9301 9381 9380.
9301 9302 9382 9381.
9302 9303 9383 9382.
9303 9304 9384 9383.
9304 9305 9385 9384.
9305 9306 9386 9385.
9306 9307 9387 9386.
9307 9308 9388 9387.
9308 9309 9389 9388.
9309 9310 9390 9389.
9310 9311 9391 9390.
9311 9312 9392 9391.
9312 9313 9393 9392.
9313 9314 9394 9393.
9314 9315 9395 9394.
9315 9316 9396 9395.
9316 9317 9397 9396.
9317 9318 9398 9397.
9318 9319 9399 9398.
9319 9320 9400 9399.
9320 9321 9401 9400.
9321 9322 9402 9401.
9322 9323 9403 9402.
9323 9324 9404 9403.
9324 9325 9405 9404.
9325 9326 9406 9405.
9326 9327 9407 9406.
9327 9328 9408 9407.
9328 9329 9409 9408.
9329 9330 9410 9409.
9330 9331 9411 9410.
9331 9332 9412 9411.
9332 9333 9413 9412.
9333 9334 9414 9413.
9334 9335 9415 9414.
9335 9336 9416 9415.
9336 9337 9417 9416.
9337 9338 9418 9417.
9338 9339 9419 9418.
9339 9340 9420 9419.
9340 9341 9421 9420.
9341 9342 9422 9421.
9342 9343 9423 9422.
9343 9344 9424 9423.
9344 9345 9425 9424.
9345 9346 9426 9425.
9346 9347 9427 9426.
9347 9348 9428 9427.
9348 9349 9429 9428.
9349 9350 9430 9429.
9350 9351 9431 9430.
9351 9352 9432 9431.
9352 9353 9433 9432.
9353 9354 9434 9433.
9354 9355 9435 9434.
9355 9356 9436 9435.
9356 9357 9437 9436.
9357 9358 9438 9437.
9358 9359 9439 9438.
9359 9360 9440 9439.
9360 9281 9361 9440.
9361 9362 9442 9441.
9362 9363 9443 9442.
9363 9364 9444 9443.
9364 9365 9445 9444.
9365 9366 9446 9445.
9366 9367 9447 9446.
9367 9368 9448 9447.
9368 9369 9449 9448.
9369 9370 9450 9449.
9370 9371 9451 9450.
9371 9372 9452 9451.
9372 9373 9453 9452.
9373 9374 9454 9453.
9374 9375 9455 9454.
9375 9376 9456 9455.
9376 9377 9457 9456.
9377 9378 9458 9457.
9378 9379 9459 9458.
9379 9380 9460 9459.
9380 9381 9461 9460.
9381 9382 9462 9461.
9382 9383 9463 9462.
9383 9384 9464 9463.
9384 9385 9465 9464.
9385 9386 9466 9465.
9386 9387 9467 9466.
9387 9388 9468 9467.
9388 9389 9469 9468.
9389 9390 9470 9469.
9390 9391 9471 9470.
9391 9392 9472 9471.
9392 9393 9473 9472.
9393 9394 9474 9473.
9394 9395 9475 9474.
9395 9396 9476 9475.
9396 9397 9477 9476.
9397 9398 9478 9477.
9398 9399 9479 9478.
9399 9400 9480 9479.
9400 9401 9481 9480.
9401 9402 9482 9481.
9402 9403 9483 9482.
9403 9404 9484 9483.
9404 9405 9485 9484.
9405 9406 9486 9485.
9406 9407 9487 9486.
9407 9408 9488 9487.
9408 9409 9489 9488.
9409 9410 9490 9489.
9410 9411 9491 9490.
9411 9412 9492 9491.
9412 9413 9493 9492.
9413 9414 9494 9493.
9414 9415 9495 9494.
9415 9416 9496 9495.
9416 9417 9497 9496.
9417 9418 9498 9497.
9418 9419 9499 9498.
9419 9420 9500 9499.
9420 9421 9501 9500.
9421 9422 9502 9501.
9422 9423 9503 9502.
9423 9424 9504 9503.
9424 9425 9505 9504.
9425 9426 9506 9505.
9426 9427 9507 9506.
9427 9428 9508 9507.
9428 9429 9509 9508.
9429 9430 9510 9509.
9430 9431 9511 9510.
9431 9432 9512 9511.
9432 9433 9513 9512.
9433 9434 9514 9513.
9434 9435 9515 9514.
9435 9436 9516 9515.
9436 9437 9517 9516.
9437 9438 9518 9517.
9438 9439 9519 9518.
9439 9440 9520 9519.
9440 9361 9441 9520.
9441 9442 9522 9521.
9442 9443 9523 9522.
9443 9444 9524 9523.
9444 9445 9525 9524.
9445 9446 9526 9525.
9446 9447 9527 9526.
9447 9448 9528 9527.
9448 9449 9529 9528.
9449 9450 9530 9529.
9450 9451 9531 9530.
9451 9452 9532 9531.
9452 9453 9533 9532.
9453 9454 9534 9533.
9454 9455 9535 9534.
9455 9456 9536 9535.
9456 9457 9537 9536.
9457 9458 9538 9537.
9458 9459 9539 9538.
9459 9460 9540 9539.
9460 9461 9541 9540.
9461 9462 9542 9541.
9462 9463 9543 9542.
9463 9464 9544 9543.
9464 9465 9545 9544.
9465 9466 9546 9545.
9466 9467 9547 9546.
9467 9468 9548 9547.
9468 9469 9549 9548.
9469 9470 9550 9549.
9470 9471 9551 9550.
9471 9472 9552 9551.
9472 9473 9553 9552.
9473 9474 9554 9553.
9474 9475 9555 9554.
9475 9476 9556 9555.
9476 9477 9557 9556.
9477 9478 9558 9557.
9478 9479 9559 9558.
9479 9480 9560 9559.
9480 9481 9561 9560.
9481 9482 9562 9561.
9482 9483 9563 9562.
9483 9484 9564 9563.
9484 9485 9565 9564.
9485 9486 9566 9565.
9486 9487 9567 9566.
9487 9488 9568 9567.
9488 9489 9569 9568.
9489 9490 9570 9569.
9490 9491 9571 9570.
9491 9492 9572 9571.
9492 9493 9573 9572.
9493 9494 9574 9573.
9494 9495 9575 9574.
9495 9496 9576 9575.
9496 9497 9577 9576.
9497 9498 9578 9577.
9498 9499 9579 9578.
9499 9500 9580 9579.
9500 9501 9581 9580.
9501 9502 9582 9581.
9502 9503 9583 9582.
9503 9504 9584 9583.
9504 9505 9585 9584.
9505 9506 9586 9585.
9506 9507 9587 9586.
9507 9508 9588 9587.
9508 9509 9589 9588.
9509 9510 9590 9589.
9510 9511 9591 9590.
9511 9512 9592 9591.
9512 9513 9593 9592.
9513 9514 9594 9593.
9514 9515 9595 9594.
9515 9516 9596 9595.
9516 9517 9597 9596.
9517 9518 9598 9597.
9518 9519 9599 9598.
9519 9520 9600 9599.
9520 9441 9521 9600.
9521 9522 9602 9601.
9522 9523 9603 9602.
9523 9524 9604 9603.
9524 9525 9605 9604.
9525 9526 9606 9605.
9526 9527 9607 9606.
9527 9528 9608 9607.
9528 9529 9609 9608.
9529 9530 9610 9609.
9530 9531 9611 9610.
9531 9532 9612 9611.
9532 9533 9613 9612.
9533 9534 9614 9613.
9534 9535 9615 9614.
9535 9536 9616 9615.
9536 9537 9617 9616.
9537 9538 9618 9617.
9538 9539 9619 9618.
9539 9540 9620 9619.
9540 9541 9621 9620.
9541 9542 9622 9621.
9542 9543 9623 9622.
9543 9544 9624 9623.
9544 9545 9625 9624.
9545 9546 9626 9625.
9546 9547 9627 9626.
9547 9548 9628 9627.
9548 9549 9629 9628.
9549 9550 9630 9629.
9550 9551 9631 9630.
9551 9552 9632 9631.
9552 9553 9633 9632.
9553 9554 9634 9633.
9554 9555 9635 9634.
9555 9556 9636 9635.
9556 9557 9637 9636.
9557 9558 9638 9637.
9558 9559 9639 9638.
9559 9560 9640 9639.
9560 9561 9641 9640.
9561 9562 9642 9641.
9562 9563 9643 9642.
9563 9564 9644 9643.
9564 9565 9645 9644.
9565 9566 9646 9645.
9566 9567 9647 9646.
9567 9568 9648 9647.
9568 9569 9649 9648.
9569 9570 9650 9649.
9570 9571 9651 9650.
9571 9572 9652 9651.
9572 9573 9653 9652.
9573 9574 9654 9653.
9574 9575 9655 9654.
9575 9576 9656 9655.
9576 9577 9657 9656.
9577 9578 9658 9657.
9578 9579 9659 9658.
9579 9580 9660 9659.
9580 9581 9661 9660.
9581 9582 9662 9661.
9582 9583 9663 9662.
9583 9584 9664 9663.
9584 9585 9665 9664.
9585 9586 9666 9665.
9586 9587 9667 9666.
9587 9588 9668 9667.
9588 9589 9669 9668.
9589 9590 9670 9669.
9590 9591 9671 9670.
9591 9592 9672 9671.
9592 9593 9673 9672.
9593 9594 9674 9673.
9594 9595 9675 9674.
9595 9596 9676 9675.
9596 9597 9677 9676.
9597 9598 9678 9677.
9598 9599 9679 9678.
9599 9600 9680 9679.
9600 9521 9601 9680.
9601 9602 9682 9681.
9602 9603 9683 9682.
9603 9604 9684 9683.
9604 9605 9685 9684.
9605 9606 9686 9685.
9606 9607 9687 9686.
9607 9608 9688 9687.
9608 9609 9689 9688.
9609 9610 9690 9689.
9610 9611 9691 9690.
9611 9612 9692 9691.
9612 9613 9693 9692.
9613 9614 9694 9693.
9614 9615 9695 9694.
9615 9616 9696 9695.
9616 9617 9697 9696.
9617 9618 9698 9697.
9618 9619 9699 9698.
9619 9620 9700 9699.
9620 9621 9701 9700.
9621 9622 9702 9701.
9622 9623 9703 9702.
9623 9624 9704 9703.
9624 9625 9705 9704.
9625 9626 9706 9705.
9626 9627 9707 9706.
9627 9628 9708 9707.
9628 9629 9709 9708.
9629 9630 9710 9709.
9630 9631 9711 9710.
9631 9632 9712 9711.
9632 9633 9713 9712.
9633 9634 9714 9713.
9634 9635 9715 9714.
9635 9636 9716 9715.
9636 9637 9717 9716.
9637 9638 9718 9717.
9638 9639 9719 9718.
9639 9640 9720 9719.
9640 9641 9721 9720.
9641 9642 9722 9721.
9642 9643 9723 9722.
9643 9644 9724 9723.
9644 9645 9725 9724.
9645 9646 9726 9725.
9646 9647 9727 9726.
9647 9648 9728 9727.
9648 9649 9729 9728.
9649 9650 9730 9729.
9650 9651 9731 9730.
9651 9652 9732 9731.
9652 9653 9733 9732.
9653 9654 9734 9733.
9654 9655 9735 9734.
9655 9656 9736 9735.
9656 9657 9737 9736.
9657 9658 9738 9737.
9658 9659 9739 9738.
9659 9660 9740 9739.
9660 9661 9741 9740.
9661 9662 9742 9741.
9662 9663 9743 9742.
9663 9664 9744 9743.
9664 9665 9745 9744.
9665 9666 9746 9745.
9666 9667 9747 9746.
9667 9668 9748 9747.
9668 9669 9749 9748.
9669 9670 9750 9749.
9670 9671 9751 9750.
9671 9672 9752 9751.
9672 9673 9753 9752.
9673 9674 9754 9753.
9674 9675 9755 9754.
9675 9676 9756 9755.
9676 9677 9757 9756.
9677 9678 9758 9757.
9678 9679 9759 9758.
9679 9680 9760 9759.
9680 9601 9681 9760.
9681 9682 9762 9761.
9682 9683 9763 9762.
9683 9684 9764 9763.
9684 9685 9765 9764.
9685 9686 9766 9765.
9686 9687 9767 9766.
9687 9688 9768 9767.
9688 9689 9769 9768.
9689 9690 9770 9769.
9690 9691 9771 9770.
9691 9692 9772 9771.
9692 9693 9773 9772.
9693 9694 9774 9773.
9694 9695 9775 9774.
9695 9696 9776 9775.
9696 9697 9777 9776.
9697 9698 9778 9777.
9698 9699 9779 9778.
9699 9700 9780 9779.
9700 9701 9781 9780.
9701 9702 9782 9781.
9702 9703 9783 9782.
9703 9704 9784 9783.
9704 9705 9785 9784.
9705 9706 9786 9785.
9706 9707 9787 9786.
9707 9708 9788 9787.
9708 9709 9789 9788.
9709 9710 9790 9789.
9710 9711 9791 9790.
9711 9712 9792 9791.
9712 9713 9793 9792.
9713 9714 9794 9793.
9714 9715 9795 9794.
9715 9716 9796 9795.
9716 9717 9797 9796.
9717 9718 9798 9797.
9718 9719 9799 9798.
9719 9720 9800 9799.
9720 9721 9801 9800.
9721 9722 9802 9801.
9722 9723 9803 9802.
9723 9724 9804 9803.
9724 9725 9805 9804.
9725 9726 9806 9805.
9726 9727 9807 9806.
9727 9728 9808 9807.
9728 9729 9809 9808.
9729 9730 9810 9809.
9730 9731 9811 9810.
9731 9732 9812 9811.
9732 9733 9813 9812.
9733 9734 9814 9813.
9734 9735 9815 9814.
9735 9736 9816 9815.
9736 9737 9817 9816.
9737 9738 9818 9817.
9738 9739 9819 9818.
9739 9740 9820 9819.
9740 9741 9821 9820.
9741 9742 9822 9821.
9742 9743 9823 9822.
9743 9744 9824 9823.
9744 9745 9825 9824.
9745 9746 9826 9825.
9746 9747 9827 9826.
9747 9748 9828 9827.
9748 9749 9829 9828.
9749 9750 9830 9829.
9750 9751 9831 9830.
9751 9752 9832 9831.
9752 9753 9833 9832.
9753 9754 9834 9833.
9754 9755 9835 9834.
9755 9756 9836 9835.
9756 9757 9837 9836.
9757 9758 9838 9837.
9758 9759 9839 9838.
9759 9760 9840 9839.
9760 9681 9761 9840.
9761 9762 9842 9841.
9762 9763 9843 9842.
9763 9764 9844 9843.
9764 9765 9845 9844.
9765 9766 9846 9845.
9766 9767 9847 9846.
9767 9768 9848 9847.
9768 9769 9849 9848.
9769 9770 9850 9849.
9770 9771 9851 9850.
9771 9772 9852 9851.
9772 9773 9853 9852.
9773 9774 9854 9853.
9774 9775 9855 9854.
9775 9776 9856 9855.
9776 9777 9857 9856.
9777 9778 9858 9857.
9778 9779 9859 9858.
9779 9780 9860 9859.
9780 9781 9861 9860.
9781 9782 9862 9861.
9782 9783 9863 9862.
9783 9784 9864 9863.
9784 9785 9865 9864.
9785 9786 9866 9865.
9786 9787 9867 9866.
9787 9788 9868 9867.
9788 9789 9869 9868.
9789 9790 9870 9869.
9790 9791 9871 9870.
9791 9792 9872 9871.
9792 9793 9873 9872.
9793 9794 9874 9873.
9794 9795 9875 9874.
9795 9796 9876 9875.
9796 9797 9877 9876.
9797 9798 9878 9877.
9798 9799 9879 9878.
9799 9800 9880 9879.
9800 9801 9881 9880.
9801 9802 9882 9881.
9802 9803 9883 9882.
9803 9804 9884 9883.
9804 9805 9885 9884.
9805 9806 9886 9885.
9806 9807 9887 9886.
9807 9808 9888 9887.
9808 9809 9889 9888.
9809 9810 9890 9889.
9810 9811 9891 9890.
9811 9812 9892 9891.
9812 9813 9893 9892.
9813 9814 9894 9893.
9814 9815 9895 9894.
9815 9816 9896 9895.
9816 9817 9897 9896.
9817 9818 9898 9897.
9818 9819 9899 9898.
9819 9820 9900 9899.
9820 9821 9901 9900.
9821 9822 9902 9901.
9822 9823 9903 9902.
9823 9824 9904 9903.
9824 9825 9905 9904.
9825 9826 9906 9905.
9826 9827 9907 9906.
9827 9828 9908 9907.
9828 9829 9909 9908.
9829 9830 9910 9909.
9830 9831 9911 9910.
9831 9832 9912 9911.
9832 9833 9913 9912.
9833 9834 9914 9913.
9834 9835 9915 9914.
9835 9836 9916 9915.
9836 9837 9917 9916.
9837 9838 9918 9917.
9838 9839 9919 9918.
9839 9840 9920 9919.
9840 9761 9841 9920.
9841 9842 9922 9921.
9842 9843 9923 9922.
9843 9844 9924 9923.
9844 9845 9925 9924.
9845 9846 9926 9925.
9846 9847 9927 9926.
9847 9848 9928 9927.
9848 9849 9929 9928.
9849 9850 9930 9929.
9850 9851 9931 9930.
9851 9852 9932 9931.
9852 9853 9933 9932.
9853 9854 9934 9933.
9854 9855 9935 9934.
9855 9856 9936 9935.
9856 9857 9937 9936.
9857 9858 9938 9937.
9858 9859 9939 9938.
9859 9860 9940 9939.
9860 9861 9941 9940.
9861 9862 9942 9941.
9862 9863 9943 9942.
9863 9864 9944 9943.
9864 9865 9945 9944.
9865 9866 9946 9945.
9866 9867 9947 9946.
9867 9868 9948 9947.
9868 9869 9949 9948.
9869 9870 9950 9949.
9870 9871 9951 9950.
9871 9872 9952 9951.
9872 9873 9953 9952.
9873 9874 9954 9953.
9874 9875 9955 9954.
9875 9876 9956 9955.
9876 9877 9957 9956.
9877 9878 9958 9957.
9878 9879 9959 9958.
9879 9880 9960 9959.
9880 9881 9961 9960.
9881 9882 9962 9961.
9882 9883 9963 9962.
9883 9884 9964 9963.
9884 9885 9965 9964.
9885 9886 9966 9965.
9886 9887 9967 9966.
9887 9888 9968 9967.
9888 9889 9969 9968.
9889 9890 9970 9969.
9890 9891 9971 9970.
9891 9892 9972 9971.
9892 9893 9973 9972.
9893 9894 9974 9973.
9894 9895 9975 9974.
9895 9896 9976 9975.
9896 9897 9977 9976.
9897 9898 9978 9977.
9898 9899 9979 9978.
9899 9900 9980 9979.
9900 9901 9981 9980.
9901 9902 9982 9981.
9902 9903 9983 9982.
9903 9904 9984 9983.
9904 9905 9985 9984.
9905 9906 9986 9985.
9906 9907 9987 9986.
9907 9908 9988 9987.
9908 9909 9989 9988.
9909 9910 9990 9989.
9910 9911 9991 9990.
9911 9912 9992 9991.
9912 9913 9993 9992.
9913 9914 9994 9993.
9914 9915 9995 9994.
9915 9916 9996 9995.
9916 9917 9997 9996.
9917 9918 9998 9997.
9918 9919 9999 9998.
9919 9920 10000 9999.
9920 9841 9921 10000.
9921 9922 10002 10001.
9922 9923 10003 10002.
9923 9924 10004 10003.
9924 9925 10005 10004.
9925 9926 10006 10005.
9926 9927 10007 10006.
9927 9928 10008 10007.
9928 9929 10009 10008.
9929 9930 10010 10009.
9930 9931 10011 10010.
9931 9932 10012 10011.
9932 9933 10013 10012.
9933 9934 10014 10013.
9934 9935 10015 10014.
9935 9936 10016 10015.
9936 9937 10017 10016.
9937 9938 10018 10017.
9938 9939 10019 10018.
9939 9940 10020 10019.
9940 9941 10021 10020.
9941 9942 10022 10021.
9942 9943 10023 10022.
9943 9944 10024 10023.
9944 9945 10025 10024.
9945 9946 10026 10025.
9946 9947 10027 10026.
9947 9948 10028 10027.
9948 9949 10029 10028.
9949 9950 10030 10029.
9950 9951 10031 10030.
9951 9952 10032 10031.
9952 9953 10033 10032.
9953 9954 10034 10033.
9954 9955 10035 10034.
9955 9956 10036 10035.
9956 9957 10037 10036.
9957 9958 10038 10037.
9958 9959 10039 10038.
9959 9960 10040 10039.
9960 9961 10041 10040.
9961 9962 10042 10041.
9962 9963 10043 10042.
9963 9964 10044 10043.
9964 9965 10045 10044.
9965 9966 10046 10045.
9966 9967 10047 10046.
9967 9968 10048 10047.
9968 9969 10049 10048.
9969 9970 10050 10049.
9970 9971 10051 10050.
9971 9972 10052 10051.
9972 9973 10053 10052.
9973 9974 10054 10053.
9974 9975 10055 10054.
9975 9976 10056 10055.
9976 9977 10057 10056.
9977 9978 10058 10057.
9978 9979 10059 10058.
9979 9980 10060 10059.
9980 9981 10061 10060.
9981 9982 10062 10061.
9982 9983 10063 10062.
9983 9984 10064 10063.
9984 9985 10065 10064.
9985 9986 10066 10065.
9986 9987 10067 10066.
9987 9988 10068 10067.
9988 9989 10069 10068.
9989 9990 10070 10069.
9990 9991 10071 10070.
9991 9992 10072 10071.
9992 9993 10073 10072.
9993 9994 10074 10073.
9994 9995 10075 10074.
9995 9996 10076 10075.
9996 9997 10077 10076.
9997 9998 10078 10077.
9998 9999 10079 10078.
9999 10000 10080 10079.
10000 9921 10001 10080.
10001 10002 10082 10081.
10002 10003 10083 10082.
10003 10004 10084 10083.
10004 10005 10085 10084.
10005 10006 10086 10085.
10006 10007 10087 10086.
10007 10008 10088 10087.
10008 10009 10089 10088.
10009 10010 10090 10089.
10010 10011 10091 10090.
10011 10012 10092 10091.
10012 10013 10093 10092.
10013 10014 10094 10093.
10014 10015 10095 10094.
10015 10016 10096 10095.
10016 10017 10097 10096.
10017 10018 10098 10097.
10018 10019 10099 10098.
10019 10020 10100 10099.
10020 10021 10101 10100.
10021 10022 10102 10101.
10022 10023 10103 10102.
10023 10024 10104 10103.
10024 10025 10105 10104.
10025 10026 10106 10105.
10026 10027 10107 10106.
10027 10028 10108 10107.
10028 10029 10109 10108.
10029 10030 10110 10109.
10030 10031 10111 10110.
10031 10032 10112 10111.
10032 10033 10113 10112.
10033 10034 10114 10113.
10034 10035 10115 10114.
10035 10036 10116 10115.
10036 10037 10117 10116.
10037 10038 10118 10117.
10038 10039 10119 10118.
10039 10040 10120 10119.
10040 10041 10121 10120.
10041 10042 10122 10121.
10042 10043 10123 10122.
10043 10044 10124 10123.
10044 10045 10125 10124.
10045 10046 10126 10125.
10046 10047 10127 10126.
10047 10048 10128 10127.
10048 10049 10129 10128.
10049 10050 10130 10129.
10050 10051 10131 10130.
10051 10052 10132 10131.
10052 10053 10133 10132.
10053 10054 10134 10133.
10054 10055 10135 10134.
10055 10056 10136 10135.
10056 10057 10137 10136.
10057 10058 10138 10137.
10058 10059 10139 10138.
10059 10060 10140 10139.
10060 10061 10141 10140.
10061 10062 10142 10141.
10062 10063 10143 10142.
10063 10064 10144 10143.
10064 10065 10145 10144.
10065 10066 10146 10145.
10066 10067 10147 10146.
10067 10068 10148 10147.
10068 10069 10149 10148.
10069 10070 10150 10149.
10070 10071 10151 10150.
10071 10072 10152 10151.
10072 10073 10153 10152.
10073 10074 10154 10153.
10074 10075 10155 10154.
10075 10076 10156 10155.
10076 10077 10157 10156.
10077 10078 10158 10157.
10078 10079 10159 10158.
10079 10080 10160 10159.
10080 10001 10081 10160.
10081 10082 10162 10161.
10082 10083 10163 10162.
10083 10084 10164 10163.
10084 10085 10165 10164.
10085 10086 10166 10165.
10086 10087 10167 10166.
10087 10088 10168 10167.
10088 10089 10169 10168.
10089 10090 10170 10169.
10090 10091 10171 10170.
10091 10092 10172 10171.
10092 10093 10173 10172.
10093 10094 10174 10173.
10094 10095 10175 10174.
10095 10096 10176 10175.
10096 10097 10177 10176.
10097 10098 10178 10177.
10098 10099 10179 10178.
10099 10100 10180 10179.
10100 10101 10181 10180.
10101 10102 10182 10181.
10102 10103 10183 10182.
10103 10104 10184 10183.
10104 10105 10185 10184.
10105 10106 10186 10185.
10106 10107 10187 10186.
10107 10108 10188 10187.
10108 10109 10189 10188.
10109 10110 10190 10189.
10110 10111 10191 10190.
10111 10112 10192 10191.
10112 10113 10193 10192.
10113 10114 10194 10193.
10114 10115 10195 10194.
10115 10116 10196 10195.
10116 10117 10197 10196.
10117 10118 10198 10197.
10118 10119 10199 10198.
10119 10120 10200 10199.
10120 10121 10201 10200.
10121 10122 10202 10201.
10122 10123 10203 10202.
10123 10124 10204 10203.
10124 10125 10205 10204.
10125 10126 10206 10205.
10126 10127 10207 10206.
10127 10128 10208 10207.
10128 10129 10209 10208.
10129 10130 10210 10209.
10130 10131 10211 10210.
10131 10132 10212 10211.
10132 10133 10213 10212.
10133 10134 10214 10213.
10134 10135 10215 10214.
10135 10136 10216 10215.
10136 10137 10217 10216.
10137 10138 10218 10217.
10138 10139 10219 10218.
10139 10140 10220 10219.
10140 10141 10221 10220.
10141 10142 10222 10221.
10142 10143 10223 10222.
10143 10144 10224 10223.
10144 10145 10225 10224.
10145 10146 10226 10225.
10146 10147 10227 10226.
10147 10148 10228 10227.
10148 10149 10229 10228.
10149 10150 10230 10229.
10150 10151 10231 10230.
10151 10152 10232 10231.
10152 10153 10233 10232.
10153 10154 10234 10233.
10154 10155 10235 10234.
10155 10156 10236 10235.
10156 10157 10237 10236.
10157 10158 10238 10237.
10158 10159 10239 10238.
10159 10160 10240 10239.
10160 10081 10161 10240.
10161 10162 10242 10241.
10162 10163 10243 10242.
10163 10164 10244 10243.
10164 10165 10245 10244.
10165 10166 10246 10245.
10166 10167 10247 10246.
10167 10168 10248 10247.
10168 10169 10249 10248.
10169 10170 10250 10249.
10170 10171 10251 10250.
10171 10172 10252 10251.
10172 10173 10253 10252.
10173 10174 10254 10253.
10174 10175 10255 10254.
10175 10176 10256 10255.
10176 10177 10257 10256.
10177 10178 10258 10257.
10178 10179 10259 10258.
10179 10180 10260 10259.
10180 10181 10261 10260.
10181 10182 10262 10261.
10182 10183 10263 10262.
10183 10184 10264 10263.
10184 10185 10265 10264.
10185 10186 10266 10265.
10186 10187 10267 10266.
10187 10188 10268 10267.
10188 10189 10269 10268.
10189 10190 10270 10269.
10190 10191 10271 10270.
10191 10192 10272 10271.
10192 10193 10273 10272.
10193 10194 10274 10273.
10194 10195 10275 10274.
10195 10196 10276 10275.
10196 10197 10277 10276.
10197 10198 10278 10277.
10198 10199 10279 10278.
10199 10200 10280 10279.
10200 10201 10281 10280.
10201 10202 10282 10281.
10202 10203 10283 10282.
10203 10204 10284 10283.
10204 10205 10285 10284.
10205 10206 10286 10285.
10206 10207 10287 10286.
10207 10208 10288 10287.
10208 10209 10289 10288.
10209 10210 10290 10289.
10210 10211 10291 10290.
10211 10212 10292 10291.
10212 10213 10293 10292.
10213 10214 10294 10293.
10214 10215 10295 10294.
10215 10216 10296 10295.
10216 10217 10297 10296.
10217 10218 10298 10297.
10218 10219 10299 10298.
10219 10220 10300 10299.
10220 10221 10301 10300.
10221 10222 10302 10301.
10222 10223 10303 10302.
10223 10224 10304 10303.
10224 10225 10305 10304.
10225 10226 10306 10305.
10226 10227 10307 10306.
10227 10228 10308 10307.
10228 10229 10309 10308.
10229 10230 10310 10309.
10230 10231 10311 10310.
10231 10232 10312 10311.
10232 10233 10313 10312.
10233 10234 10314 10313.
10234 10235 10315 10314.
10235 10236 10316 10315.
10236 10237 10317 10316.
10237 10238 10318 10317.
10238 10239 10319 10318.
10239 10240 10320 10319.
10240 10161 10241 10320.
10241 10242 10322 10321.
10242 10243 10323 10322.
10243 10244 10324 10323.
10244 10245 10325 10324.
10245 10246 10326 10325.
10246 10247 10327 10326.
10247 10248 10328 10327.
10248 10249 10329 10328.
10249 10250 10330 10329.
10250 10251 10331 10330.
10251 10252 10332 10331.
10252 10253 10333 10332.
10253 10254 10334 10333.
10254 10255 10335 10334.
10255 10256 10336 10335.
10256 10257 10337 10336.
10257 10258 10338 10337.
10258 10259 10339 10338.
10259 10260 10340 10339.
10260 10261 10341 10340.
10261 10262 10342 10341.
10262 10263 10343 10342.
10263 10264 10344 10343.
10264 10265 10345 10344.
10265 10266 10346 10345.
10266 10267 10347 10346.
10267 10268 10348 10347.
10268 10269 10349 10348.
10269 10270 10350 10349.
10270 10271 10351 10350.
10271 10272 10352 10351.
10272 10273 10353 10352.
10273 10274 10354 10353.
10274 10275 10355 10354.
10275 10276 10356 10355.
10276 10277 10357 10356.
10277 10278 10358 10357.
10278 10279 10359 10358.
10279 10280 10360 10359.
10280 10281 10361 10360.
10281 10282 10362 10361.
10282 10283 10363 10362.
10283 10284 10364 10363.
10284 10285 10365 10364.
10285 10286 10366 10365.
10286 10287 10367 10366.
10287 10288 10368 10367.
10288 10289 10369 10368.
10289 10290 10370 10369.
10290 10291 10371 10370.
10291 10292 10372 10371.
10292 10293 10373 10372.
10293 10294 10374 10373.
10294 10295 10375 10374.
10295 10296 10376 10375.
10296 10297 10377 10376.
10297 10298 10378 10377.
10298 10299 10379 10378.
10299 10300 10380 10379.
10300 10301 10381 10380.
10301 10302 10382 10381.
10302 10303 10383 10382.
10303 10304 10384 10383.
10304 10305 10385 10384.
10305 10306 10386 10385.
10306 10307 10387 10386.
10307 10308 10388 10387.
10308 10309 10389 10388.
10309 10310 10390 10389.
10310 10311 10391 10390.
10311 10312 10392 10391.
10312 10313 10393 10392.
10313 10314 10394 10393.
10314 10315 10395 10394.
10315 10316 10396 10395.
10316 10317 10397 10396.
10317 10318 10398 10397.
10318 10319 10399 10398.
10319 10320 10400 10399.
10320 10241 10321 10400.
10321 10322 10402 10401.
10322 10323 10403 10402.
10323 10324 10404 10403.
10324 10325 10405 10404.
10325 10326 10406 10405.
10326 10327 10407 10406.
10327 10328 10408 10407.
10328 10329 10409 10408.
10329 10330 10410 10409.
10330 10331 10411 10410.
10331 10332 10412 10411.
10332 10333 10413 10412.
10333 10334 10414 10413.
10334 10335 10415 10414.
10335 10336 10416 10415.
10336 10337 10417 10416.
10337 10338 10418 10417.
10338 10339 10419 10418.
10339 10340 10420 10419.
10340 10341 10421 10420.
10341 10342 10422 10421.
10342 10343 10423 10422.
10343 10344 10424 10423.
10344 10345 10425 10424.
10345 10346 10426 10425.
10346 10347 10427 10426.
10347 10348 10428 10427.
10348 10349 10429 10428.
10349 10350 10430 10429.
10350 10351 10431 10430.
10351 10352 10432 10431.
10352 10353 10433 10432.
10353 10354 10434 10433.
10354 10355 10435 10434.
10355 10356 10436 10435.
10356 10357 10437 10436.
10357 10358 10438 10437.
10358 10359 10439 10438.
10359 10360 10440 10439.
10360 10361 10441 10440.
10361 10362 10442 10441.
10362 10363 10443 10442.
10363 10364 10444 10443.
10364 10365 10445 10444.
10365 10366 10446 10445.
10366 10367 10447 10446.
10367 10368 10448 10447.
10368 10369 10449 10448.
10369 10370 10450 10449.
10370 10371 10451 10450.
10371 10372 10452 10451.
10372 10373 10453 10452.
10373 10374 10454 10453.
10374 10375 10455 10454.
10375 10376 10456 10455.
10376 10377 10457 10456.
10377 10378 10458 10457.
10378 10379 10459 10458.
10379 10380 10460 10459.
10380 10381 10461 10460.
10381 10382 10462 10461.
10382 10383 10463 10462.
10383 10384 10464 10463.
10384 10385 10465 10464.
10385 10386 10466 10465.
10386 10387 10467 10466.
10387 10388 10468 10467.
10388 10389 10469 10468.
10389 10390 10470 10469.
10390 10391 10471 10470.
10391 10392 10472 10471.
10392 10393 10473 10472.
10393 10394 10474 10473.
10394 10395 10475 10474.
10395 10396 10476 10475.
10396 10397 10477 10476.
10397 10398 10478 10477.
10398 10399 10479 10478.
10399 10400 10480 10479.
10400 10321 10401 10480.
10401 10402 10482 10481.
10402 10403 10483 10482.
10403 10404 10484 10483.
10404 10405 10485 10484.
10405 10406 10486 10485.
10406 10407 10487 10486.
10407 10408 10488 10487.
10408 10409 10489 10488.
10409 10410 10490 10489.
10410 10411 10491 10490.
10411 10412 10492 10491.
10412 10413 10493 10492.
10413 10414 10494 10493.
10414 10415 10495 10494.
10415 10416 10496 10495.
10416 10417 10497 10496.
10417 10418 10498 10497.
10418 10419 10499 10498.
10419 10420 10500 10499.
10420 10421 10501 10500.
10421 10422 10502 10501.
10422 10423 10503 10502.
10423 10424 10504 10503.
10424 10425 10505 10504.
10425 10426 10506 10505.
10426 10427 10507 10506.
10427 10428 10508 10507.
10428 10429 10509 10508.
10429 10430 10510 10509.
10430 10431 10511 10510.
10431 10432 10512 10511.
10432 10433 10513 10512.
10433 10434 10514 10513.
10434 10435 10515 10514.
10435 10436 10516 10515.
10436 10437 10517 10516.
10437 10438 10518 10517.
10438 10439 10519 10518.
10439 10440 10520 10519.
10440 10441 10521 10520.
10441 10442 10522 10521.
10442 10443 10523 10522.
10443 10444 10524 10523.
10444 10445 10525 10524.
10445 10446 10526 10525.
10446 10447 10527 10526.
10447 10448 10528 10527.
10448 10449 10529 10528.
10449 10450 10530 10529.
10450 10451 10531 10530.
10451 10452 10532 10531.
10452 10453 10533 10532.
10453 10454 10534 10533.
10454 10455 10535 10534.
10455 10456 10536 10535.
10456 10457 10537 10536.
10457 10458 10538 10537.
10458 10459 10539 10538.
10459 10460 10540 10539.
10460 10461 10541 10540.
10461 10462 10542 10541.
10462 10463 10543 10542.
10463 10464 10544 10543.
10464 10465 10545 10544.
10465 10466 10546 10545.
10466 10467 10547 10546.
10467 10468 10548 10547.
10468 10469 10549 10548.
10469 10470 10550 10549.
10470 10471 10551 10550.
10471 10472 10552 10551.
10472 10473 10553 10552.
10473 10474 10554 10553.
10474 10475 10555 10554.
10475 10476 10556 10555.
10476 10477 10557 10556.
10477 10478 10558 10557.
10478 10479 10559 10558.
10479 10480 10560 10559.
10480 10401 10481 10560.
10481 10482 10562 10561.
10482 10483 10563 10562.
10483 10484 10564 10563.
10484 10485 10565 10564.
10485 10486 10566 10565.
10486 10487 10567 10566.
10487 10488 10568 10567.
10488 10489 10569 10568.
10489 10490 10570 10569.
10490 10491 10571 10570.
10491 10492 10572 10571.
10492 10493 10573 10572.
10493 10494 10574 10573.
10494 10495 10575 10574.
10495 10496 10576 10575.
10496 10497 10577 10576.
10497 10498 10578 10577.
10498 10499 10579 10578.
10499 10500 10580 10579.
10500 10501 10581 10580.
10501 10502 10582 10581.
10502 10503 10583 10582.
10503 10504 10584 10583.
10504 10505 10585 10584.
10505 10506 10586 10585.
10506 10507 10587 10586.
10507 10508 10588 10587.
10508 10509 10589 10588.
10509 10510 10590 10589.
10510 10511 10591 10590.
10511 10512 10592 10591.
10512 10513 10593 10592.
10513 10514 10594 10593.
10514 10515 10595 10594.
10515 10516 10596 10595.
10516 10517 10597 10596.
10517 10518 10598 10597.
10518 10519 10599 10598.
10519 10520 10600 10599.
10520 10521 10601 10600.
10521 10522 10602 10601.
10522 10523 10603 10602.
10523 10524 10604 10603.
10524 10525 10605 10604.
10525 10526 10606 10605.
10526 10527 10607 10606.
10527 10528 10608 10607.
10528 10529 10609 10608.
10529 10530 10610 10609.
10530 10531 10611 10610.
10531 10532 10612 10611.
10532 10533 10613 10612.
10533 10534 10614 10613.
10534 10535 10615 10614.
10535 10536 10616 10615.
10536 10537 10617 10616.
10537 10538 10618 10617.
10538 10539 10619 10618.
10539 10540 10620 10619.
10540 10541 10621 10620.
10541 10542 10622 10621.
10542 10543 10623 10622.
10543 10544 10624 10623.
10544 10545 10625 10624.
10545 10546 10626 10625.
10546 10547 10627 10626.
10547 10548 10628 10627.
10548 10549 10629 10628.
10549 10550 10630 10629.
10550 10551 10631 10630.
10551 10552 10632 10631.
10552 10553 10633 10632.
10553 10554 10634 10633.
10554 10555 10635 10634.
10555 10556 10636 10635.
10556 10557 10637 10636.
10557 10558 10638 10637.
10558 10559 10639 10638.
10559 10560 10640 10639.
10560 10481 10561 10640.
10561 10562 10642 10641.
10562 10563 10643 10642.
10563 10564 10644 10643.
10564 10565 10645 10644.
10565 10566 10646 10645.
10566 10567 10647 10646.
10567 10568 10648 10647.
10568 10569 10649 10648.
10569 10570 10650 10649.
10570 10571 10651 10650.
10571 10572 10652 10651.
10572 10573 10653 10652.
10573 10574 10654 10653.
10574 10575 10655 10654.
10575 10576 10656 10655.
10576 10577 10657 10656.
10577 10578 10658 10657.
10578 10579 10659 10658.
10579 10580 10660 10659.
10580 10581 10661 10660.
10581 10582 10662 10661.
10582 10583 10663 10662.
10583 10584 10664 10663.
10584 10585 10665 10664.
10585 10586 10666 10665.
10586 10587 10667 10666.
10587 10588 10668 10667.
10588 10589 10669 10668.
10589 10590 10670 10669.
10590 10591 10671 10670.
10591 10592 10672 10671.
10592 10593 10673 10672.
10593 10594 10674 10673.
10594 10595 10675 10674.
10595 10596 10676 10675.
10596 10597 10677 10676.
10597 10598 10678 10677.
10598 10599 10679 10678.
10599 10600 10680 10679.
10600 10601 10681 10680.
10601 10602 10682 10681.
10602 10603 10683 10682.
10603 10604 10684 10683.
10604 10605 10685 10684.
10605 10606 10686 10685.
10606 10607 10687 10686.
10607 10608 10688 10687.
10608 10609 10689 10688.
10609 10610 10690 10689.
10610 10611 10691 10690.
10611 10612 10692 10691.
10612 10613 10693 10692.
10613 10614 10694 10693.
10614 10615 10695 10694.
10615 10616 10696 10695.
10616 10617 10697 10696.
10617 10618 10698 10697.
10618 10619 10699 10698.
10619 10620 10700 10699.
10620 10621 10701 10700.
10621 10622 10702 10701.
10622 10623 10703 10702.
10623 10624 10704 10703.
10624 10625 10705 10704.
10625 10626 10706 10705.
10626 10627 10707 10706.
10627 10628 10708 10707.
10628 10629 10709 10708.
10629 10630 10710 10709.
10630 10631 10711 10710.
10631 10632 10712 10711.
10632 10633 10713 10712.
10633 10634 10714 10713.
10634 10635 10715 10714.
10635 10636 10716 10715.
10636 10637 10717 10716.
10637 10638 10718 10717.
10638 10639 10719 10718.
10639 10640 10720 10719.
10640 10561 10641 10720.
10641 10642 10722 10721.
10642 10643 10723 10722.
10643 10644 10724 10723.
10644 10645 10725 10724.
10645 10646 10726 10725.
10646 10647 10727 10726.
10647 10648 10728 10727.
10648 10649 10729 10728.
10649 10650 10730 10729.
10650 10651 10731 10730.
10651 10652 10732 10731.
10652 10653 10733 10732.
10653 10654 10734 10733.
10654 10655 10735 10734.
10655 10656 10736 10735.
10656 10657 10737 10736.
10657 10658 10738 10737.
10658 10659 10739 10738.
10659 10660 10740 10739.
10660 10661 10741 10740.
10661 10662 10742 10741.
10662 10663 10743 10742.
10663 10664 10744 10743.
10664 10665 10745 10744.
10665 10666 10746 10745.
10666 10667 10747 10746.
10667 10668 10748 10747.
10668 10669 10749 10748.
10669 10670 10750 10749.
10670 10671 10751 10750.
10671 10672 10752 10751.
10672 10673 10753 10752.
10673 10674 10754 10753.
10674 10675 10755 10754.
10675 10676 10756 10755.
10676 10677 10757 10756.
10677 10678 10758 10757.
10678 10679 10759 10758.
10679 10680 10760 10759.
10680 10681 10761 10760.
10681 10682 10762 10761.
10682 10683 10763 10762.
10683 10684 10764 10763.
10684 10685 10765 10764.
10685 10686 10766 10765.
10686 10687 10767 10766.
10687 10688 10768 10767.
10688 10689 10769 10768.
10689 10690 10770 10769.
10690 10691 10771 10770.
10691 10692 10772 10771.
10692 10693 10773 10772.
10693 10694 10774 10773.
10694 10695 10775 10774.
10695 10696 10776 10775.
10696 10697 10777 10776.
10697 10698 10778 10777.
10698 10699 10779 10778.
10699 10700 10780 10779.
10700 10701 10781 10780.
10701 10702 10782 10781.
10702 10703 10783 10782.
10703 10704 10784 10783.
10704 10705 10785 10784.
10705 10706 10786 10785.
10706 10707 10787 10786.
10707 10708 10788 10787.
10708 10709 10789 10788.
10709 10710 10790 10789.
10710 10711 10791 10790.
10711 10712 10792 10791.
10712 10713 10793 10792.
10713 10714 10794 10793.
10714 10715 10795 10794.
10715 10716 10796 10795.
10716 10717 10797 10796.
10717 10718 10798 10797.
10718 10719 10799 10798.
10719 10720 10800 10799.
10720 10641 10721 10800.
10721 10722 10802 10801.
10722 10723 10803 10802.
10723 10724 10804 10803.
10724 10725 10805 10804.
10725 10726 10806 10805.
10726 10727 10807 10806.
10727 10728 10808 10807.
10728 10729 10809 10808.
10729 10730 10810 10809.
10730 10731 10811 10810.
10731 10732 10812 10811.
10732 10733 10813 10812.
10733 10734 10814 10813.
10734 10735 10815 10814.
10735 10736 10816 10815.
10736 10737 10817 10816.
10737 10738 10818 10817.
10738 10739 10819 10818.
10739 10740 10820 10819.
10740 10741 10821 10820.
10741 10742 10822 10821.
10742 10743 10823 10822.
10743 10744 10824 10823.
10744 10745 10825 10824.
10745 10746 10826 10825.
10746 10747 10827 10826.
10747 10748 10828 10827.
10748 10749 10829 10828.
10749 10750 10830 10829.
10750 10751 10831 10830.
10751 10752 10832 10831.
10752 10753 10833 10832.
10753 10754 10834 10833.
10754 10755 10835 10834.
10755 10756 10836 10835.
10756 10757 10837 10836.
10757 10758 10838 10837.
10758 10759 10839 10838.
10759 10760 10840 10839.
10760 10761 10841 10840.
10761 10762 10842 10841.
10762 10763 10843 10842.
10763 10764 10844 10843.
10764 10765 10845 10844.
10765 10766 10846 10845.
10766 10767 10847 10846.
10767 10768 10848 10847.
10768 10769 10849 10848.
10769 10770 10850 10849.
10770 10771 10851 10850.
10771 10772 10852 10851.
10772 10773 10853 10852.
10773 10774 10854 10853.
10774 10775 10855 10854.
10775 10776 10856 10855.
10776 10777 10857 10856.
10777 10778 10858 10857.
10778 10779 10859 10858.
10779 10780 10860 10859.
10780 10781 10861 10860.
10781 10782 10862 10861.
10782 10783 10863 10862.
10783 10784 10864 10863.
10784 10785 10865 10864.
10785 10786 10866 10865.
10786 10787 10867 10866.
10787 10788 10868 10867.
10788 10789 10869 10868.
10789 10790 10870 10869.
10790 10791 10871 10870.
10791 10792 10872 10871.
10792 10793 10873 10872.
10793 10794 10874 10873.
10794 10795 10875 10874.
10795 10796 10876 10875.
10796 10797 10877 10876.
10797 10798 10878 10877.
10798 10799 10879 10878.
10799 10800 10880 10879.
10800 10721 10801 10880.
10801 10802 10882 10881.
10802 10803 10883 10882.
10803 10804 10884 10883.
10804 10805 10885 10884.
10805 10806 10886 10885.
10806 10807 10887 10886.
10807 10808 10888 10887.
10808 10809 10889 10888.
10809 10810 10890 10889.
10810 10811 10891 10890.
10811 10812 10892 10891.
10812 10813 10893 10892.
10813 10814 10894 10893.
10814 10815 10895 10894.
10815 10816 10896 10895.
10816 10817 10897 10896.
10817 10818 10898 10897.
10818 10819 10899 10898.
10819 10820 10900 10899.
10820 10821 10901 10900.
10821 10822 10902 10901.
10822 10823 10903 10902.
10823 10824 10904 10903.
10824 10825 10905 10904.
10825 10826 10906 10905.
10826 10827 10907 10906.
10827 10828 10908 10907.
10828 10829 10909 10908.
10829 10830 10910 10909.
10830 10831 10911 10910.
10831 10832 10912 10911.
10832 10833 10913 10912.
10833 10834 10914 10913.
10834 10835 10915 10914.
10835 10836 10916 10915.
10836 10837 10917 10916.
10837 10838 10918 10917.
10838 10839 10919 10918.
10839 10840 10920 10919.
10840 10841 10921 10920.
10841 10842 10922 10921.
10842 10843 10923 10922.
10843 10844 10924 10923.
10844 10845 10925 10924.
10845 10846 10926 10925.
10846 10847 10927 10926.
10847 10848 10928 10927.
10848 10849 10929 10928.
10849 10850 10930 10929.
10850 10851 10931 10930.
10851 10852 10932 10931.
10852 10853 10933 10932.
10853 10854 10934 10933.
10854 10855 10935 10934.
10855 10856 10936 10935.
10856 10857 10937 10936.
10857 10858 10938 10937.
10858 10859 10939 10938.
10859 10860 10940 10939.
10860 10861 10941 10940.
10861 10862 10942 10941.
10862 10863 10943 10942.
10863 10864 10944 10943.
10864 10865 10945 10944.
10865 10866 10946 10945.
10866 10867 10947 10946.
10867 10868 10948 10947.
10868 10869 10949 10948.
10869 10870 10950 10949.
10870 10871 10951 10950.
10871 10872 10952 10951.
10872 10873 10953 10952.
10873 10874 10954 10953.
10874 10875 10955 10954.
10875 10876 10956 10955.
10876 10877 10957 10956.
10877 10878 10958 10957.
10878 10879 10959 10958.
10879 10880 10960 10959.
10880 10801 10881 10960.
10881 10882 10962 10961.
10882 10883 10963 10962.
10883 10884 10964 10963.
10884 10885 10965 10964.
10885 10886 10966 10965.
10886 10887 10967 10966.
10887 10888 10968 10967.
10888 10889 10969 10968.
10889 10890 10970 10969.
10890 10891 10971 10970.
10891 10892 10972 10971.
10892 10893 10973 10972.
10893 10894 10974 10973.
10894 10895 10975 10974.
10895 10896 10976 10975.
10896 10897 10977 10976.
10897 10898 10978 10977.
10898 10899 10979 10978.
10899 10900 10980 10979.
10900 10901 10981 10980.
10901 10902 10982 10981.
10902 10903 10983 10982.
10903 10904 10984 10983.
10904 10905 10985 10984.
10905 10906 10986 10985.
10906 10907 10987 10986.
10907 10908 10988 10987.
10908 10909 10989 10988.
10909 10910 10990 10989.
10910 10911 10991 10990.
10911 10912 10992 10991.
10912 10913 10993 10992.
10913 10914 10994 10993.
10914 10915 10995 10994.
10915 10916 10996 10995.
10916 10917 10997 10996.
10917 10918 10998 10997.
10918 10919 10999 10998.
10919 10920 11000 10999.
10920 10921 11001 11000.
10921 10922 11002 11001.
10922 10923 11003 11002.
10923 10924 11004 11003.
10924 10925 11005 11004.
10925 10926 11006 11005.
10926 10927 11007 11006.
10927 10928 11008 11007.
10928 10929 11009 11008.
10929 10930 11010 11009.
10930 10931 11011 11010.
10931 10932 11012 11011.
10932 10933 11013 11012.
10933 10934 11014 11013.
10934 10935 11015 11014.
10935 10936 11016 11015.
10936 10937 11017 11016.
10937 10938 11018 11017.
10938 10939 11019 11018.
10939 10940 11020 11019.
10940 10941 11021 11020.
10941 10942 11022 11021.
10942 10943 11023 11022.
10943 10944 11024 11023.
10944 10945 11025 11024.
10945 10946 11026 11025.
10946 10947 11027 11026.
10947 10948 11028 11027.
10948 10949 11029 11028.
10949 10950 11030 11029.
10950 10951 11031 11030.
10951 10952 11032 11031.
10952 10953 11033 11032.
10953 10954 11034 11033.
10954 10955 11035 11034.
10955 10956 11036 11035.
10956 10957 11037 11036.
10957 10958 11038 11037.
10958 10959 11039 11038.
10959 10960 11040 11039.
10960 10881 10961 11040.
10961 10962 11042 11041.
10962 10963 11043 11042.
10963 10964 11044 11043.
10964 10965 11045 11044.
10965 10966 11046 11045.
10966 10967 11047 11046.
10967 10968 11048 11047.
10968 10969 11049 11048.
10969 10970 11050 11049.
10970 10971 11051 11050.
10971 10972 11052 11051.
10972 10973 11053 11052.
10973 10974 11054 11053.
10974 10975 11055 11054.
10975 10976 11056 11055.
10976 10977 11057 11056.
10977 10978 11058 11057.
10978 10979 11059 11058.
10979 10980 11060 11059.
10980 10981 11061 11060.
10981 10982 11062 11061.
10982 10983 11063 11062.
10983 10984 11064 11063.
10984 10985 11065 11064.
10985 10986 11066 11065.
10986 10987 11067 11066.
10987 10988 11068 11067.
10988 10989 11069 11068.
10989 10990 11070 11069.
10990 10991 11071 11070.
10991 10992 11072 11071.
10992 10993 11073 11072.
10993 10994 11074 11073.
10994 10995 11075 11074.
10995 10996 11076 11075.
10996 10997 11077 11076.
10997 10998 11078 11077.
10998 10999 11079 11078.
10999 11000 11080 11079.
11000 11001 11081 11080.
11001 11002 11082 11081.
11002 11003 11083 11082.
11003 11004 11084 11083.
11004 11005 11085 11084.
11005 11006 11086 11085.
11006 11007 11087 11086.
11007 11008 11088 11087.
11008 11009 11089 11088.
11009 11010 11090 11089.
11010 11011 11091 11090.
11011 11012 11092 11091.
11012 11013 11093 11092.
11013 11014 11094 11093.
11014 11015 11095 11094.
11015 11016 11096 11095.
11016 11017 11097 11096.
11017 11018 11098 11097.
11018 11019 11099 11098.
11019 11020 11100 11099.
11020 11021 11101 11100.
11021 11022 11102 11101.
11022 11023 11103 11102.
11023 11024 11104 11103.
11024 11025 11105 11104.
11025 11026 11106 11105.
11026 11027 11107 11106.
11027 11028 11108 11107.
11028 11029 11109 11108.
11029 11030 11110 11109.
11030 11031 11111 11110.
11031 11032 11112 11111.
11032 11033 11113 11112.
11033 11034 11114 11113.
11034 11035 11115 11114.
11035 11036 11116 11115.
11036 11037 11117 11116.
11037 11038 11118 11117.
11038 11039 11119 11118.
11039 11040 11120 11119.
11040 10961 11041 11120.
11041 11042 11122 11121.
11042 11043 11123 11122.
11043 11044 11124 11123.
11044 11045 11125 11124.
11045 11046 11126 11125.
11046 11047 11127 11126.
11047 11048 11128 11127.
11048 11049 11129 11128.
11049 11050 11130 11129.
11050 11051 11131 11130.
11051 11052 11132 11131.
11052 11053 11133 11132.
11053 11054 11134 11133.
11054 11055 11135 11134.
11055 11056 11136 11135.
11056 11057 11137 11136.
11057 11058 11138 11137.
11058 11059 11139 11138.
11059 11060 11140 11139.
11060 11061 11141 11140.
11061 11062 11142 11141.
11062 11063 11143 11142.
11063 11064 11144 11143.
11064 11065 11145 11144.
11065 11066 11146 11145.
11066 11067 11147 11146.
11067 11068 11148 11147.
11068 11069 11149 11148.
11069 11070 11150 11149.
11070 11071 11151 11150.
11071 11072 11152 11151.
11072 11073 11153 11152.
11073 11074 11154 11153.
11074 11075 11155 11154.
11075 11076 11156 11155.
11076 11077 11157 11156.
11077 11078 11158 11157.
11078 11079 11159 11158.
11079 11080 11160 11159.
11080 11081 11161 11160.
11081 11082 11162 11161.
11082 11083 11163 11162.
11083 11084 11164 11163.
11084 11085 11165 11164.
11085 11086 11166 11165.
11086 11087 11167 11166.
11087 11088 11168 11167.
11088 11089 11169 11168.
11089 11090 11170 11169.
11090 11091 11171 11170.
11091 11092 11172 11171.
11092 11093 11173 11172.
11093 11094 11174 11173.
11094 11095 11175 11174.
11095 11096 11176 11175.
11096 11097 11177 11176.
11097 11098 11178 11177.
11098 11099 11179 11178.
11099 11100 11180 11179.
11100 11101 11181 11180.
11101 11102 11182 11181.
11102 11103 11183 11182.
11103 11104 11184 11183.
11104 11105 11185 11184.
11105 11106 11186 11185.
11106 11107 11187 11186.
11107 11108 11188 11187.
11108 11109 11189 11188.
11109 11110 11190 11189.
11110 11111 11191 11190.
11111 11112 11192 11191.
11112 11113 11193 11192.
11113 11114 11194 11193.
11114 11115 11195 11194.
11115 11116 11196 11195.
11116 11117 11197 11196.
11117 11118 11198 11197.
11118 11119 11199 11198.
11119 11120 11200 11199.
11120 11041 11121 11200.
11121 11122 11202 11201.
11122 11123 11203 11202.
11123 11124 11204 11203.
11124 11125 11205 11204.
11125 11126 11206 11205.
11126 11127 11207 11206.
11127 11128 11208 11207.
11128 11129 11209 11208.
11129 11130 11210 11209.
11130 11131 11211 11210.
11131 11132 11212 11211.
11132 11133 11213 11212.
11133 11134 11214 11213.
11134 11135 11215 11214.
11135 11136 11216 11215.
11136 11137 11217 11216.
11137 11138 11218 11217.
11138 11139 11219 11218.
11139 11140 11220 11219.
11140 11141 11221 11220.
11141 11142 11222 11221.
11142 11143 11223 11222.
11143 11144 11224 11223.
11144 11145 11225 11224.
11145 11146 11226 11225.
11146 11147 11227 11226.
11147 11148 11228 11227.
11148 11149 11229 11228.
11149 11150 11230 11229.
11150 11151 11231 11230.
11151 11152 11232 11231.
11152 11153 11233 11232.
11153 11154 11234 11233.
11154 11155 11235 11234.
11155 11156 11236 11235.
11156 11157 11237 11236.
11157 11158 11238 11237.
11158 11159 11239 11238.
11159 11160 11240 11239.
11160 11161 11241 11240.
11161 11162 11242 11241.
11162 11163 11243 11242.
11163 11164 11244 11243.
11164 11165 11245 11244.
11165 11166 11246 11245.
11166 11167 11247 11246.
11167 11168 11248 11247.
11168 11169 11249 11248.
11169 11170 11250 11249.
11170 11171 11251 11250.
11171 11172 11252 11251.
11172 11173 11253 11252.
11173 11174 11254 11253.
11174 11175 11255 11254.
11175 11176 11256 11255.
11176 11177 11257 11256.
11177 11178 11258 11257.
11178 11179 11259 11258.
11179 11180 11260 11259.
11180 11181 11261 11260.
11181 11182 11262 11261.
11182 11183 11263 11262.
11183 11184 11264 11263.
11184 11185 11265 11264.
11185 11186 11266 11265.
11186 11187 11267 11266.
11187 11188 11268 11267.
11188 11189 11269 11268.
11189 11190 11270 11269.
11190 11191 11271 11270.
11191 11192 11272 11271.
11192 11193 11273 11272.
11193 11194 11274 11273.
11194 11195 11275 11274.
11195 11196 11276 11275.
11196 11197 11277 11276.
11197 11198 11278 11277.
11198 11199 11279 11278.
11199 11200 11280 11279.
11200 11121 11201 11280.
11201 11202 11282 11281.
11202 11203 11283 11282.
11203 11204 11284 11283.
11204 11205 11285 11284.
11205 11206 11286 11285.
11206 11207 11287 11286.
11207 11208 11288 11287.
11208 11209 11289 11288.
11209 11210 11290 11289.
11210 11211 11291 11290.
11211 11212 11292 11291.
11212 11213 11293 11292.
11213 11214 11294 11293.
11214 11215 11295 11294.
11215 11216 11296 11295.
11216 11217 11297 11296.
11217 11218 11298 11297.
11218 11219 11299 11298.
11219 11220 11300 11299.
11220 11221 11301 11300.
11221 11222 11302 11301.
11222 11223 11303 11302.
11223 11224 11304 11303.
11224 11225 11305 11304.
11225 11226 11306 11305.
11226 11227 11307 11306.
11227 11228 11308 11307.
11228 11229 11309 11308.
11229 11230 11310 11309.
11230 11231 11311 11310.
11231 11232 11312 11311.
11232 11233 11313 11312.
11233 11234 11314 11313.
11234 11235 11315 11314.
11235 11236 11316 11315.
11236 11237 11317 11316.
11237 11238 11318 11317.
11238 11239 11319 11318.
11239 11240 11320 11319.
11240 11241 11321 11320.
11241 11242 11322 11321.
11242 11243 11323 11322.
11243 11244 11324 11323.
11244 11245 11325 11324.
11245 11246 11326 11325.
11246 11247 11327 11326.
11247 11248 11328 11327.
11248 11249 11329 11328.
11249 11250 11330 11329.
11250 11251 11331 11330.
11251 11252 11332 11331.
11252 11253 11333 11332.
11253 11254 11334 11333.
11254 11255 11335 11334.
11255 11256 11336 11335.
11256 11257 11337 11336.
11257 11258 11338 11337.
11258 11259 11339 11338.
11259 11260 11340 11339.
11260 11261 11341 11340.
11261 11262 11342 11341.
11262 11263 11343 11342.
11263 11264 11344 11343.
11264 11265 11345 11344.
11265 11266 11346 11345.
11266 11267 11347 11346.
11267 11268 11348 11347.
11268 11269 11349 11348.
11269 11270 11350 11349.
11270 11271 11351 11350.
11271 11272 11352 11351.
11272 11273 11353 11352.
11273 11274 11354 11353.
11274 11275 11355 11354.
11275 11276 11356 11355.
11276 11277 11357 11356.
11277 11278 11358 11357.
11278 11279 11359 11358.
11279 11280 11360 11359.
11280 11201 11281 11360.
11281 11282 11362 11361.
11282 11283 11363 11362.
11283 11284 11364 11363.
11284 11285 11365 11364.
11285 11286 11366 11365.
11286 11287 11367 11366.
11287 11288 11368 11367.
11288 11289 11369 11368.
11289 11290 11370 11369.
11290 11291 11371 11370.
11291 11292 11372 11371.
11292 11293 11373 11372.
11293 11294 11374 11373.
11294 11295 11375 11374.
11295 11296 11376 11375.
11296 11297 11377 11376.
11297 11298 11378 11377.
11298 11299 11379 11378.
11299 11300 11380 11379.
11300 11301 11381 11380.
11301 11302 11382 11381.
11302 11303 11383 11382.
11303 11304 11384 11383.
11304 11305 11385 11384.
11305 11306 11386 11385.
11306 11307 11387 11386.
11307 11308 11388 11387.
11308 11309 11389 11388.
11309 11310 11390 11389.
11310 11311 11391 11390.
11311 11312 11392 11391.
11312 11313 11393 11392.
11313 11314 11394 11393.
11314 11315 11395 11394.
11315 11316 11396 11395.
11316 11317 11397 11396.
11317 11318 11398 11397.
11318 11319 11399 11398.
11319 11320 11400 11399.
11320 11321 11401 11400.
11321 11322 11402 11401.
11322 11323 11403 11402.
11323 11324 11404 11403.
11324 11325 11405 11404.
11325 11326 11406 11405.
11326 11327 11407 11406.
11327 11328 11408 11407.
11328 11329 11409 11408.
11329 11330 11410 11409.
11330 11331 11411 11410.
11331 11332 11412 11411.
11332 11333 11413 11412.
11333 11334 11414 11413.
11334 11335 11415 11414.
11335 11336 11416 11415.
11336 11337 11417 11416.
11337 11338 11418 11417.
11338 11339 11419 11418.
11339 11340 11420 11419.
11340 11341 11421 11420.
11341 11342 11422 11421.
11342 11343 11423 11422.
11343 11344 11424 11423.
11344 11345 11425 11424.
11345 11346 11426 11425.
11346 11347 11427 11426.
11347 11348 11428 11427.
11348 11349 11429 11428.
11349 11350 11430 11429.
11350 11351 11431 11430.
11351 11352 11432 11431.
11352 11353 11433 11432.
11353 11354 11434 11433.
11354 11355 11435 11434.
11355 11356 11436 11435.
11356 11357 11437 11436.
11357 11358 11438 11437.
11358 11359 11439 11438.
11359 11360 11440 11439.
11360 11281 11361 11440.
11361 11362 11442 11441.
11362 11363 11443 11442.
11363 11364 11444 11443.
11364 11365 11445 11444.
11365 11366 11446 11445.
11366 11367 11447 11446.
11367 11368 11448 11447.
11368 11369 11449 11448.
11369 11370 11450 11449.
11370 11371 11451 11450.
11371 11372 11452 11451.
11372 11373 11453 11452.
11373 11374 11454 11453.
11374 11375 11455 11454.
11375 11376 11456 11455.
11376 11377 11457 11456.
11377 11378 11458 11457.
11378 11379 11459 11458.
11379 11380 11460 11459.
11380 11381 11461 11460.
11381 11382 11462 11461.
11382 11383 11463 11462.
11383 11384 11464 11463.
11384 11385 11465 11464.
11385 11386 11466 11465.
11386 11387 11467 11466.
11387 11388 11468 11467.
11388 11389 11469 11468.
11389 11390 11470 11469.
11390 11391 11471 11470.
11391 11392 11472 11471.
11392 11393 11473 11472.
11393 11394 11474 11473.
11394 11395 11475 11474.
11395 11396 11476 11475.
11396 11397 11477 11476.
11397 11398 11478 11477.
11398 11399 11479 11478.
11399 11400 11480 11479.
11400 11401 11481 11480.
11401 11402 11482 11481.
11402 11403 11483 11482.
11403 11404 11484 11483.
11404 11405 11485 11484.
11405 11406 11486 11485.
11406 11407 11487 11486.
11407 11408 11488 11487.
11408 11409 11489 11488.
11409 11410 11490 11489.
11410 11411 11491 11490.
11411 11412 11492 11491.
11412 11413 11493 11492.
11413 11414 11494 11493.
11414 11415 11495 11494.
11415 11416 11496 11495.
11416 11417 11497 11496.
11417 11418 11498 11497.
11418 11419 11499 11498.
11419 11420 11500 11499.
11420 11421 11501 11500.
11421 11422 11502 11501.
11422 11423 11503 11502.
11423 11424 11504 11503.
11424 11425 11505 11504.
11425 11426 11506 11505.
11426 11427 11507 11506.
11427 11428 11508 11507.
11428 11429 11509 11508.
11429 11430 11510 11509.
11430 11431 11511 11510.
11431 11432 11512 11511.
11432 11433 11513 11512.
11433 11434 11514 11513.
11434 11435 11515 11514.
11435 11436 11516 11515.
11436 11437 11517 11516.
11437 11438 11518 11517.
11438 11439 11519 11518.
11439 11440 11520 11519.
11440 11361 11441 11520.
11441 11442 11522 11521.
11442 11443 11523 11522.
11443 11444 11524 11523.
11444 11445 11525 11524.
11445 11446 11526 11525.
11446 11447 11527 11526.
11447 11448 11528 11527.
11448 11449 11529 11528.
11449 11450 11530 11529.
11450 11451 11531 11530.
11451 11452 11532 11531.
11452 11453 11533 11532.
11453 11454 11534 11533.
11454 11455 11535 11534.
11455 11456 11536 11535.
11456 11457 11537 11536.
11457 11458 11538 11537.
11458 11459 11539 11538.
11459 11460 11540 11539.
11460 11461 11541 11540.
11461 11462 11542 11541.
11462 11463 11543 11542.
11463 11464 11544 11543.
11464 11465 11545 11544.
11465 11466 11546 11545.
11466 11467 11547 11546.
11467 11468 11548 11547.
11468 11469 11549 11548.
11469 11470 11550 11549.
11470 11471 11551 11550.
11471 11472 11552 11551.
11472 11473 11553 11552.
11473 11474 11554 11553.
11474 11475 11555 11554.
11475 11476 11556 11555.
11476 11477 11557 11556.
11477 11478 11558 11557.
11478 11479 11559 11558.
11479 11480 11560 11559.
11480 11481 11561 11560.
11481 11482 11562 11561.
11482 11483 11563 11562.
11483 11484 11564 11563.
11484 11485 11565 11564.
11485 11486 11566 11565.
11486 11487 11567 11566.
11487 11488 11568 11567.
11488 11489 11569 11568.
11489 11490 11570 11569.
11490 11491 11571 11570.
11491 11492 11572 11571.
11492 11493 11573 11572.
11493 11494 11574 11573.
11494 11495 11575 11574.
11495 11496 11576 11575.
11496 11497 11577 11576.
11497 11498 11578 11577.
11498 11499 11579 11578.
11499 11500 11580 11579.
11500 11501 11581 11580.
11501 11502 11582 11581.
11502 11503 11583 11582.
11503 11504 11584 11583.
11504 11505 11585 11584.
11505 11506 11586 11585.
11506 11507 11587 11586.
11507 11508 11588 11587.
11508 11509 11589 11588.
11509 11510 11590 11589.
11510 11511 11591 11590.
11511 11512 11592 11591.
11512 11513 11593 11592.
11513 11514 11594 11593.
11514 11515 11595 11594.
11515 11516 11596 11595.
11516 11517 11597 11596.
11517 11518 11598 11597.
11518 11519 11599 11598.
11519 11520 11600 11599.
11520 11441 11521 11600.
11521 11522 11602 11601.
11522 11523 11603 11602.
11523 11524 11604 11603.
11524 11525 11605 11604.
11525 11526 11606 11605.
11526 11527 11607 11606.
11527 11528 11608 11607.
11528 11529 11609 11608.
11529 11530 11610 11609.
11530 11531 11611 11610.
11531 11532 11612 11611.
11532 11533 11613 11612.
11533 11534 11614 11613.
11534 11535 11615 11614.
11535 11536 11616 11615.
11536 11537 11617 11616.
11537 11538 11618 11617.
11538 11539 11619 11618.
11539 11540 11620 11619.
11540 11541 11621 11620.
11541 11542 11622 11621.
11542 11543 11623 11622.
11543 11544 11624 11623.
11544 11545 11625 11624.
11545 11546 11626 11625.
11546 11547 11627 11626.
11547 11548 11628 11627.
11548 11549 11629 11628.
11549 11550 11630 11629.
11550 11551 11631 11630.
11551 11552 11632 11631.
11552 11553 11633 11632.
11553 11554 11634 11633.
11554 11555 11635 11634.
11555 11556 11636 11635.
11556 11557 11637 11636.
11557 11558 11638 11637.
11558 11559 11639 11638.
11559 11560 11640 11639.
11560 11561 11641 11640.
11561 11562 11642 11641.
11562 11563 11643 11642.
11563 11564 11644 11643.
11564 11565 11645 11644.
11565 11566 11646 11645.
11566 11567 11647 11646.
11567 11568 11648 11647.
11568 11569 11649 11648.
11569 11570 11650 11649.
11570 11571 11651 11650.
11571 11572 11652 11651.
11572 11573 11653 11652.
11573 11574 11654 11653.
11574 11575 11655 11654.
11575 11576 11656 11655.
11576 11577 11657 11656.
11577 11578 11658 11657.
11578 11579 11659 11658.
11579 11580 11660 11659.
11580 11581 11661 11660.
11581 11582 11662 11661.
11582 11583 11663 11662.
11583 11584 11664 11663.
11584 11585 11665 11664.
11585 11586 11666 11665.
11586 11587 11667 11666.
11587 11588 11668 11667.
11588 11589 11669 11668.
11589 11590 11670 11669.
11590 11591 11671 11670.
11591 11592 11672 11671.
11592 11593 11673 11672.
11593 11594 11674 11673.
11594 11595 11675 11674.
11595 11596 11676 11675.
11596 11597 11677 11676.
11597 11598 11678 11677.
11598 11599 11679 11678.
11599 11600 11680 11679.
11600 11521 11601 11680.
11601 11602 11682 11681.
11602 11603 11683 11682.
11603 11604 11684 11683.
11604 11605 11685 11684.
11605 11606 11686 11685.
11606 11607 11687 11686.
11607 11608 11688 11687.
11608 11609 11689 11688.
11609 11610 11690 11689.
11610 11611 11691 11690.
11611 11612 11692 11691.
11612 11613 11693 11692.
11613 11614 11694 11693.
11614 11615 11695 11694.
11615 11616 11696 11695.
11616 11617 11697 11696.
11617 11618 11698 11697.
11618 11619 11699 11698.
11619 11620 11700 11699.
11620 11621 11701 11700.
11621 11622 11702 11701.
11622 11623 11703 11702.
11623 11624 11704 11703.
11624 11625 11705 11704.
11625 11626 11706 11705.
11626 11627 11707 11706.
11627 11628 11708 11707.
11628 11629 11709 11708.
11629 11630 11710 11709.
11630 11631 11711 11710.
11631 11632 11712 11711.
11632 11633 11713 11712.
11633 11634 11714 11713.
11634 11635 11715 11714.
11635 11636 11716 11715.
11636 11637 11717 11716.
11637 11638 11718 11717.
11638 11639 11719 11718.
11639 11640 11720 11719.
11640 11641 11721 11720.
11641 11642 11722 11721.
11642 11643 11723 11722.
11643 11644 11724 11723.
11644 11645 11725 11724.
11645 11646 11726 11725.
11646 11647 11727 11726.
11647 11648 11728 11727.
11648 11649 11729 11728.
11649 11650 11730 11729.
11650 11651 11731 11730.
11651 11652 11732 11731.
11652 11653 11733 11732.
11653 11654 11734 11733.
11654 11655 11735 11734.
11655 11656 11736 11735.
11656 11657 11737 11736.
11657 11658 11738 11737.
11658 11659 11739 11738.
11659 11660 11740 11739.
11660 11661 11741 11740.
11661 11662 11742 11741.
11662 11663 11743 11742.
11663 11664 11744 11743.
11664 11665 11745 11744.
11665 11666 11746 11745.
11666 11667 11747 11746.
11667 11668 11748 11747.
11668 11669 11749 11748.
11669 11670 11750 11749.
11670 11671 11751 11750.
11671 11672 11752 11751.
11672 11673 11753 11752.
11673 11674 11754 11753.
11674 11675 11755 11754.
11675 11676 11756 11755.
11676 11677 11757 11756.
11677 11678 11758 11757.
11678 11679 11759 11758.
11679 11680 11760 11759.
11680 11601 11681 11760.
11681 11682 11762 11761.
11682 11683 11763 11762.
11683 11684 11764 11763.
11684 11685 11765 11764.
11685 11686 11766 11765.
11686 11687 11767 11766.
11687 11688 11768 11767.
11688 11689 11769 11768.
11689 11690 11770 11769.
11690 11691 11771 11770.
11691 11692 11772 11771.
11692 11693 11773 11772.
11693 11694 11774 11773.
11694 11695 11775 11774.
11695 11696 11776 11775.
11696 11697 11777 11776.
11697 11698 11778 11777.
11698 11699 11779 11778.
11699 11700 11780 11779.
11700 11701 11781 11780.
11701 11702 11782 11781.
11702 11703 11783 11782.
11703 11704 11784 11783.
11704 11705 11785 11784.
11705 11706 11786 11785.
11706 11707 11787 11786.
11707 11708 11788 11787.
11708 11709 11789 11788.
11709 11710 11790 11789.
11710 11711 11791 11790.
11711 11712 11792 11791.
11712 11713 11793 11792.
11713 11714 11794 11793.
11714 11715 11795 11794.
11715 11716 11796 11795.
11716 11717 11797 11796.
11717 11718 11798 11797.
11718 11719 11799 11798.
11719 11720 11800 11799.
11720 11721 11801 11800.
11721 11722 11802 11801.
11722 11723 11803 11802.
11723 11724 11804 11803.
11724 11725 11805 11804.
11725 11726 11806 11805.
11726 11727 11807 11806.
11727 11728 11808 11807.
11728 11729 11809 11808.
11729 11730 11810 11809.
11730 11731 11811 11810.
11731 11732 11812 11811.
11732 11733 11813 11812.
11733 11734 11814 11813.
11734 11735 11815 11814.
11735 11736 11816 11815.
11736 11737 11817 11816.
11737 11738 11818 11817.
11738 11739 11819 11818.
11739 11740 11820 11819.
11740 11741 11821 11820.
11741 11742 11822 11821.
11742 11743 11823 11822.
11743 11744 11824 11823.
11744 11745 11825 11824.
11745 11746 11826 11825.
11746 11747 11827 11826.
11747 11748 11828 11827.
11748 11749 11829 11828.
11749 11750 11830 11829.
11750 11751 11831 11830.
11751 11752 11832 11831.
11752 11753 11833 11832.
11753 11754 11834 11833.
11754 11755 11835 11834.
11755 11756 11836 11835.
11756 11757 11837 11836.
11757 11758 11838 11837.
11758 11759 11839 11838.
11759 11760 11840 11839.
11760 11681 11761 11840.
11761 11762 11842 11841.
11762 11763 11843 11842.
11763 11764 11844 11843.
11764 11765 11845 11844.
11765 11766 11846 11845.
11766 11767 11847 11846.
11767 11768 11848 11847.
11768 11769 11849 11848.
11769 11770 11850 11849.
11770 11771 11851 11850.
11771 11772 11852 11851.
11772 11773 11853 11852.
11773 11774 11854 11853.
11774 11775 11855 11854.
11775 11776 11856 11855.
11776 11777 11857 11856.
11777 11778 11858 11857.
11778 11779 11859 11858.
11779 11780 11860 11859.
11780 11781 11861 11860.
11781 11782 11862 11861.
11782 11783 11863 11862.
11783 11784 11864 11863.
11784 11785 11865 11864.
11785 11786 11866 11865.
11786 11787 11867 11866.
11787 11788 11868 11867.
11788 11789 11869 11868.
11789 11790 11870 11869.
11790 11791 11871 11870.
11791 11792 11872 11871.
11792 11793 11873 11872.
11793 11794 11874 11873.
11794 11795 11875 11874.
11795 11796 11876 11875.
11796 11797 11877 11876.
11797 11798 11878 11877.
11798 11799 11879 11878.
11799 11800 11880 11879.
11800 11801 11881 11880.
11801 11802 11882 11881.
11802 11803 11883 11882.
11803 11804 11884 11883.
11804 11805 11885 11884.
11805 11806 11886 11885.
11806 11807 11887 11886.
11807 11808 11888 11887.
11808 11809 11889 11888.
11809 11810 11890 11889.
11810 11811 11891 11890.
11811 11812 11892 11891.
11812 11813 11893 11892.
11813 11814 11894 11893.
11814 11815 11895 11894.
11815 11816 11896 11895.
11816 11817 11897 11896.
11817 11818 11898 11897.
11818 11819 11899 11898.
11819 11820 11900 11899.
11820 11821 11901 11900.
11821 11822 11902 11901.
11822 11823 11903 11902.
11823 11824 11904 11903.
11824 11825 11905 11904.
11825 11826 11906 11905.
11826 11827 11907 11906.
11827 11828 11908 11907.
11828 11829 11909 11908.
11829 11830 11910 11909.
11830 11831 11911 11910.
11831 11832 11912 11911.
11832 11833 11913 11912.
11833 11834 11914 11913.
11834 11835 11915 11914.
11835 11836 11916 11915.
11836 11837 11917 11916.
11837 11838 11918 11917.
11838 11839 11919 11918.
11839 11840 11920 11919.
11840 11761 11841 11920.
11841 11842 11922 11921.
11842 11843 11923 11922.
11843 11844 11924 11923.
11844 11845 11925 11924.
11845 11846 11926 11925.
11846 11847 11927 11926.
11847 11848 11928 11927.
11848 11849 11929 11928.
11849 11850 11930 11929.
11850 11851 11931 11930.
11851 11852 11932 11931.
11852 11853 11933 11932.
11853 11854 11934 11933.
11854 11855 11935 11934.
11855 11856 11936 11935.
11856 11857 11937 11936.
11857 11858 11938 11937.
11858 11859 11939 11938.
11859 11860 11940 11939.
11860 11861 11941 11940.
11861 11862 11942 11941.
11862 11863 11943 11942.
11863 11864 11944 11943.
11864 11865 11945 11944.
11865 11866 11946 11945.
11866 11867 11947 11946.
11867 11868 11948 11947.
11868 11869 11949 11948.
11869 11870 11950 11949.
11870 11871 11951 11950.
11871 11872 11952 11951.
11872 11873 11953 11952.
11873 11874 11954 11953.
11874 11875 11955 11954.
11875 11876 11956 11955.
11876 11877 11957 11956.
11877 11878 11958 11957.
11878 11879 11959 11958.
11879 11880 11960 11959.
11880 11881 11961 11960.
11881 11882 11962 11961.
11882 11883 11963 11962.
11883 11884 11964 11963.
11884 11885 11965 11964.
11885 11886 11966 11965.
11886 11887 11967 11966.
11887 11888 11968 11967.
11888 11889 11969 11968.
11889 11890 11970 11969.
11890 11891 11971 11970.
11891 11892 11972 11971.
11892 11893 11973 11972.
11893 11894 11974 11973.
11894 11895 11975 11974.
11895 11896 11976 11975.
11896 11897 11977 11976.
11897 11898 11978 11977.
11898 11899 11979 11978.
11899 11900 11980 11979.
11900 11901 11981 11980.
11901 11902 11982 11981.
11902 11903 11983 11982.
11903 11904 11984 11983.
11904 11905 11985 11984.
11905 11906 11986 11985.
11906 11907 11987 11986.
11907 11908 11988 11987.
11908 11909 11989 11988.
11909 11910 11990 11989.
11910 11911 11991 11990.
11911 11912 11992 11991.
11912 11913 11993 11992.
11913 11914 11994 11993.
11914 11915 11995 11994.
11915 11916 11996 11995.
11916 11917 11997 11996.
11917 11918 11998 11997.
11918 11919 11999 11998.
11919 11920 12000 11999.
11920 11841 11921 12000.
11921 11922 12002 12001.
11922 11923 12003 12002.
11923 11924 12004 12003.
11924 11925 12005 12004.
11925 11926 12006 12005.
11926 11927 12007 12006.
11927 11928 12008 12007.
11928 11929 12009 12008.
11929 11930 12010 12009.
11930 11931 12011 12010.
11931 11932 12012 12011.
11932 11933 12013 12012.
11933 11934 12014 12013.
11934 11935 12015 12014.
11935 11936 12016 12015.
11936 11937 12017 12016.
11937 11938 12018 12017.
11938 11939 12019 12018.
11939 11940 12020 12019.
11940 11941 12021 12020.
11941 11942 12022 12021.
11942 11943 12023 12022.
11943 11944 12024 12023.
11944 11945 12025 12024.
11945 11946 12026 12025.
11946 11947 12027 12026.
11947 11948 12028 12027.
11948 11949 12029 12028.
11949 11950 12030 12029.
11950 11951 12031 12030.
11951 11952 12032 12031.
11952 11953 12033 12032.
11953 11954 12034 12033.
11954 11955 12035 12034.
11955 11956 12036 12035.
11956 11957 12037 12036.
11957 11958 12038 12037.
11958 11959 12039 12038.
11959 11960 12040 12039.
11960 11961 12041 12040.
11961 11962 12042 12041.
11962 11963 12043 12042.
11963 11964 12044 12043.
11964 11965 12045 12044.
11965 11966 12046 12045.
11966 11967 12047 12046.
11967 11968 12048 12047.
11968 11969 12049 12048.
11969 11970 12050 12049.
11970 11971 12051 12050.
11971 11972 12052 12051.
11972 11973 12053 12052.
11973 11974 12054 12053.
11974 11975 12055 12054.
11975 11976 12056 12055.
11976 11977 12057 12056.
11977 11978 12058 12057.
11978 11979 12059 12058.
11979 11980 12060 12059.
11980 11981 12061 12060.
11981 11982 12062 12061.
11982 11983 12063 12062.
11983 11984 12064 12063.
11984 11985 12065 12064.
11985 11986 12066 12065.
11986 11987 12067 12066.
11987 11988 12068 12067.
11988 11989 12069 12068.
11989 11990 12070 12069.
11990 11991 12071 12070.
11991 11992 12072 12071.
11992 11993 12073 12072.
11993 11994 12074 12073.
11994 11995 12075 12074.
11995 11996 12076 12075.
11996 11997 12077 12076.
11997 11998 12078 12077.
11998 11999 12079 12078.
11999 12000 12080 12079.
12000 11921 12001 12080.
12001 12002 12082 12081.
12002 12003 12083 12082.
12003 12004 12084 12083.
12004 12005 12085 12084.
12005 12006 12086 12085.
12006 12007 12087 12086.
12007 12008 12088 12087.
12008 12009 12089 12088.
12009 12010 12090 12089.
12010 12011 12091 12090.
12011 12012 12092 12091.
12012 12013 12093 12092.
12013 12014 12094 12093.
12014 12015 12095 12094.
12015 12016 12096 12095.
12016 12017 12097 12096.
12017 12018 12098 12097.
12018 12019 12099 12098.
12019 12020 12100 12099.
12020 12021 12101 12100.
12021 12022 12102 12101.
12022 12023 12103 12102.
12023 12024 12104 12103.
12024 12025 12105 12104.
12025 12026 12106 12105.
12026 12027 12107 12106.
12027 12028 12108 12107.
12028 12029 12109 12108.
12029 12030 12110 12109.
12030 12031 12111 12110.
12031 12032 12112 12111.
12032 12033 12113 12112.
12033 12034 12114 12113.
12034 12035 12115 12114.
12035 12036 12116 12115.
12036 12037 12117 12116.
12037 12038 12118 12117.
12038 12039 12119 12118.
12039 12040 12120 12119.
12040 12041 12121 12120.
12041 12042 12122 12121.
12042 12043 12123 12122.
12043 12044 12124 12123.
12044 12045 12125 12124.
12045 12046 12126 12125.
12046 12047 12127 12126.
12047 12048 12128 12127.
12048 12049 12129 12128.
12049 12050 12130 12129.
12050 12051 12131 12130.
12051 12052 12132 12131.
12052 12053 12133 12132.
12053 12054 12134 12133.
12054 12055 12135 12134.
12055 12056 12136 12135.
12056 12057 12137 12136.
12057 12058 12138 12137.
12058 12059 12139 12138.
12059 12060 12140 12139.
12060 12061 12141 12140.
12061 12062 12142 12141.
12062 12063 12143 12142.
12063 12064 12144 12143.
12064 12065 12145 12144.
12065 12066 12146 12145.
12066 12067 12147 12146.
12067 12068 12148 12147.
12068 12069 12149 12148.
12069 12070 12150 12149.
12070 12071 12151 12150.
12071 12072 12152 12151.
12072 12073 12153 12152.
12073 12074 12154 12153.
12074 12075 12155 12154.
12075 12076 12156 12155.
12076 12077 12157 12156.
12077 12078 12158 12157.
12078 12079 12159 12158.
12079 12080 12160 12159.
12080 12001 12081 12160.
12081 12082 12162 12161.
12082 12083 12163 12162.
12083 12084 12164 12163.
12084 12085 12165 12164.
12085 12086 12166 12165.
12086 12087 12167 12166.
12087 12088 12168 12167.
12088 12089 12169 12168.
12089 12090 12170 12169.
12090 12091 12171 12170.
12091 12092 12172 12171.
12092 12093 12173 12172.
12093 12094 12174 12173.
12094 12095 12175 12174.
12095 12096 12176 12175.
12096 12097 12177 12176.
12097 12098 12178 12177.
12098 12099 12179 12178.
12099 12100 12180 12179.
12100 12101 12181 12180.
12101 12102 12182 12181.
12102 12103 12183 12182.
12103 12104 12184 12183.
12104 12105 12185 12184.
12105 12106 12186 12185.
12106 12107 12187 12186.
12107 12108 12188 12187.
12108 12109 12189 12188.
12109 12110 12190 12189.
12110 12111 12191 12190.
12111 12112 12192 12191.
12112 12113 12193 12192.
12113 12114 12194 12193.
12114 12115 12195 12194.
12115 12116 12196 12195.
12116 12117 12197 12196.
12117 12118 12198 12197.
12118 12119 12199 12198.
12119 12120 12200 12199.
12120 12121 12201 12200.
12121 12122 12202 12201.
12122 12123 12203 12202.
12123 12124 12204 12203.
12124 12125 12205 12204.
12125 12126 12206 12205.
12126 12127 12207 12206.
12127 12128 12208 12207.
12128 12129 12209 12208.
12129 12130 12210 12209.
12130 12131 12211 12210.
12131 12132 12212 12211.
12132 12133 12213 12212.
12133 12134 12214 12213.
12134 12135 12215 12214.
12135 12136 12216 12215.
12136 12137 12217 12216.
12137 12138 12218 12217.
12138 12139 12219 12218.
12139 12140 12220 12219.
12140 12141 12221 12220.
12141 12142 12222 12221.
12142 12143 12223 12222.
12143 12144 12224 12223.
12144 12145 12225 12224.
12145 12146 12226 12225.
12146 12147 12227 12226.
12147 12148 12228 12227.
12148 12149 12229 12228.
12149 12150 12230 12229.
12150 12151 12231 12230.
12151 12152 12232 12231.
12152 12153 12233 12232.
12153 12154 12234 12233.
12154 12155 12235 12234.
12155 12156 12236 12235.
12156 12157 12237 12236.
12157 12158 12238 12237.
12158 12159 12239 12238.
12159 12160 12240 12239.
12160 12081 12161 12240.
12161 12162 12242 12241.
12162 12163 12243 12242.
12163 12164 12244 12243.
12164 12165 12245 12244.
12165 12166 12246 12245.
12166 12167 12247 12246.
12167 12168 12248 12247.
12168 12169 12249 12248.
12169 12170 12250 12249.
12170 12171 12251 12250.
12171 12172 12252 12251.
12172 12173 12253 12252.
12173 12174 12254 12253.
12174 12175 12255 12254.
12175 12176 12256 12255.
12176 12177 12257 12256.
12177 12178 12258 12257.
12178 12179 12259 12258.
12179 12180 12260 12259.
12180 12181 12261 12260.
12181 12182 12262 12261.
12182 12183 12263 12262.
12183 12184 12264 12263.
12184 12185 12265 12264.
12185 12186 12266 12265.
12186 12187 12267 12266.
12187 12188 12268 12267.
12188 12189 12269 12268.
12189 12190 12270 12269.
12190 12191 12271 12270.
12191 12192 12272 12271.
12192 12193 12273 12272.
12193 12194 12274 12273.
12194 12195 12275 12274.
12195 12196 12276 12275.
12196 12197 12277 12276.
12197 12198 12278 12277.
12198 12199 12279 12278.
12199 12200 12280 12279.
12200 12201 12281 12280.
12201 12202 12282 12281.
12202 12203 12283 12282.
12203 12204 12284 12283.
12204 12205 12285 12284.
12205 12206 12286 12285.
12206 12207 12287 12286.
12207 12208 12288 12287.
12208 12209 12289 12288.
12209 12210 12290 12289.
12210 12211 12291 12290.
12211 12212 12292 12291.
12212 12213 12293 12292.
12213 12214 12294 12293.
12214 12215 12295 12294.
12215 12216 12296 12295.
12216 12217 12297 12296.
12217 12218 12298 12297.
12218 12219 12299 12298.
12219 12220 12300 12299.
12220 12221 12301 12300.
12221 12222 12302 12301.
12222 12223 12303 12302.
12223 12224 12304 12303.
12224 12225 12305 12304.
12225 12226 12306 12305.
12226 12227 12307 12306.
12227 12228 12308 12307.
12228 12229 12309 12308.
12229 12230 12310 12309.
12230 12231 12311 12310.
12231 12232 12312 12311.
12232 12233 12313 12312.
12233 12234 12314 12313.
12234 12235 12315 12314.
12235 12236 12316 12315.
12236 12237 12317 12316.
12237 12238 12318 12317.
12238 12239 12319 12318.
12239 12240 12320 12319.
12240 12161 12241 12320.
12241 12242 12322 12321.
12242 12243 12323 12322.
12243 12244 12324 12323.
12244 12245 12325 12324.
12245 12246 12326 12325.
12246 12247 12327 12326.
12247 12248 12328 12327.
12248 12249 12329 12328.
12249 12250 12330 12329.
12250 12251 12331 12330.
12251 12252 12332 12331.
12252 12253 12333 12332.
12253 12254 12334 12333.
12254 12255 12335 12334.
12255 12256 12336 12335.
12256 12257 12337 12336.
12257 12258 12338 12337.
12258 12259 12339 12338.
12259 12260 12340 12339.
12260 12261 12341 12340.
12261 12262 12342 12341.
12262 12263 12343 12342.
12263 12264 12344 12343.
12264 12265 12345 12344.
12265 12266 12346 12345.
12266 12267 12347 12346.
12267 12268 12348 12347.
12268 12269 12349 12348.
12269 12270 12350 12349.
12270 12271 12351 12350.
12271 12272 12352 12351.
12272 12273 12353 12352.
12273 12274 12354 12353.
12274 12275 12355 12354.
12275 12276 12356 12355.
12276 12277 12357 12356.
12277 12278 12358 12357.
12278 12279 12359 12358.
12279 12280 12360 12359.
12280 12281 12361 12360.
12281 12282 12362 12361.
12282 12283 12363 12362.
12283 12284 12364 12363.
12284 12285 12365 12364.
12285 12286 12366 12365.
12286 12287 12367 12366.
12287 12288 12368 12367.
12288 12289 12369 12368.
12289 12290 12370 12369.
12290 12291 12371 12370.
12291 12292 12372 12371.
12292 12293 12373 12372.
12293 12294 12374 12373.
12294 12295 12375 12374.
12295 12296 12376 12375.
12296 12297 12377 12376.
12297 12298 12378 12377.
12298 12299 12379 12378.
12299 12300 12380 12379.
12300 12301 12381 12380.
12301 12302 12382 12381.
12302 12303 12383 12382.
12303 12304 12384 12383.
12304 12305 12385 12384.
12305 12306 12386 12385.
12306 12307 12387 12386.
12307 12308 12388 12387.
12308 12309 12389 12388.
12309 12310 12390 12389.
12310 12311 12391 12390.
12311 12312 12392 12391.
12312 12313 12393 12392.
12313 12314 12394 12393.
12314 12315 12395 12394.
12315 12316 12396 12395.
12316 12317 12397 12396.
12317 12318 12398 12397.
12318 12319 12399 12398.
12319 12320 12400 12399.
12320 12241 12321 12400.
12321 12322 12402 12401.
12322 12323 12403 12402.
12323 12324 12404 12403.
12324 12325 12405 12404.
12325 12326 12406 12405.
12326 12327 12407 12406.
12327 12328 12408 12407.
12328 12329 12409 12408.
12329 12330 12410 12409.
12330 12331 12411 12410.
12331 12332 12412 12411.
12332 12333 12413 12412.
12333 12334 12414 12413.
12334 12335 12415 12414.
12335 12336 12416 12415.
12336 12337 12417 12416.
12337 12338 12418 12417.
12338 12339 12419 12418.
12339 12340 12420 12419.
12340 12341 12421 12420.
12341 12342 12422 12421.
12342 12343 12423 12422.
12343 12344 12424 12423.
12344 12345 12425 12424.
12345 12346 12426 12425.
12346 12347 12427 12426.
12347 12348 12428 12427.
12348 12349 12429 12428.
12349 12350 12430 12429.
12350 12351 12431 12430.
12351 12352 12432 12431.
12352 12353 12433 12432.
12353 12354 12434 12433.
12354 12355 12435 12434.
12355 12356 12436 12435.
12356 12357 12437 12436.
12357 12358 12438 12437.
12358 12359 12439 12438.
12359 12360 12440 12439.
12360 12361 12441 12440.
12361 12362 12442 12441.
12362 12363 12443 12442.
12363 12364 12444 12443.
12364 12365 12445 12444.
12365 12366 12446 12445.
12366 12367 12447 12446.
12367 12368 12448 12447.
12368 12369 12449 12448.
12369 12370 12450 12449.
12370 12371 12451 12450.
12371 12372 12452 12451.
12372 12373 12453 12452.
12373 12374 12454 12453.
12374 12375 12455 12454.
12375 12376 12456 12455.
12376 12377 12457 12456.
12377 12378 12458 12457.
12378 12379 12459 12458.
12379 12380 12460 12459.
12380 12381 12461 12460.
12381 12382 12462 12461.
12382 12383 12463 12462.
12383 12384 12464 12463.
12384 12385 12465 12464.
12385 12386 12466 12465.
12386 12387 12467 12466.
12387 12388 12468 12467.
12388 12389 12469 12468.
12389 12390 12470 12469.
12390 12391 12471 12470.
12391 12392 12472 12471.
12392 12393 12473 12472.
12393 12394 12474 12473.
12394 12395 12475 12474.
12395 12396 12476 12475.
12396 12397 12477 12476.
12397 12398 12478 12477.
12398 12399 12479 12478.
12399 12400 12480 12479.
12400 12321 12401 12480.
12401 12402 12482 12481.
12402 12403 12483 12482.
12403 12404 12484 12483.
12404 12405 12485 12484.
12405 12406 12486 12485.
12406 12407 12487 12486.
12407 12408 12488 12487.
12408 12409 12489 12488.
12409 12410 12490 12489.
12410 12411 12491 12490.
12411 12412 12492 12491.
12412 12413 12493 12492.
12413 12414 12494 12493.
12414 12415 12495 12494.
12415 12416 12496 12495.
12416 12417 12497 12496.
12417 12418 12498 12497.
12418 12419 12499 12498.
12419 12420 12500 12499.
12420 12421 12501 12500.
12421 12422 12502 12501.
12422 12423 12503 12502.
12423 12424 12504 12503.
12424 12425 12505 12504.
12425 12426 12506 12505.
12426 12427 12507 12506.
12427 12428 12508 12507.
12428 12429 12509 12508.
12429 12430 12510 12509.
12430 12431 12511 12510.
12431 12432 12512 12511.
12432 12433 12513 12512.
12433 12434 12514 12513.
12434 12435 12515 12514.
12435 12436 12516 12515.
12436 12437 12517 12516.
12437 12438 12518 12517.
12438 12439 12519 12518.
12439 12440 12520 12519.
12440 12441 12521 12520.
12441 12442 12522 12521.
12442 12443 12523 12522.
12443 12444 12524 12523.
12444 12445 12525 12524.
12445 12446 12526 12525.
12446 12447 12527 12526.
12447 12448 12528 12527.
12448 12449 12529 12528.
12449 12450 12530 12529.
12450 12451 12531 12530.
12451 12452 12532 12531.
12452 12453 12533 12532.
12453 12454 12534 12533.
12454 12455 12535 12534.
12455 12456 12536 12535.
12456 12457 12537 12536.
12457 12458 12538 12537.
12458 12459 12539 12538.
12459 12460 12540 12539.
12460 12461 12541 12540.
12461 12462 12542 12541.
12462 12463 12543 12542.
12463 12464 12544 12543.
12464 12465 12545 12544.
12465 12466 12546 12545.
12466 12467 12547 12546.
12467 12468 12548 12547.
12468 12469 12549 12548.
12469 12470 12550 12549.
12470 12471 12551 12550.
12471 12472 12552 12551.
12472 12473 12553 12552.
12473 12474 12554 12553.
12474 12475 12555 12554.
12475 12476 12556 12555.
12476 12477 12557 12556.
12477 12478 12558 12557.
12478 12479 12559 12558.
12479 12480 12560 12559.
12480 12401 12481 12560.
12481 12482 12562 12561.
12482 12483 12563 12562.
12483 12484 12564 12563.
12484 12485 12565 12564.
12485 12486 12566 12565.
12486 12487 12567 12566.
12487 12488 12568 12567.
12488 12489 12569 12568.
12489 12490 12570 12569.
12490 12491 12571 12570.
12491 12492 12572 12571.
12492 12493 12573 12572.
12493 12494 12574 12573.
12494 12495 12575 12574.
12495 12496 12576 12575.
12496 12497 12577 12576.
12497 12498 12578 12577.
12498 12499 12579 12578.
12499 12500 12580 12579.
12500 12501 12581 12580.
12501 12502 12582 12581.
12502 12503 12583 12582.
12503 12504 12584 12583.
12504 12505 12585 12584.
12505 12506 12586 12585.
12506 12507 12587 12586.
12507 12508 12588 12587.
12508 12509 12589 12588.
12509 12510 12590 12589.
12510 12511 12591 12590.
12511 12512 12592 12591.
12512 12513 12593 12592.
12513 12514 12594 12593.
12514 12515 12595 12594.
12515 12516 12596 12595.
12516 12517 12597 12596.
12517 12518 12598 12597.
12518 12519 12599 12598.
12519 12520 12600 12599.
12520 12521 12601 12600.
12521 12522 12602 12601.
12522 12523 12603 12602.
12523 12524 12604 12603.
12524 12525 12605 12604.
12525 12526 12606 12605.
12526 12527 12607 12606.
12527 12528 12608 12607.
12528 12529 12609 12608.
12529 12530 12610 12609.
12530 12531 12611 12610.
12531 12532 12612 12611.
12532 12533 12613 12612.
12533 12534 12614 12613.
12534 12535 12615 12614.
12535 12536 12616 12615.
12536 12537 12617 12616.
12537 12538 12618 12617.
12538 12539 12619 12618.
12539 12540 12620 12619.
12540 12541 12621 12620.
12541 12542 12622 12621.
12542 12543 12623 12622.
12543 12544 12624 12623.
12544 12545 12625 12624.
12545 12546 12626 12625.
12546 12547 12627 12626.
12547 12548 12628 12627.
12548 12549 12629 12628.
12549 12550 12630 12629.
12550 12551 12631 12630.
12551 12552 12632 12631.
12552 12553 12633 12632.
12553 12554 12634 12633.
12554 12555 12635 12634.
12555 12556 12636 12635.
12556 12557 12637 12636.
12557 12558 12638 12637.
12558 12559 12639 12638.
12559 12560 12640 12639.
12560 12481 12561 12640.
12561 12562 12642 12641.
12562 12563 12643 12642.
12563 12564 12644 12643.
12564 12565 12645 12644.
12565 12566 12646 12645.
12566 12567 12647 12646.
12567 12568 12648 12647.
12568 12569 12649 12648.
12569 12570 12650 12649.
12570 12571 12651 12650.
12571 12572 12652 12651.
12572 12573 12653 12652.
12573 12574 12654 12653.
12574 12575 12655 12654.
12575 12576 12656 12655.
12576 12577 12657 12656.
12577 12578 12658 12657.
12578 12579 12659 12658.
12579 12580 12660 12659.
12580 12581 12661 12660.
12581 12582 12662 12661.
12582 12583 12663 12662.
12583 12584 12664 12663.
12584 12585 12665 12664.
12585 12586 12666 12665.
12586 12587 12667 12666.
12587 12588 12668 12667.
12588 12589 12669 12668.
12589 12590 12670 12669.
12590 12591 12671 12670.
12591 12592 12672 12671.
12592 12593 12673 12672.
12593 12594 12674 12673.
12594 12595 12675 12674.
12595 12596 12676 12675.
12596 12597 12677 12676.
12597 12598 12678 12677.
12598 12599 12679 12678.
12599 12600 12680 12679.
12600 12601 12681 12680.
12601 12602 12682 12681.
12602 12603 12683 12682.
12603 12604 12684 12683.
12604 12605 12685 12684.
12605 12606 12686 12685.
12606 12607 12687 12686.
12607 12608 12688 12687.
12608 12609 12689 12688.
12609 12610 12690 12689.
12610 12611 12691 12690.
12611 12612 12692 12691.
12612 12613 12693 12692.
12613 12614 12694 12693.
12614 12615 12695 12694.
12615 12616 12696 12695.
12616 12617 12697 12696.
12617 12618 12698 12697.
12618 12619 12699 12698.
12619 12620 12700 12699.
12620 12621 12701 12700.
12621 12622 12702 12701.
12622 12623 12703 12702.
12623 12624 12704 12703.
12624 12625 12705 12704.
12625 12626 12706 12705.
12626 12627 12707 12706.
12627 12628 12708 12707.
12628 12629 12709 12708.
12629 12630 12710 12709.
12630 12631 12711 12710.
12631 12632 12712 12711.
12632 12633 12713 12712.
12633 12634 12714 12713.
12634 12635 12715 12714.
12635 12636 12716 12715.
12636 12637 12717 12716.
12637 12638 12718 12717.
12638 12639 12719 12718.
12639 12640 12720 12719.
12640 12561 12641 12720.
12641 12642 12722 12721.
12642 12643 12723 12722.
12643 12644 12724 12723.
12644 12645 12725 12724.
12645 12646 12726 12725.
12646 12647 12727 12726.
12647 12648 12728 12727.
12648 12649 12729 12728.
12649 12650 12730 12729.
12650 12651 12731 12730.
12651 12652 12732 12731.
12652 12653 12733 12732.
12653 12654 12734 12733.
12654 12655 12735 12734.
12655 12656 12736 12735.
12656 12657 12737 12736.
12657 12658 12738 12737.
12658 12659 12739 12738.
12659 12660 12740 12739.
12660 12661 12741 12740.
12661 12662 12742 12741.
12662 12663 12743 12742.
12663 12664 12744 12743.
12664 12665 12745 12744.
12665 12666 12746 12745.
12666 12667 12747 12746.
12667 12668 12748 12747.
12668 12669 12749 12748.
12669 12670 12750 12749.
12670 12671 12751 12750.
12671 12672 12752 12751.
12672 12673 12753 12752.
12673 12674 12754 12753.
12674 12675 12755 12754.
12675 12676 12756 12755.
12676 12677 12757 12756.
12677 12678 12758 12757.
12678 12679 12759 12758.
12679 12680 12760 12759.
12680 12681 12761 12760.
12681 12682 12762 12761.
12682 12683 12763 12762.
12683 12684 12764 12763.
12684 12685 12765 12764.
12685 12686 12766 12765.
12686 12687 12767 12766.
12687 12688 12768 12767.
12688 12689 12769 12768.
12689 12690 12770 12769.
12690 12691 12771 12770.
12691 12692 12772 12771.
12692 12693 12773 12772.
12693 12694 12774 12773.
12694 12695 12775 12774.
12695 12696 12776 12775.
12696 12697 12777 12776.
12697 12698 12778 12777.
12698 12699 12779 12778.
12699 12700 12780 12779.
12700 12701 12781 12780.
12701 12702 12782 12781.
12702 12703 12783 12782.
12703 12704 12784 12783.
12704 12705 12785 12784.
12705 12706 12786 12785.
12706 12707 12787 12786.
12707 12708 12788 12787.
12708 12709 12789 12788.
12709 12710 12790 12789.
12710 12711 12791 12790.
12711 12712 12792 12791.
12712 12713 12793 12792.
12713 12714 12794 12793.
12714 12715 12795 12794.
12715 12716 12796 12795.
12716 12717 12797 12796.
12717 12718 12798 12797.
12718 12719 12799 12798.
12719 12720 12800 12799.
12720 12641 12721 12800.
12721 12722 12802 12801.
12722 12723 12803 12802.
12723 12724 12804 12803.
12724 12725 12805 12804.
12725 12726 12806 12805.
12726 12727 12807 12806.
12727 12728 12808 12807.
12728 12729 12809 12808.
12729 12730 12810 12809.
12730 12731 12811 12810.
12731 12732 12812 12811.
12732 12733 12813 12812.
12733 12734 12814 12813.
12734 12735 12815 12814.
12735 12736 12816 12815.
12736 12737 12817 12816.
12737 12738 12818 12817.
12738 12739 12819 12818.
12739 12740 12820 12819.
12740 12741 12821 12820.
12741 12742 12822 12821.
12742 12743 12823 12822.
12743 12744 12824 12823.
12744 12745 12825 12824.
12745 12746 12826 12825.
12746 12747 12827 12826.
12747 12748 12828 12827.
12748 12749 12829 12828.
12749 12750 12830 12829.
12750 12751 12831 12830.
12751 12752 12832 12831.
12752 12753 12833 12832.
12753 12754 12834 12833.
12754 12755 12835 12834.
12755 12756 12836 12835.
12756 12757 12837 12836.
12757 12758 12838 12837.
12758 12759 12839 12838.
12759 12760 12840 12839.
12760 12761 12841 12840.
12761 12762 12842 12841.
12762 12763 12843 12842.
12763 12764 12844 12843.
12764 12765 12845 12844.
12765 12766 12846 12845.
12766 12767 12847 12846.
12767 12768 12848 12847.
12768 12769 12849 12848.
12769 12770 12850 12849.
12770 12771 12851 12850.
12771 12772 12852 12851.
12772 12773 12853 12852.
12773 12774 12854 12853.
12774 12775 12855 12854.
12775 12776 12856 12855.
12776 12777 12857 12856.
12777 12778 12858 12857.
12778 12779 12859 12858.
12779 12780 12860 12859.
12780 12781 12861 12860.
12781 12782 12862 12861.
12782 12783 12863 12862.
12783 12784 12864 12863.
12784 12785 12865 12864.
12785 12786 12866 12865.
12786 12787 12867 12866.
12787 12788 12868 12867.
12788 12789 12869 12868.
12789 12790 12870 12869.
12790 12791 12871 12870.
12791 12792 12872 12871.
12792 12793 12873 12872.
12793 12794 12874 12873.
12794 12795 12875 12874.
12795 12796 12876 12875.
12796 12797 12877 12876.
12797 12798 12878 12877.
12798 12799 12879 12878.
12799 12800 12880 12879.
12800 12721 12801 12880.
12801 12802 12882 12881.
12802 12803 12883 12882.
12803 12804 12884 12883.
12804 12805 12885 12884.
12805 12806 12886 12885.
12806 12807 12887 12886.
12807 12808 12888 12887.
12808 12809 12889 12888.
12809 12810 12890 12889.
12810 12811 12891 12890.
12811 12812 12892 12891.
12812 12813 12893 12892.
12813 12814 12894 12893.
12814 12815 12895 12894.
12815 12816 12896 12895.
12816 12817 12897 12896.
12817 12818 12898 12897.
12818 12819 12899 12898.
12819 12820 12900 12899.
12820 12821 12901 12900.
12821 12822 12902 12901.
12822 12823 12903 12902.
12823 12824 12904 12903.
12824 12825 12905 12904.
12825 12826 12906 12905.
12826 12827 12907 12906.
12827 12828 12908 12907.
12828 12829 12909 12908.
12829 12830 12910 12909.
12830 12831 12911 12910.
12831 12832 12912 12911.
12832 12833 12913 12912.
12833 12834 12914 12913.
12834 12835 12915 12914.
12835 12836 12916 12915.
12836 12837 12917 12916.
12837 12838 12918 12917.
12838 12839 12919 12918.
12839 12840 12920 12919.
12840 12841 12921 12920.
12841 12842 12922 12921.
12842 12843 12923 12922.
12843 12844 12924 12923.
12844 12845 12925 12924.
12845 12846 12926 12925.
12846 12847 12927 12926.
12847 12848 12928 12927.
12848 12849 12929 12928.
12849 12850 12930 12929.
12850 12851 12931 12930.
12851 12852 12932 12931.
12852 12853 12933 12932.
12853 12854 12934 12933.
12854 12855 12935 12934.
12855 12856 12936 12935.
12856 12857 12937 12936.
12857 12858 12938 12937.
12858 12859 12939 12938.
12859 12860 12940 12939.
12860 12861 12941 12940.
12861 12862 12942 12941.
12862 12863 12943 12942.
12863 12864 12944 12943.
12864 12865 12945 12944.
12865 12866 12946 12945.
12866 12867 12947 12946.
12867 12868 12948 12947.
12868 12869 12949 12948.
12869 12870 12950 12949.
12870 12871 12951 12950.
12871 12872 12952 12951.
12872 12873 12953 12952.
12873 12874 12954 12953.
12874 12875 12955 12954.
12875 12876 12956 12955.
12876 12877 12957 12956.
12877 12878 12958 12957.
12878 12879 12959 12958.
12879 12880 12960 12959.
12880 12801 12881 12960.
12881 12882 12962 12961.
12882 12883 12963 12962.
12883 12884 12964 12963.
12884 12885 12965 12964.
12885 12886 12966 12965.
12886 12887 12967 12966.
12887 12888 12968 12967.
12888 12889 12969 12968.
12889 12890 12970 12969.
12890 12891 12971 12970.
12891 12892 12972 12971.
12892 12893 12973 12972.
12893 12894 12974 12973.
12894 12895 12975 12974.
12895 12896 12976 12975.
12896 12897 12977 12976.
12897 12898 12978 12977.
12898 12899 12979 12978.
12899 12900 12980 12979.
12900 12901 12981 12980.
12901 12902 12982 12981.
12902 12903 12983 12982.
12903 12904 12984 12983.
12904 12905 12985 12984.
12905 12906 12986 12985.
12906 12907 12987 12986.
12907 12908 12988 12987.
12908 12909 12989 12988.
12909 12910 12990 12989.
12910 12911 12991 12990.
12911 12912 12992 12991.
12912 12913 12993 12992.
12913 12914 12994 12993.
12914 12915 12995 12994.
12915 12916 12996 12995.
12916 12917 12997 12996.
12917 12918 12998 12997.
12918 12919 12999 12998.
12919 12920 13000 12999.
12920 12921 13001 13000.
12921 12922 13002 13001.
12922 12923 13003 13002.
12923 12924 13004 13003.
12924 12925 13005 13004.
12925 12926 13006 13005.
12926 12927 13007 13006.
12927 12928 13008 13007.
12928 12929 13009 13008.
12929 12930 13010 13009.
12930 12931 13011 13010.
12931 12932 13012 13011.
12932 12933 13013 13012.
12933 12934 13014 13013.
12934 12935 13015 13014.
12935 12936 13016 13015.
12936 12937 13017 13016.
12937 12938 13018 13017.
12938 12939 13019 13018.
12939 12940 13020 13019.
12940 12941 13021 13020.
12941 12942 13022 13021.
12942 12943 13023 13022.
12943 12944 13024 13023.
12944 12945 13025 13024.
12945 12946 13026 13025.
12946 12947 13027 13026.
12947 12948 13028 13027.
12948 12949 13029 13028.
12949 12950 13030 13029.
12950 12951 13031 13030.
12951 12952 13032 13031.
12952 12953 13033 13032.
12953 12954 13034 13033.
12954 12955 13035 13034.
12955 12956 13036 13035.
12956 12957 13037 13036.
12957 12958 13038 13037.
12958 12959 13039 13038.
12959 12960 13040 13039.
12960 12881 12961 13040.
12961 12962 13042 13041.
12962 12963 13043 13042.
12963 12964 13044 13043.
12964 12965 13045 13044.
12965 12966 13046 13045.
12966 12967 13047 13046.
12967 12968 13048 13047.
12968 12969 13049 13048.
12969 12970 13050 13049.
12970 12971 13051 13050.
12971 12972 13052 13051.
12972 12973 13053 13052.
12973 12974 13054 13053.
12974 12975 13055 13054.
12975 12976 13056 13055.
12976 12977 13057 13056.
12977 12978 13058 13057.
12978 12979 13059 13058.
12979 12980 13060 13059.
12980 12981 13061 13060.
12981 12982 13062 13061.
12982 12983 13063 13062.
12983 12984 13064 13063.
12984 12985 13065 13064.
12985 12986 13066 13065.
12986 12987 13067 13066.
12987 12988 13068 13067.
12988 12989 13069 13068.
12989 12990 13070 13069.
12990 12991 13071 13070.
12991 12992 13072 13071.
12992 12993 13073 13072.
12993 12994 13074 13073.
12994 12995 13075 13074.
12995 12996 13076 13075.
12996 12997 13077 13076.
12997 12998 13078 13077.
12998 12999 13079 13078.
12999 13000 13080 13079.
13000 13001 13081 13080.
13001 13002 13082 13081.
13002 13003 13083 13082.
13003 13004 13084 13083.
13004 13005 13085 13084.
13005 13006 13086 13085.
13006 13007 13087 13086.
13007 13008 13088 13087.
13008 13009 13089 13088.
13009 13010 13090 13089.
13010 13011 13091 13090.
13011 13012 13092 13091.
13012 13013 13093 13092.
13013 13014 13094 13093.
13014 13015 13095 13094.
13015 13016 13096 13095.
13016 13017 13097 13096.
13017 13018 13098 13097.
13018 13019 13099 13098.
13019 13020 13100 13099.
13020 13021 13101 13100.
13021 13022 13102 13101.
13022 13023 13103 13102.
13023 13024 13104 13103.
13024 13025 13105 13104.
13025 13026 13106 13105.
13026 13027 13107 13106.
13027 13028 13108 13107.
13028 13029 13109 13108.
13029 13030 13110 13109.
13030 13031 13111 13110.
13031 13032 13112 13111.
13032 13033 13113 13112.
13033 13034 13114 13113.
13034 13035 13115 13114.
13035 13036 13116 13115.
13036 13037 13117 13116.
13037 13038 13118 13117.
13038 13039 13119 13118.
13039 13040 13120 13119.
13040 12961 13041 13120.
13041 13042 13122 13121.
13042 13043 13123 13122.
13043 13044 13124 13123.
13044 13045 13125 13124.
13045 13046 13126 13125.
13046 13047 13127 13126.
13047 13048 13128 13127.
13048 13049 13129 13128.
13049 13050 13130 13129.
13050 13051 13131 13130.
13051 13052 13132 13131.
13052 13053 13133 13132.
13053 13054 13134 13133.
13054 13055 13135 13134.
13055 13056 13136 13135.
13056 13057 13137 13136.
13057 13058 13138 13137.
13058 13059 13139 13138.
13059 13060 13140 13139.
13060 13061 13141 13140.
13061 13062 13142 13141.
13062 13063 13143 13142.
13063 13064 13144 13143.
13064 13065 13145 13144.
13065 13066 13146 13145.
13066 13067 13147 13146.
13067 13068 13148 13147.
13068 13069 13149 13148.
13069 13070 13150 13149.
13070 13071 13151 13150.
13071 13072 13152 13151.
13072 13073 13153 13152.
13073 13074 13154 13153.
13074 13075 13155 13154.
13075 13076 13156 13155.
13076 13077 13157 13156.
13077 13078 13158 13157.
13078 13079 13159 13158.
13079 13080 13160 13159.
13080 13081 13161 13160.
13081 13082 13162 13161.
13082 13083 13163 13162.
13083 13084 13164 13163.
13084 13085 13165 13164.
13085 13086 13166 13165.
13086 13087 13167 13166.
13087 13088 13168 13167.
13088 13089 13169 13168.
13089 13090 13170 13169.
13090 13091 13171 13170.
13091 13092 13172 13171.
13092 13093 13173 13172.
13093 13094 13174 13173.
13094 13095 13175 13174.
13095 13096 13176 13175.
13096 13097 13177 13176.
13097 13098 13178 13177.
13098 13099 13179 13178.
13099 13100 13180 13179.
13100 13101 13181 13180.
13101 13102 13182 13181.
13102 13103 13183 13182.
13103 13104 13184 13183.
13104 13105 13185 13184.
13105 13106 13186 13185.
13106 13107 13187 13186.
13107 13108 13188 13187.
13108 13109 13189 13188.
13109 13110 13190 13189.
13110 13111 13191 13190.
13111 13112 13192 13191.
13112 13113 13193 13192.
13113 13114 13194 13193.
13114 13115 13195 13194.
13115 13116 13196 13195.
13116 13117 13197 13196.
13117 13118 13198 13197.
13118 13119 13199 13198.
13119 13120 13200 13199.
13120 13041 13121 13200.
13121 13122 13202 13201.
13122 13123 13203 13202.
13123 13124 13204 13203.
13124 13125 13205 13204.
13125 13126 13206 13205.
13126 13127 13207 13206.
13127 13128 13208 13207.
13128 13129 13209 13208.
13129 13130 13210 13209.
13130 13131 13211 13210.
13131 13132 13212 13211.
13132 13133 13213 13212.
13133 13134 13214 13213.
13134 13135 13215 13214.
13135 13136 13216 13215.
13136 13137 13217 13216.
13137 13138 13218 13217.
13138 13139 13219 13218.
13139 13140 13220 13219.
13140 13141 13221 13220.
13141 13142 13222 13221.
13142 13143 13223 13222.
13143 13144 13224 13223.
13144 13145 13225 13224.
13145 13146 13226 13225.
13146 13147 13227 13226.
13147 13148 13228 13227.
13148 13149 13229 13228.
13149 13150 13230 13229.
13150 13151 13231 13230.
13151 13152 13232 13231.
13152 13153 13233 13232.
13153 13154 13234 13233.
13154 13155 13235 13234.
13155 13156 13236 13235.
13156 13157 13237 13236.
13157 13158 13238 13237.
13158 13159 13239 13238.
13159 13160 13240 13239.
13160 13161 13241 13240.
13161 13162 13242 13241.
13162 13163 13243 13242.
13163 13164 13244 13243.
13164 13165 13245 13244.
13165 13166 13246 13245.
13166 13167 13247 13246.
13167 13168 13248 13247.
13168 13169 13249 13248.
13169 13170 13250 13249.
13170 13171 13251 13250.
13171 13172 13252 13251.
13172 13173 13253 13252.
13173 13174 13254 13253.
13174 13175 13255 13254.
13175 13176 13256 13255.
13176 13177 13257 13256.
13177 13178 13258 13257.
13178 13179 13259 13258.
13179 13180 13260 13259.
13180 13181 13261 13260.
13181 13182 13262 13261.
13182 13183 13263 13262.
13183 13184 13264 13263.
13184 13185 13265 13264.
13185 13186 13266 13265.
13186 13187 13267 13266.
13187 13188 13268 13267.
13188 13189 13269 13268.
13189 13190 13270 13269.
13190 13191 13271 13270.
13191 13192 13272 13271.
13192 13193 13273 13272.
13193 13194 13274 13273.
13194 13195 13275 13274.
13195 13196 13276 13275.
13196 13197 13277 13276.
13197 13198 13278 13277.
13198 13199 13279 13278.
13199 13200 13280 13279.
13200 13121 13201 13280.
13201 13202 13282 13281.
13202 13203 13283 13282.
13203 13204 13284 13283.
13204 13205 13285 13284.
13205 13206 13286 13285.
13206 13207 13287 13286.
13207 13208 13288 13287.
13208 13209 13289 13288.
13209 13210 13290 13289.
13210 13211 13291 13290.
13211 13212 13292 13291.
13212 13213 13293 13292.
13213 13214 13294 13293.
13214 13215 13295 13294.
13215 13216 13296 13295.
13216 13217 13297 13296.
13217 13218 13298 13297.
13218 13219 13299 13298.
13219 13220 13300 13299.
13220 13221 13301 13300.
13221 13222 13302 13301.
13222 13223 13303 13302.
13223 13224 13304 13303.
13224 13225 13305 13304.
13225 13226 13306 13305.
13226 13227 13307 13306.
13227 13228 13308 13307.
13228 13229 13309 13308.
13229 13230 13310 13309.
13230 13231 13311 13310.
13231 13232 13312 13311.
13232 13233 13313 13312.
13233 13234 13314 13313.
13234 13235 13315 13314.
13235 13236 13316 13315.
13236 13237 13317 13316.
13237 13238 13318 13317.
13238 13239 13319 13318.
13239 13240 13320 13319.
13240 13241 13321 13320.
13241 13242 13322 13321.
13242 13243 13323 13322.
13243 13244 13324 13323.
13244 13245 13325 13324.
13245 13246 13326 13325.
13246 13247 13327 13326.
13247 13248 13328 13327.
13248 13249 13329 13328.
13249 13250 13330 13329.
13250 13251 13331 13330.
13251 13252 13332 13331.
13252 13253 13333 13332.
13253 13254 13334 13333.
13254 13255 13335 13334.
13255 13256 13336 13335.
13256 13257 13337 13336.
13257 13258 13338 13337.
13258 13259 13339 13338.
13259 13260 13340 13339.
13260 13261 13341 13340.
13261 13262 13342 13341.
13262 13263 13343 13342.
13263 13264 13344 13343.
13264 13265 13345 13344.
13265 13266 13346 13345.
13266 13267 13347 13346.
13267 13268 13348 13347.
13268 13269 13349 13348.
13269 13270 13350 13349.
13270 13271 13351 13350.
13271 13272 13352 13351.
13272 13273 13353 13352.
13273 13274 13354 13353.
13274 13275 13355 13354.
13275 13276 13356 13355.
13276 13277 13357 13356.
13277 13278 13358 13357.
13278 13279 13359 13358.
13279 13280 13360 13359.
13280 13201 13281 13360.
13281 13282 13362 13361.
13282 13283 13363 13362.
13283 13284 13364 13363.
13284 13285 13365 13364.
13285 13286 13366 13365.
13286 13287 13367 13366.
13287 13288 13368 13367.
13288 13289 13369 13368.
13289 13290 13370 13369.
13290 13291 13371 13370.
13291 13292 13372 13371.
13292 13293 13373 13372.
13293 13294 13374 13373.
13294 13295 13375 13374.
13295 13296 13376 13375.
13296 13297 13377 13376.
13297 13298 13378 13377.
13298 13299 13379 13378.
13299 13300 13380 13379.
13300 13301 13381 13380.
13301 13302 13382 13381.
13302 13303 13383 13382.
13303 13304 13384 13383.
13304 13305 13385 13384.
13305 13306 13386 13385.
13306 13307 13387 13386.
13307 13308 13388 13387.
13308 13309 13389 13388.
13309 13310 13390 13389.
13310 13311 13391 13390.
13311 13312 13392 13391.
13312 13313 13393 13392.
13313 13314 13394 13393.
13314 13315 13395 13394.
13315 13316 13396 13395.
13316 13317 13397 13396.
13317 13318 13398 13397.
13318 13319 13399 13398.
13319 13320 13400 13399.
13320 13321 13401 13400.
13321 13322 13402 13401.
13322 13323 13403 13402.
13323 13324 13404 13403.
13324 13325 13405 13404.
13325 13326 13406 13405.
13326 13327 13407 13406.
13327 13328 13408 13407.
13328 13329 13409 13408.
13329 13330 13410 13409.
13330 13331 13411 13410.
13331 13332 13412 13411.
13332 13333 13413 13412.
13333 13334 13414 13413.
13334 13335 13415 13414.
13335 13336 13416 13415.
13336 13337 13417 13416.
13337 13338 13418 13417.
13338 13339 13419 13418.
13339 13340 13420 13419.
13340 13341 13421 13420.
13341 13342 13422 13421.
13342 13343 13423 13422.
13343 13344 13424 13423.
13344 13345 13425 13424.
13345 13346 13426 13425.
13346 13347 13427 13426.
13347 13348 13428 13427.
13348 13349 13429 13428.
13349 13350 13430 13429.
13350 13351 13431 13430.
13351 13352 13432 13431.
13352 13353 13433 13432.
13353 13354 13434 13433.
13354 13355 13435 13434.
13355 13356 13436 13435.
13356 13357 13437 13436.
13357 13358 13438 13437.
13358 13359 13439 13438.
13359 13360 13440 13439.
13360 13281 13361 13440.
13361 13362 13442 13441.
13362 13363 13443 13442.
13363 13364 13444 13443.
13364 13365 13445 13444.
13365 13366 13446 13445.
13366 13367 13447 13446.
13367 13368 13448 13447.
13368 13369 13449 13448.
13369 13370 13450 13449.
13370 13371 13451 13450.
13371 13372 13452 13451.
13372 13373 13453 13452.
13373 13374 13454 13453.
13374 13375 13455 13454.
13375 13376 13456 13455.
13376 13377 13457 13456.
13377 13378 13458 13457.
13378 13379 13459 13458.
13379 13380 13460 13459.
13380 13381 13461 13460.
13381 13382 13462 13461.
13382 13383 13463 13462.
13383 13384 13464 13463.
13384 13385 13465 13464.
13385 13386 13466 13465.
13386 13387 13467 13466.
13387 13388 13468 13467.
13388 13389 13469 13468.
13389 13390 13470 13469.
13390 13391 13471 13470.
13391 13392 13472 13471.
13392 13393 13473 13472.
13393 13394 13474 13473.
13394 13395 13475 13474.
13395 13396 13476 13475.
13396 13397 13477 13476.
13397 13398 13478 13477.
13398 13399 13479 13478.
13399 13400 13480 13479.
13400 13401 13481 13480.
13401 13402 13482 13481.
13402 13403 13483 13482.
13403 13404 13484 13483.
13404 13405 13485 13484.
13405 13406 13486 13485.
13406 13407 13487 13486.
13407 13408 13488 13487.
13408 13409 13489 13488.
13409 13410 13490 13489.
13410 13411 13491 13490.
13411 13412 13492 13491.
13412 13413 13493 13492.
13413 13414 13494 13493.
13414 13415 13495 13494.
13415 13416 13496 13495.
13416 13417 13497 13496.
13417 13418 13498 13497.
13418 13419 13499 13498.
13419 13420 13500 13499.
13420 13421 13501 13500.
13421 13422 13502 13501.
13422 13423 13503 13502.
13423 13424 13504 13503.
13424 13425 13505 13504.
13425 13426 13506 13505.
13426 13427 13507 13506.
13427 13428 13508 13507.
13428 13429 13509 13508.
13429 13430 13510 13509.
13430 13431 13511 13510.
13431 13432 13512 13511.
13432 13433 13513 13512.
13433 13434 13514 13513.
13434 13435 13515 13514.
13435 13436 13516 13515.
13436 13437 13517 13516.
13437 13438 13518 13517.
13438 13439 13519 13518.
13439 13440 13520 13519.
13440 13361 13441 13520.
13441 13442 13522 13521.
13442 13443 13523 13522.
13443 13444 13524 13523.
13444 13445 13525 13524.
13445 13446 13526 13525.
13446 13447 13527 13526.
13447 13448 13528 13527.
13448 13449 13529 13528.
13449 13450 13530 13529.
13450 13451 13531 13530.
13451 13452 13532 13531.
13452 13453 13533 13532.
13453 13454 13534 13533.
13454 13455 13535 13534.
13455 13456 13536 13535.
13456 13457 13537 13536.
13457 13458 13538 13537.
13458 13459 13539 13538.
13459 13460 13540 13539.
13460 13461 13541 13540.
13461 13462 13542 13541.
13462 13463 13543 13542.
13463 13464 13544 13543.
13464 13465 13545 13544.
13465 13466 13546 13545.
13466 13467 13547 13546.
13467 13468 13548 13547.
13468 13469 13549 13548.
13469 13470 13550 13549.
13470 13471 13551 13550.
13471 13472 13552 13551.
13472 13473 13553 13552.
13473 13474 13554 13553.
13474 13475 13555 13554.
13475 13476 13556 13555.
13476 13477 13557 13556.
13477 13478 13558 13557.
13478 13479 13559 13558.
13479 13480 13560 13559.
13480 13481 13561 13560.
13481 13482 13562 13561.
13482 13483 13563 13562.
13483 13484 13564 13563.
13484 13485 13565 13564.
13485 13486 13566 13565.
13486 13487 13567 13566.
13487 13488 13568 13567.
13488 13489 13569 13568.
13489 13490 13570 13569.
13490 13491 13571 13570.
13491 13492 13572 13571.
13492 13493 13573 13572.
13493 13494 13574 13573.
13494 13495 13575 13574.
13495 13496 13576 13575.
13496 13497 13577 13576.
13497 13498 13578 13577.
13498 13499 13579 13578.
13499 13500 13580 13579.
13500 13501 13581 13580.
13501 13502 13582 13581.
13502 13503 13583 13582.
13503 13504 13584 13583.
13504 13505 13585 13584.
13505 13506 13586 13585.
13506 13507 13587 13586.
13507 13508 13588 13587.
13508 13509 13589 13588.
13509 13510 13590 13589.
13510 13511 13591 13590.
13511 13512 13592 13591.
13512 13513 13593 13592.
13513 13514 13594 13593.
13514 13515 13595 13594.
13515 13516 13596 13595.
13516 13517 13597 13596.
13517 13518 13598 13597.
13518 13519 13599 13598.
13519 13520 13600 13599.
13520 13441 13521 13600.
13521 13522 13602 13601.
13522 13523 13603 13602.
13523 13524 13604 13603.
13524 13525 13605 13604.
13525 13526 13606 13605.
13526 13527 13607 13606.
13527 13528 13608 13607.
13528 13529 13609 13608.
13529 13530 13610 13609.
13530 13531 13611 13610.
13531 13532 13612 13611.
13532 13533 13613 13612.
13533 13534 13614 13613.
13534 13535 13615 13614.
13535 13536 13616 13615.
13536 13537 13617 13616.
13537 13538 13618 13617.
13538 13539 13619 13618.
13539 13540 13620 13619.
13540 13541 13621 13620.
13541 13542 13622 13621.
13542 13543 13623 13622.
13543 13544 13624 13623.
13544 13545 13625 13624.
13545 13546 13626 13625.
13546 13547 13627 13626.
13547 13548 13628 13627.
13548 13549 13629 13628.
13549 13550 13630 13629.
13550 13551 13631 13630.
13551 13552 13632 13631.
13552 13553 13633 13632.
13553 13554 13634 13633.
13554 13555 13635 13634.
13555 13556 13636 13635.
13556 13557 13637 13636.
13557 13558 13638 13637.
13558 13559 13639 13638.
13559 13560 13640 13639.
13560 13561 13641 13640.
13561 13562 13642 13641.
13562 13563 13643 13642.
13563 13564 13644 13643.
13564 13565 13645 13644.
13565 13566 13646 13645.
13566 13567 13647 13646.
13567 13568 13648 13647.
13568 13569 13649 13648.
13569 13570 13650 13649.
13570 13571 13651 13650.
13571 13572 13652 13651.
13572 13573 13653 13652.
13573 13574 13654 13653.
13574 13575 13655 13654.
13575 13576 13656 13655.
13576 13577 13657 13656.
13577 13578 13658 13657.
13578 13579 13659 13658.
13579 13580 13660 13659.
13580 13581 13661 13660.
13581 13582 13662 13661.
13582 13583 13663 13662.
13583 13584 13664 13663.
13584 13585 13665 13664.
13585 13586 13666 13665.
13586 13587 13667 13666.
13587 13588 13668 13667.
13588 13589 13669 13668.
13589 13590 13670 13669.
13590 13591 13671 13670.
13591 13592 13672 13671.
13592 13593 13673 13672.
13593 13594 13674 13673.
13594 13595 13675 13674.
13595 13596 13676 13675.
13596 13597 13677 13676.
13597 13598 13678 13677.
13598 13599 13679 13678.
13599 13600 13680 13679.
13600 13521 13601 13680.
13601 13602 13682 13681.
13602 13603 13683 13682.
13603 13604 13684 13683.
13604 13605 13685 13684.
13605 13606 13686 13685.
13606 13607 13687 13686.
13607 13608 13688 13687.
13608 13609 13689 13688.
13609 13610 13690 13689.
13610 13611 13691 13690.
13611 13612 13692 13691.
13612 13613 13693 13692.
13613 13614 13694 13693.
13614 13615 13695 13694.
13615 13616 13696 13695.
13616 13617 13697 13696.
13617 13618 13698 13697.
13618 13619 13699 13698.
13619 13620 13700 13699.
13620 13621 13701 13700.
13621 13622 13702 13701.
13622 13623 13703 13702.
13623 13624 13704 13703.
13624 13625 13705 13704.
13625 13626 13706 13705.
13626 13627 13707 13706.
13627 13628 13708 13707.
13628 13629 13709 13708.
13629 13630 13710 13709.
13630 13631 13711 13710.
13631 13632 13712 13711.
13632 13633 13713 13712.
13633 13634 13714 13713.
13634 13635 13715 13714.
13635 13636 13716 13715.
13636 13637 13717 13716.
13637 13638 13718 13717.
13638 13639 13719 13718.
13639 13640 13720 13719.
13640 13641 13721 13720.
13641 13642 13722 13721.
13642 13643 13723 13722.
13643 13644 13724 13723.
13644 13645 13725 13724.
13645 13646 13726 13725.
13646 13647 13727 13726.
13647 13648 13728 13727.
13648 13649 13729 13728.
13649 13650 13730 13729.
13650 13651 13731 13730.
13651 13652 13732 13731.
13652 13653 13733 13732.
13653 13654 13734 13733.
13654 13655 13735 13734.
13655 13656 13736 13735.
13656 13657 13737 13736.
13657 13658 13738 13737.
13658 13659 13739 13738.
13659 13660 13740 13739.
13660 13661 13741 13740.
13661 13662 13742 13741.
13662 13663 13743 13742.
13663 13664 13744 13743.
13664 13665 13745 13744.
13665 13666 13746 13745.
13666 13667 13747 13746.
13667 13668 13748 13747.
13668 13669 13749 13748.
13669 13670 13750 13749.
13670 13671 13751 13750.
13671 13672 13752 13751.
13672 13673 13753 13752.
13673 13674 13754 13753.
13674 13675 13755 13754.
13675 13676 13756 13755.
13676 13677 13757 13756.
13677 13678 13758 13757.
13678 13679 13759 13758.
13679 13680 13760 13759.
13680 13601 13681 13760.
13681 13682 13762 13761.
13682 13683 13763 13762.
13683 13684 13764 13763.
13684 13685 13765 13764.
13685 13686 13766 13765.
13686 13687 13767 13766.
13687 13688 13768 13767.
13688 13689 13769 13768.
13689 13690 13770 13769.
13690 13691 13771 13770.
13691 13692 13772 13771.
13692 13693 13773 13772.
13693 13694 13774 13773.
13694 13695 13775 13774.
13695 13696 13776 13775.
13696 13697 13777 13776.
13697 13698 13778 13777.
13698 13699 13779 13778.
13699 13700 13780 13779.
13700 13701 13781 13780.
13701 13702 13782 13781.
13702 13703 13783 13782.
13703 13704 13784 13783.
13704 13705 13785 13784.
13705 13706 13786 13785.
13706 13707 13787 13786.
13707 13708 13788 13787.
13708 13709 13789 13788.
13709 13710 13790 13789.
13710 13711 13791 13790.
13711 13712 13792 13791.
13712 13713 13793 13792.
13713 13714 13794 13793.
13714 13715 13795 13794.
13715 13716 13796 13795.
13716 13717 13797 13796.
13717 13718 13798 13797.
13718 13719 13799 13798.
13719 13720 13800 13799.
13720 13721 13801 13800.
13721 13722 13802 13801.
13722 13723 13803 13802.
13723 13724 13804 13803.
13724 13725 13805 13804.
13725 13726 13806 13805.
13726 13727 13807 13806.
13727 13728 13808 13807.
13728 13729 13809 13808.
13729 13730 13810 13809.
13730 13731 13811 13810.
13731 13732 13812 13811.
13732 13733 13813 13812.
13733 13734 13814 13813.
13734 13735 13815 13814.
13735 13736 13816 13815.
13736 13737 13817 13816.
13737 13738 13818 13817.
13738 13739 13819 13818.
13739 13740 13820 13819.
13740 13741 13821 13820.
13741 13742 13822 13821.
13742 13743 13823 13822.
13743 13744 13824 13823.
13744 13745 13825 13824.
13745 13746 13826 13825.
13746 13747 13827 13826.
13747 13748 13828 13827.
13748 13749 13829 13828.
13749 13750 13830 13829.
13750 13751 13831 13830.
13751 13752 13832 13831.
13752 13753 13833 13832.
13753 13754 13834 13833.
13754 13755 13835 13834.
13755 13756 13836 13835.
13756 13757 13837 13836.
13757 13758 13838 13837.
13758 13759 13839 13838.
13759 13760 13840 13839.
13760 13681 13761 13840.
13761 13762 13842 13841.
13762 13763 13843 13842.
13763 13764 13844 13843.
13764 13765 13845 13844.
13765 13766 13846 13845.
13766 13767 13847 13846.
13767 13768 13848 13847.
13768 13769 13849 13848.
13769 13770 13850 13849.
13770 13771 13851 13850.
13771 13772 13852 13851.
13772 13773 13853 13852.
13773 13774 13854 13853.
13774 13775 13855 13854.
13775 13776 13856 13855.
13776 13777 13857 13856.
13777 13778 13858 13857.
13778 13779 13859 13858.
13779 13780 13860 13859.
13780 13781 13861 13860.
13781 13782 13862 13861.
13782 13783 13863 13862.
13783 13784 13864 13863.
13784 13785 13865 13864.
13785 13786 13866 13865.
13786 13787 13867 13866.
13787 13788 13868 13867.
13788 13789 13869 13868.
13789 13790 13870 13869.
13790 13791 13871 13870.
13791 13792 13872 13871.
13792 13793 13873 13872.
13793 13794 13874 13873.
13794 13795 13875 13874.
13795 13796 13876 13875.
13796 13797 13877 13876.
13797 13798 13878 13877.
13798 13799 13879 13878.
13799 13800 13880 13879.
13800 13801 13881 13880.
13801 13802 13882 13881.
13802 13803 13883 13882.
13803 13804 13884 13883.
13804 13805 13885 13884.
13805 13806 13886 13885.
13806 13807 13887 13886.
13807 13808 13888 13887.
13808 13809 13889 13888.
13809 13810 13890 13889.
13810 13811 13891 13890.
13811 13812 13892 13891.
13812 13813 13893 13892.
13813 13814 13894 13893.
13814 13815 13895 13894.
13815 13816 13896 13895.
13816 13817 13897 13896.
13817 13818 13898 13897.
13818 13819 13899 13898.
13819 13820 13900 13899.
13820 13821 13901 13900.
13821 13822 13902 13901.
13822 13823 13903 13902.
13823 13824 13904 13903.
13824 13825 13905 13904.
13825 13826 13906 13905.
13826 13827 13907 13906.
13827 13828 13908 13907.
13828 13829 13909 13908.
13829 13830 13910 13909.
13830 13831 13911 13910.
13831 13832 13912 13911.
13832 13833 13913 13912.
13833 13834 13914 13913.
13834 13835 13915 13914.
13835 13836 13916 13915.
13836 13837 13917 13916.
13837 13838 13918 13917.
13838 13839 13919 13918.
13839 13840 13920 13919.
13840 13761 13841 13920.
13841 13842 13922 13921.
13842 13843 13923 13922.
13843 13844 13924 13923.
13844 13845 13925 13924.
13845 13846 13926 13925.
13846 13847 13927 13926.
13847 13848 13928 13927.
13848 13849 13929 13928.
13849 13850 13930 13929.
13850 13851 13931 13930.
13851 13852 13932 13931.
13852 13853 13933 13932.
13853 13854 13934 13933.
13854 13855 13935 13934.
13855 13856 13936 13935.
13856 13857 13937 13936.
13857 13858 13938 13937.
13858 13859 13939 13938.
13859 13860 13940 13939.
13860 13861 13941 13940.
13861 13862 13942 13941.
13862 13863 13943 13942.
13863 13864 13944 13943.
13864 13865 13945 13944.
13865 13866 13946 13945.
13866 13867 13947 13946.
13867 13868 13948 13947.
13868 13869 13949 13948.
13869 13870 13950 13949.
13870 13871 13951 13950.
13871 13872 13952 13951.
13872 13873 13953 13952.
13873 13874 13954 13953.
13874 13875 13955 13954.
13875 13876 13956 13955.
13876 13877 13957 13956.
13877 13878 13958 13957.
13878 13879 13959 13958.
13879 13880 13960 13959.
13880 13881 13961 13960.
13881 13882 13962 13961.
13882 13883 13963 13962.
13883 13884 13964 13963.
13884 13885 13965 13964.
13885 13886 13966 13965.
13886 13887 13967 13966.
13887 13888 13968 13967.
13888 13889 13969 13968.
13889 13890 13970 13969.
13890 13891 13971 13970.
13891 13892 13972 13971.
13892 13893 13973 13972.
13893 13894 13974 13973.
13894 13895 13975 13974.
13895 13896 13976 13975.
13896 13897 13977 13976.
13897 13898 13978 13977.
13898 13899 13979 13978.
13899 13900 13980 13979.
13900 13901 13981 13980.
13901 13902 13982 13981.
13902 13903 13983 13982.
13903 13904 13984 13983.
13904 13905 13985 13984.
13905 13906 13986 13985.
13906 13907 13987 13986.
13907 13908 13988 13987.
13908 13909 13989 13988.
13909 13910 13990 13989.
13910 13911 13991 13990.
13911 13912 13992 13991.
13912 13913 13993 13992.
13913 13914 13994 13993.
13914 13915 13995 13994.
13915 13916 13996 13995.
13916 13917 13997 13996.
13917 13918 13998 13997.
13918 13919 13999 13998.
13919 13920 14000 13999.
13920 13841 13921 14000.
13921 13922 14002 14001.
13922 13923 14003 14002.
13923 13924 14004 14003.
13924 13925 14005 14004.
13925 13926 14006 14005.
13926 13927 14007 14006.
13927 13928 14008 14007.
13928 13929 14009 14008.
13929 13930 14010 14009.
13930 13931 14011 14010.
13931 13932 14012 14011.
13932 13933 14013 14012.
13933 13934 14014 14013.
13934 13935 14015 14014.
13935 13936 14016 14015.
13936 13937 14017 14016.
13937 13938 14018 14017.
13938 13939 14019 14018.
13939 13940 14020 14019.
13940 13941 14021 14020.
13941 13942 14022 14021.
13942 13943 14023 14022.
13943 13944 14024 14023.
13944 13945 14025 14024.
13945 13946 14026 14025.
13946 13947 14027 14026.
13947 13948 14028 14027.
13948 13949 14029 14028.
13949 13950 14030 14029.
13950 13951 14031 14030.
13951 13952 14032 14031.
13952 13953 14033 14032.
13953 13954 14034 14033.
13954 13955 14035 14034.
13955 13956 14036 14035.
13956 13957 14037 14036.
13957 13958 14038 14037.
13958 13959 14039 14038.
13959 13960 14040 14039.
13960 13961 14041 14040.
13961 13962 14042 14041.
13962 13963 14043 14042.
13963 13964 14044 14043.
13964 13965 14045 14044.
13965 13966 14046 14045.
13966 13967 14047 14046.
13967 13968 14048 14047.
13968 13969 14049 14048.
13969 13970 14050 14049.
13970 13971 14051 14050.
13971 13972 14052 14051.
13972 13973 14053 14052.
13973 13974 14054 14053.
13974 13975 14055 14054.
13975 13976 14056 14055.
13976 13977 14057 14056.
13977 13978 14058 14057.
13978 13979 14059 14058.
13979 13980 14060 14059.
13980 13981 14061 14060.
13981 13982 14062 14061.
13982 13983 14063 14062.
13983 13984 14064 14063.
13984 13985 14065 14064.
13985 13986 14066 14065.
13986 13987 14067 14066.
13987 13988 14068 14067.
13988 13989 14069 14068.
13989 13990 14070 14069.
13990 13991 14071 14070.
13991 13992 14072 14071.
13992 13993 14073 14072.
13993 13994 14074 14073.
13994 13995 14075 14074.
13995 13996 14076 14075.
13996 13997 14077 14076.
13997 13998 14078 14077.
13998 13999 14079 14078.
13999 14000 14080 14079.
14000 13921 14001 14080.
14001 14002 14082 14081.
14002 14003 14083 14082.
14003 14004 14084 14083.
14004 14005 14085 14084.
14005 14006 14086 14085.
14006 14007 14087 14086.
14007 14008 14088 14087.
14008 14009 14089 14088.
14009 14010 14090 14089.
14010 14011 14091 14090.
14011 14012 14092 14091.
14012 14013 14093 14092.
14013 14014 14094 14093.
14014 14015 14095 14094.
14015 14016 14096 14095.
14016 14017 14097 14096.
14017 14018 14098 14097.
14018 14019 14099 14098.
14019 14020 14100 14099.
14020 14021 14101 14100.
14021 14022 14102 14101.
14022 14023 14103 14102.
14023 14024 14104 14103.
14024 14025 14105 14104.
14025 14026 14106 14105.
14026 14027 14107 14106.
14027 14028 14108 14107.
14028 14029 14109 14108.
14029 14030 14110 14109.
14030 14031 14111 14110.
14031 14032 14112 14111.
14032 14033 14113 14112.
14033 14034 14114 14113.
14034 14035 14115 14114.
14035 14036 14116 14115.
14036 14037 14117 14116.
14037 14038 14118 14117.
14038 14039 14119 14118.
14039 14040 14120 14119.
14040 14041 14121 14120.
14041 14042 14122 14121.
14042 14043 14123 14122.
14043 14044 14124 14123.
14044 14045 14125 14124.
14045 14046 14126 14125.
14046 14047 14127 14126.
14047 14048 14128 14127.
14048 14049 14129 14128.
14049 14050 14130 14129.
14050 14051 14131 14130.
14051 14052 14132 14131.
14052 14053 14133 14132.
14053 14054 14134 14133.
14054 14055 14135 14134.
14055 14056 14136 14135.
14056 14057 14137 14136.
14057 14058 14138 14137.
14058 14059 14139 14138.
14059 14060 14140 14139.
14060 14061 14141 14140.
14061 14062 14142 14141.
14062 14063 14143 14142.
14063 14064 14144 14143.
14064 14065 14145 14144.
14065 14066 14146 14145.
14066 14067 14147 14146.
14067 14068 14148 14147.
14068 14069 14149 14148.
14069 14070 14150 14149.
14070 14071 14151 14150.
14071 14072 14152 14151.
14072 14073 14153 14152.
14073 14074 14154 14153.
14074 14075 14155 14154.
14075 14076 14156 14155.
14076 14077 14157 14156.
14077 14078 14158 14157.
14078 14079 14159 14158.
14079 14080 14160 14159.
14080 14001 14081 14160.
14081 14082 14162 14161.
14082 14083 14163 14162.
14083 14084 14164 14163.
14084 14085 14165 14164.
14085 14086 14166 14165.
14086 14087 14167 14166.
14087 14088 14168 14167.
14088 14089 14169 14168.
14089 14090 14170 14169.
14090 14091 14171 14170.
14091 14092 14172 14171.
14092 14093 14173 14172.
14093 14094 14174 14173.
14094 14095 14175 14174.
14095 14096 14176 14175.
14096 14097 14177 14176.
14097 14098 14178 14177.
14098 14099 14179 14178.
14099 14100 14180 14179.
14100 14101 14181 14180.
14101 14102 14182 14181.
14102 14103 14183 14182.
14103 14104 14184 14183.
14104 14105 14185 14184.
14105 14106 14186 14185.
14106 14107 14187 14186.
14107 14108 14188 14187.
14108 14109 14189 14188.
14109 14110 14190 14189.
14110 14111 14191 14190.
14111 14112 14192 14191.
14112 14113 14193 14192.
14113 14114 14194 14193.
14114 14115 14195 14194.
14115 14116 14196 14195.
14116 14117 14197 14196.
14117 14118 14198 14197.
14118 14119 14199 14198.
14119 14120 14200 14199.
14120 14121 14201 14200.
14121 14122 14202 14201.
14122 14123 14203 14202.
14123 14124 14204 14203.
14124 14125 14205 14204.
14125 14126 14206 14205.
14126 14127 14207 14206.
14127 14128 14208 14207.
14128 14129 14209 14208.
14129 14130 14210 14209.
14130 14131 14211 14210.
14131 14132 14212 14211.
14132 14133 14213 14212.
14133 14134 14214 14213.
14134 14135 14215 14214.
14135 14136 14216 14215.
14136 14137 14217 14216.
14137 14138 14218 14217.
14138 14139 14219 14218.
14139 14140 14220 14219.
14140 14141 14221 14220.
14141 14142 14222 14221.
14142 14143 14223 14222.
14143 14144 14224 14223.
14144 14145 14225 14224.
14145 14146 14226 14225.
14146 14147 14227 14226.
14147 14148 14228 14227.
14148 14149 14229 14228.
14149 14150 14230 14229.
14150 14151 14231 14230.
14151 14152 14232 14231.
14152 14153 14233 14232.
14153 14154 14234 14233.
14154 14155 14235 14234.
14155 14156 14236 14235.
14156 14157 14237 14236.
14157 14158 14238 14237.
14158 14159 14239 14238.
14159 14160 14240 14239.
14160 14081 14161 14240.
14161 14162 14242 14241.
14162 14163 14243 14242.
14163 14164 14244 14243.
14164 14165 14245 14244.
14165 14166 14246 14245.
14166 14167 14247 14246.
14167 14168 14248 14247.
14168 14169 14249 14248.
14169 14170 14250 14249.
14170 14171 14251 14250.
14171 14172 14252 14251.
14172 14173 14253 14252.
14173 14174 14254 14253.
14174 14175 14255 14254.
14175 14176 14256 14255.
14176 14177 14257 14256.
14177 14178 14258 14257.
14178 14179 14259 14258.
14179 14180 14260 14259.
14180 14181 14261 14260.
14181 14182 14262 14261.
14182 14183 14263 14262.
14183 14184 14264 14263.
14184 14185 14265 14264.
14185 14186 14266 14265.
14186 14187 14267 14266.
14187 14188 14268 14267.
14188 14189 14269 14268.
14189 14190 14270 14269.
14190 14191 14271 14270.
14191 14192 14272 14271.
14192 14193 14273 14272.
14193 14194 14274 14273.
14194 14195 14275 14274.
14195 14196 14276 14275.
14196 14197 14277 14276.
14197 14198 14278 14277.
14198 14199 14279 14278.
14199 14200 14280 14279.
14200 14201 14281 14280.
14201 14202 14282 14281.
14202 14203 14283 14282.
14203 14204 14284 14283.
14204 14205 14285 14284.
14205 14206 14286 14285.
14206 14207 14287 14286.
14207 14208 14288 14287.
14208 14209 14289 14288.
14209 14210 14290 14289.
14210 14211 14291 14290.
14211 14212 14292 14291.
14212 14213 14293 14292.
14213 14214 14294 14293.
14214 14215 14295 14294.
14215 14216 14296 14295.
14216 14217 14297 14296.
14217 14218 14298 14297.
14218 14219 14299 14298.
14219 14220 14300 14299.
14220 14221 14301 14300.
14221 14222 14302 14301.
14222 14223 14303 14302.
14223 14224 14304 14303.
14224 14225 14305 14304.
14225 14226 14306 14305.
14226 14227 14307 14306.
14227 14228 14308 14307.
14228 14229 14309 14308.
14229 14230 14310 14309.
14230 14231 14311 14310.
14231 14232 14312 14311.
14232 14233 14313 14312.
14233 14234 14314 14313.
14234 14235 14315 14314.
14235 14236 14316 14315.
14236 14237 14317 14316.
14237 14238 14318 14317.
14238 14239 14319 14318.
14239 14240 14320 14319.
14240 14161 14241 14320.
14241 14242 14322 14321.
14242 14243 14323 14322.
14243 14244 14324 14323.
14244 14245 14325 14324.
14245 14246 14326 14325.
14246 14247 14327 14326.
14247 14248 14328 14327.
14248 14249 14329 14328.
14249 14250 14330 14329.
14250 14251 14331 14330.
14251 14252 14332 14331.
14252 14253 14333 14332.
14253 14254 14334 14333.
14254 14255 14335 14334.
14255 14256 14336 14335.
14256 14257 14337 14336.
14257 14258 14338 14337.
14258 14259 14339 14338.
14259 14260 14340 14339.
14260 14261 14341 14340.
14261 14262 14342 14341.
14262 14263 14343 14342.
14263 14264 14344 14343.
14264 14265 14345 14344.
14265 14266 14346 14345.
14266 14267 14347 14346.
14267 14268 14348 14347.
14268 14269 14349 14348.
14269 14270 14350 14349.
14270 14271 14351 14350.
14271 14272 14352 14351.
14272 14273 14353 14352.
14273 14274 14354 14353.
14274 14275 14355 14354.
14275 14276 14356 14355.
14276 14277 14357 14356.
14277 14278 14358 14357.
14278 14279 14359 14358.
14279 14280 14360 14359.
14280 14281 14361 14360.
14281 14282 14362 14361.
14282 14283 14363 14362.
14283 14284 14364 14363.
14284 14285 14365 14364.
14285 14286 14366 14365.
14286 14287 14367 14366.
14287 14288 14368 14367.
14288 14289 14369 14368.
14289 14290 14370 14369.
14290 14291 14371 14370.
14291 14292 14372 14371.
14292 14293 14373 14372.
14293 14294 14374 14373.
14294 14295 14375 14374.
14295 14296 14376 14375.
14296 14297 14377 14376.
14297 14298 14378 14377.
14298 14299 14379 14378.
14299 14300 14380 14379.
14300 14301 14381 14380.
14301 14302 14382 14381.
14302 14303 14383 14382.
14303 14304 14384 14383.
14304 14305 14385 14384.
14305 14306 14386 14385.
14306 14307 14387 14386.
14307 14308 14388 14387.
14308 14309 14389 14388.
14309 14310 14390 14389.
14310 14311 14391 14390.
14311 14312 14392 14391.
14312 14313 14393 14392.
14313 14314 14394 14393.
14314 14315 14395 14394.
14315 14316 14396 14395.
14316 14317 14397 14396.
14317 14318 14398 14397.
14318 14319 14399 14398.
14319 14320 14400 14399.
14320 14241 14321 14400.
14321 14322 14402 14401.
14322 14323 14403 14402.
14323 14324 14404 14403.
14324 14325 14405 14404.
14325 14326 14406 14405.
14326 14327 14407 14406.
14327 14328 14408 14407.
14328 14329 14409 14408.
14329 14330 14410 14409.
14330 14331 14411 14410.
14331 14332 14412 14411.
14332 14333 14413 14412.
14333 14334 14414 14413.
14334 14335 14415 14414.
14335 14336 14416 14415.
14336 14337 14417 14416.
14337 14338 14418 14417.
14338 14339 14419 14418.
14339 14340 14420 14419.
14340 14341 14421 14420.
14341 14342 14422 14421.
14342 14343 14423 14422.
14343 14344 14424 14423.
14344 14345 14425 14424.
14345 14346 14426 14425.
14346 14347 14427 14426.
14347 14348 14428 14427.
14348 14349 14429 14428.
14349 14350 14430 14429.
14350 14351 14431 14430.
14351 14352 14432 14431.
14352 14353 14433 14432.
14353 14354 14434 14433.
14354 14355 14435 14434.
14355 14356 14436 14435.
14356 14357 14437 14436.
14357 14358 14438 14437.
14358 14359 14439 14438.
14359 14360 14440 14439.
14360 14361 14441 14440.
14361 14362 14442 14441.
14362 14363 14443 14442.
14363 14364 14444 14443.
14364 14365 14445 14444.
14365 14366 14446 14445.
14366 14367 14447 14446.
14367 14368 14448 14447.
14368 14369 14449 14448.
14369 14370 14450 14449.
14370 14371 14451 14450.
14371 14372 14452 14451.
14372 14373 14453 14452.
14373 14374 14454 14453.
14374 14375 14455 14454.
14375 14376 14456 14455.
14376 14377 14457 14456.
14377 14378 14458 14457.
14378 14379 14459 14458.
14379 14380 14460 14459.
14380 14381 14461 14460.
14381 14382 14462 14461.
14382 14383 14463 14462.
14383 14384 14464 14463.
14384 14385 14465 14464.
14385 14386 14466 14465.
14386 14387 14467 14466.
14387 14388 14468 14467.
14388 14389 14469 14468.
14389 14390 14470 14469.
14390 14391 14471 14470.
14391 14392 14472 14471.
14392 14393 14473 14472.
14393 14394 14474 14473.
14394 14395 14475 14474.
14395 14396 14476 14475.
14396 14397 14477 14476.
14397 14398 14478 14477.
14398 14399 14479 14478.
14399 14400 14480 14479.
14400 14321 14401 14480.
14401 14402 14482 14481.
14402 14403 14483 14482.
14403 14404 14484 14483.
14404 14405 14485 14484.
14405 14406 14486 14485.
14406 14407 14487 14486.
14407 14408 14488 14487.
14408 14409 14489 14488.
14409 14410 14490 14489.
14410 14411 14491 14490.
14411 14412 14492 14491.
14412 14413 14493 14492.
14413 14414 14494 14493.
14414 14415 14495 14494.
14415 14416 14496 14495.
14416 14417 14497 14496.
14417 14418 14498 14497.
14418 14419 14499 14498.
14419 14420 14500 14499.
14420 14421 14501 14500.
14421 14422 14502 14501.
14422 14423 14503 14502.
14423 14424 14504 14503.
14424 14425 14505 14504.
14425 14426 14506 14505.
14426 14427 14507 14506.
14427 14428 14508 14507.
14428 14429 14509 14508.
14429 14430 14510 14509.
14430 14431 14511 14510.
14431 14432 14512 14511.
14432 14433 14513 14512.
14433 14434 14514 14513.
14434 14435 14515 14514.
14435 14436 14516 14515.
14436 14437 14517 14516.
14437 14438 14518 14517.
14438 14439 14519 14518.
14439 14440 14520 14519.
14440 14441 14521 14520.
14441 14442 14522 14521.
14442 14443 14523 14522.
14443 14444 14524 14523.
14444 14445 14525 14524.
14445 14446 14526 14525.
14446 14447 14527 14526.
14447 14448 14528 14527.
14448 14449 14529 14528.
14449 14450 14530 14529.
14450 14451 14531 14530.
14451 14452 14532 14531.
14452 14453 14533 14532.
14453 14454 14534 14533.
14454 14455 14535 14534.
14455 14456 14536 14535.
14456 14457 14537 14536.
14457 14458 14538 14537.
14458 14459 14539 14538.
14459 14460 14540 14539.
14460 14461 14541 14540.
14461 14462 14542 14541.
14462 14463 14543 14542.
14463 14464 14544 14543.
14464 14465 14545 14544.
14465 14466 14546 14545.
14466 14467 14547 14546.
14467 14468 14548 14547.
14468 14469 14549 14548.
14469 14470 14550 14549.
14470 14471 14551 14550.
14471 14472 14552 14551.
14472 14473 14553 14552.
14473 14474 14554 14553.
14474 14475 14555 14554.
14475 14476 14556 14555.
14476 14477 14557 14556.
14477 14478 14558 14557.
14478 14479 14559 14558.
14479 14480 14560 14559.
14480 14401 14481 14560.
14481 14482 14562 14561.
14482 14483 14563 14562.
14483 14484 14564 14563.
14484 14485 14565 14564.
14485 14486 14566 14565.
14486 14487 14567 14566.
14487 14488 14568 14567.
14488 14489 14569 14568.
14489 14490 14570 14569.
14490 14491 14571 14570.
14491 14492 14572 14571.
14492 14493 14573 14572.
14493 14494 14574 14573.
14494 14495 14575 14574.
14495 14496 14576 14575.
14496 14497 14577 14576.
14497 14498 14578 14577.
14498 14499 14579 14578.
14499 14500 14580 14579.
14500 14501 14581 14580.
14501 14502 14582 14581.
14502 14503 14583 14582.
14503 14504 14584 14583.
14504 14505 14585 14584.
14505 14506 14586 14585.
14506 14507 14587 14586.
14507 14508 14588 14587.
14508 14509 14589 14588.
14509 14510 14590 14589.
14510 14511 14591 14590.
14511 14512 14592 14591.
14512 14513 14593 14592.
14513 14514 14594 14593.
14514 14515 14595 14594.
14515 14516 14596 14595.
14516 14517 14597 14596.
14517 14518 14598 14597.
14518 14519 14599 14598.
14519 14520 14600 14599.
14520 14521 14601 14600.
14521 14522 14602 14601.
14522 14523 14603 14602.
14523 14524 14604 14603.
14524 14525 14605 14604.
14525 14526 14606 14605.
14526 14527 14607 14606.
14527 14528 14608 14607.
14528 14529 14609 14608.
14529 14530 14610 14609.
14530 14531 14611 14610.
14531 14532 14612 14611.
14532 14533 14613 14612.
14533 14534 14614 14613.
14534 14535 14615 14614.
14535 14536 14616 14615.
14536 14537 14617 14616.
14537 14538 14618 14617.
14538 14539 14619 14618.
14539 14540 14620 14619.
14540 14541 14621 14620.
14541 14542 14622 14621.
14542 14543 14623 14622.
14543 14544 14624 14623.
14544 14545 14625 14624.
14545 14546 14626 14625.
14546 14547 14627 14626.
14547 14548 14628 14627.
14548 14549 14629 14628.
14549 14550 14630 14629.
14550 14551 14631 14630.
14551 14552 14632 14631.
14552 14553 14633 14632.
14553 14554 14634 14633.
14554 14555 14635 14634.
14555 14556 14636 14635.
14556 14557 14637 14636.
14557 14558 14638 14637.
14558 14559 14639 14638.
14559 14560 14640 14639.
14560 14481 14561 14640.
14561 14562 14642 14641.
14562 14563 14643 14642.
14563 14564 14644 14643.
14564 14565 14645 14644.
14565 14566 14646 14645.
14566 14567 14647 14646.
14567 14568 14648 14647.
14568 14569 14649 14648.
14569 14570 14650 14649.
14570 14571 14651 14650.
14571 14572 14652 14651.
14572 14573 14653 14652.
14573 14574 14654 14653.
14574 14575 14655 14654.
14575 14576 14656 14655.
14576 14577 14657 14656.
14577 14578 14658 14657.
14578 14579 14659 14658.
14579 14580 14660 14659.
14580 14581 14661 14660.
14581 14582 14662 14661.
14582 14583 14663 14662.
14583 14584 14664 14663.
14584 14585 14665 14664.
14585 14586 14666 14665.
14586 14587 14667 14666.
14587 14588 14668 14667.
14588 14589 14669 14668.
14589 14590 14670 14669.
14590 14591 14671 14670.
14591 14592 14672 14671.
14592 14593 14673 14672.
14593 14594 14674 14673.
14594 14595 14675 14674.
14595 14596 14676 14675.
14596 14597 14677 14676.
14597 14598 14678 14677.
14598 14599 14679 14678.
14599 14600 14680 14679.
14600 14601 14681 14680.
14601 14602 14682 14681.
14602 14603 14683 14682.
14603 14604 14684 14683.
14604 14605 14685 14684.
14605 14606 14686 14685.
14606 14607 14687 14686.
14607 14608 14688 14687.
14608 14609 14689 14688.
14609 14610 14690 14689.
14610 14611 14691 14690.
14611 14612 14692 14691.
14612 14613 14693 14692.
14613 14614 14694 14693.
14614 14615 14695 14694.
14615 14616 14696 14695.
14616 14617 14697 14696.
14617 14618 14698 14697.
14618 14619 14699 14698.
14619 14620 14700 14699.
14620 14621 14701 14700.
14621 14622 14702 14701.
14622 14623 14703 14702.
14623 14624 14704 14703.
14624 14625 14705 14704.
14625 14626 14706 14705.
14626 14627 14707 14706.
14627 14628 14708 14707.
14628 14629 14709 14708.
14629 14630 14710 14709.
14630 14631 14711 14710.
14631 14632 14712 14711.
14632 14633 14713 14712.
14633 14634 14714 14713.
14634 14635 14715 14714.
14635 14636 14716 14715.
14636 14637 14717 14716.
14637 14638 14718 14717.
14638 14639 14719 14718.
14639 14640 14720 14719.
14640 14561 14641 14720.
14641 14642 14722 14721.
14642 14643 14723 14722.
14643 14644 14724 14723.
14644 14645 14725 14724.
14645 14646 14726 14725.
14646 14647 14727 14726.
14647 14648 14728 14727.
14648 14649 14729 14728.
14649 14650 14730 14729.
14650 14651 14731 14730.
14651 14652 14732 14731.
14652 14653 14733 14732.
14653 14654 14734 14733.
14654 14655 14735 14734.
14655 14656 14736 14735.
14656 14657 14737 14736.
14657 14658 14738 14737.
14658 14659 14739 14738.
14659 14660 14740 14739.
14660 14661 14741 14740.
14661 14662 14742 14741.
14662 14663 14743 14742.
14663 14664 14744 14743.
14664 14665 14745 14744.
14665 14666 14746 14745.
14666 14667 14747 14746.
14667 14668 14748 14747.
14668 14669 14749 14748.
14669 14670 14750 14749.
14670 14671 14751 14750.
14671 14672 14752 14751.
14672 14673 14753 14752.
14673 14674 14754 14753.
14674 14675 14755 14754.
14675 14676 14756 14755.
14676 14677 14757 14756.
14677 14678 14758 14757.
14678 14679 14759 14758.
14679 14680 14760 14759.
14680 14681 14761 14760.
14681 14682 14762 14761.
14682 14683 14763 14762.
14683 14684 14764 14763.
14684 14685 14765 14764.
14685 14686 14766 14765.
14686 14687 14767 14766.
14687 14688 14768 14767.
14688 14689 14769 14768.
14689 14690 14770 14769.
14690 14691 14771 14770.
14691 14692 14772 14771.
14692 14693 14773 14772.
14693 14694 14774 14773.
14694 14695 14775 14774.
14695 14696 14776 14775.
14696 14697 14777 14776.
14697 14698 14778 14777.
14698 14699 14779 14778.
14699 14700 14780 14779.
14700 14701 14781 14780.
14701 14702 14782 14781.
14702 14703 14783 14782.
14703 14704 14784 14783.
14704 14705 14785 14784.
14705 14706 14786 14785.
14706 14707 14787 14786.
14707 14708 14788 14787.
14708 14709 14789 14788.
14709 14710 14790 14789.
14710 14711 14791 14790.
14711 14712 14792 14791.
14712 14713 14793 14792.
14713 14714 14794 14793.
14714 14715 14795 14794.
14715 14716 14796 14795.
14716 14717 14797 14796.
14717 14718 14798 14797.
14718 14719 14799 14798.
14719 14720 14800 14799.
14720 14641 14721 14800.
14721 14722 14802 14801.
14722 14723 14803 14802.
14723 14724 14804 14803.
14724 14725 14805 14804.
14725 14726 14806 14805.
14726 14727 14807 14806.
14727 14728 14808 14807.
14728 14729 14809 14808.
14729 14730 14810 14809.
14730 14731 14811 14810.
14731 14732 14812 14811.
14732 14733 14813 14812.
14733 14734 14814 14813.
14734 14735 14815 14814.
14735 14736 14816 14815.
14736 14737 14817 14816.
14737 14738 14818 14817.
14738 14739 14819 14818.
14739 14740 14820 14819.
14740 14741 14821 14820.
14741 14742 14822 14821.
14742 14743 14823 14822.
14743 14744 14824 14823.
14744 14745 14825 14824.
14745 14746 14826 14825.
14746 14747 14827 14826.
14747 14748 14828 14827.
14748 14749 14829 14828.
14749 14750 14830 14829.
14750 14751 14831 14830.
14751 14752 14832 14831.
14752 14753 14833 14832.
14753 14754 14834 14833.
14754 14755 14835 14834.
14755 14756 14836 14835.
14756 14757 14837 14836.
14757 14758 14838 14837.
14758 14759 14839 14838.
14759 14760 14840 14839.
14760 14761 14841 14840.
14761 14762 14842 14841.
14762 14763 14843 14842.
14763 14764 14844 14843.
14764 14765 14845 14844.
14765 14766 14846 14845.
14766 14767 14847 14846.
14767 14768 14848 14847.
14768 14769 14849 14848.
14769 14770 14850 14849.
14770 14771 14851 14850.
14771 14772 14852 14851.
14772 14773 14853 14852.
14773 14774 14854 14853.
14774 14775 14855 14854.
14775 14776 14856 14855.
14776 14777 14857 14856.
14777 14778 14858 14857.
14778 14779 14859 14858.
14779 14780 14860 14859.
14780 14781 14861 14860.
14781 14782 14862 14861.
14782 14783 14863 14862.
14783 14784 14864 14863.
14784 14785 14865 14864.
14785 14786 14866 14865.
14786 14787 14867 14866.
14787 14788 14868 14867.
14788 14789 14869 14868.
14789 14790 14870 14869.
14790 14791 14871 14870.
14791 14792 14872 14871.
14792 14793 14873 14872.
14793 14794 14874 14873.
14794 14795 14875 14874.
14795 14796 14876 14875.
14796 14797 14877 14876.
14797 14798 14878 14877.
14798 14799 14879 14878.
14799 14800 14880 14879.
14800 14721 14801 14880.
14801 14802 14882 14881.
14802 14803 14883 14882.
14803 14804 14884 14883.
14804 14805 14885 14884.
14805 14806 14886 14885.
14806 14807 14887 14886.
14807 14808 14888 14887.
14808 14809 14889 14888.
14809 14810 14890 14889.
14810 14811 14891 14890.
14811 14812 14892 14891.
14812 14813 14893 14892.
14813 14814 14894 14893.
14814 14815 14895 14894.
14815 14816 14896 14895.
14816 14817 14897 14896.
14817 14818 14898 14897.
14818 14819 14899 14898.
14819 14820 14900 14899.
14820 14821 14901 14900.
14821 14822 14902 14901.
14822 14823 14903 14902.
14823 14824 14904 14903.
14824 14825 14905 14904.
14825 14826 14906 14905.
14826 14827 14907 14906.
14827 14828 14908 14907.
14828 14829 14909 14908.
14829 14830 14910 14909.
14830 14831 14911 14910.
14831 14832 14912 14911.
14832 14833 14913 14912.
14833 14834 14914 14913.
14834 14835 14915 14914.
14835 14836 14916 14915.
14836 14837 14917 14916.
14837 14838 14918 14917.
14838 14839 14919 14918.
14839 14840 14920 14919.
14840 14841 14921 14920.
14841 14842 14922 14921.
14842 14843 14923 14922.
14843 14844 14924 14923.
14844 14845 14925 14924.
14845 14846 14926 14925.
14846 14847 14927 14926.
14847 14848 14928 14927.
14848 14849 14929 14928.
14849 14850 14930 14929.
14850 14851 14931 14930.
14851 14852 14932 14931.
14852 14853 14933 14932.
14853 14854 14934 14933.
14854 14855 14935 14934.
14855 14856 14936 14935.
14856 14857 14937 14936.
14857 14858 14938 14937.
14858 14859 14939 14938.
14859 14860 14940 14939.
14860 14861 14941 14940.
14861 14862 14942 14941.
14862 14863 14943 14942.
14863 14864 14944 14943.
14864 14865 14945 14944.
14865 14866 14946 14945.
14866 14867 14947 14946.
14867 14868 14948 14947.
14868 14869 14949 14948.
14869 14870 14950 14949.
14870 14871 14951 14950.
14871 14872 14952 14951.
14872 14873 14953 14952.
14873 14874 14954 14953.
14874 14875 14955 14954.
14875 14876 14956 14955.
14876 14877 14957 14956.
14877 14878 14958 14957.
14878 14879 14959 14958.
14879 14880 14960 14959.
14880 14801 14881 14960.
14881 14882 14962 14961.
14882 14883 14963 14962.
14883 14884 14964 14963.
14884 14885 14965 14964.
14885 14886 14966 14965.
14886 14887 14967 14966.
14887 14888 14968 14967.
14888 14889 14969 14968.
14889 14890 14970 14969.
14890 14891 14971 14970.
14891 14892 14972 14971.
14892 14893 14973 14972.
14893 14894 14974 14973.
14894 14895 14975 14974.
14895 14896 14976 14975.
14896 14897 14977 14976.
14897 14898 14978 14977.
14898 14899 14979 14978.
14899 14900 14980 14979.
14900 14901 14981 14980.
14901 14902 14982 14981.
14902 14903 14983 14982.
14903 14904 14984 14983.
14904 14905 14985 14984.
14905 14906 14986 14985.
14906 14907 14987 14986.
14907 14908 14988 14987.
14908 14909 14989 14988.
14909 14910 14990 14989.
14910 14911 14991 14990.
14911 14912 14992 14991.
14912 14913 14993 14992.
14913 14914 14994 14993.
14914 14915 14995 14994.
14915 14916 14996 14995.
14916 14917 14997 14996.
14917 14918 14998 14997.
14918 14919 14999 14998.
14919 14920 15000 14999.
14920 14921 15001 15000.
14921 14922 15002 15001.
14922 14923 15003 15002.
14923 14924 15004 15003.
14924 14925 15005 15004.
14925 14926 15006 15005.
14926 14927 15007 15006.
14927 14928 15008 15007.
14928 14929 15009 15008.
14929 14930 15010 15009.
14930 14931 15011 15010.
14931 14932 15012 15011.
14932 14933 15013 15012.
14933 14934 15014 15013.
14934 14935 15015 15014.
14935 14936 15016 15015.
14936 14937 15017 15016.
14937 14938 15018 15017.
14938 14939 15019 15018.
14939 14940 15020 15019.
14940 14941 15021 15020.
14941 14942 15022 15021.
14942 14943 15023 15022.
14943 14944 15024 15023.
14944 14945 15025 15024.
14945 14946 15026 15025.
14946 14947 15027 15026.
14947 14948 15028 15027.
14948 14949 15029 15028.
14949 14950 15030 15029.
14950 14951 15031 15030.
14951 14952 15032 15031.
14952 14953 15033 15032.
14953 14954 15034 15033.
14954 14955 15035 15034.
14955 14956 15036 15035.
14956 14957 15037 15036.
14957 14958 15038 15037.
14958 14959 15039 15038.
14959 14960 15040 15039.
14960 14881 14961 15040.
14961 14962 15042 15041.
14962 14963 15043 15042.
14963 14964 15044 15043.
14964 14965 15045 15044.
14965 14966 15046 15045.
14966 14967 15047 15046.
14967 14968 15048 15047.
14968 14969 15049 15048.
14969 14970 15050 15049.
14970 14971 15051 15050.
14971 14972 15052 15051.
14972 14973 15053 15052.
14973 14974 15054 15053.
14974 14975 15055 15054.
14975 14976 15056 15055.
14976 14977 15057 15056.
14977 14978 15058 15057.
14978 14979 15059 15058.
14979 14980 15060 15059.
14980 14981 15061 15060.
14981 14982 15062 15061.
14982 14983 15063 15062.
14983 14984 15064 15063.
14984 14985 15065 15064.
14985 14986 15066 15065.
14986 14987 15067 15066.
14987 14988 15068 15067.
14988 14989 15069 15068.
14989 14990 15070 15069.
14990 14991 15071 15070.
14991 14992 15072 15071.
14992 14993 15073 15072.
14993 14994 15074 15073.
14994 14995 15075 15074.
14995 14996 15076 15075.
14996 14997 15077 15076.
14997 14998 15078 15077.
14998 14999 15079 15078.
14999 15000 15080 15079.
15000 15001 15081 15080.
15001 15002 15082 15081.
15002 15003 15083 15082.
15003 15004 15084 15083.
15004 15005 15085 15084.
15005 15006 15086 15085.
15006 15007 15087 15086.
15007 15008 15088 15087.
15008 15009 15089 15088.
15009 15010 15090 15089.
15010 15011 15091 15090.
15011 15012 15092 15091.
15012 15013 15093 15092.
15013 15014 15094 15093.
15014 15015 15095 15094.
15015 15016 15096 15095.
15016 15017 15097 15096.
15017 15018 15098 15097.
15018 15019 15099 15098.
15019 15020 15100 15099.
15020 15021 15101 15100.
15021 15022 15102 15101.
15022 15023 15103 15102.
15023 15024 15104 15103.
15024 15025 15105 15104.
15025 15026 15106 15105.
15026 15027 15107 15106.
15027 15028 15108 15107.
15028 15029 15109 15108.
15029 15030 15110 15109.
15030 15031 15111 15110.
15031 15032 15112 15111.
15032 15033 15113 15112.
15033 15034 15114 15113.
15034 15035 15115 15114.
15035 15036 15116 15115.
15036 15037 15117 15116.
15037 15038 15118 15117.
15038 15039 15119 15118.
15039 15040 15120 15119.
15040 14961 15041 15120.
15041 15042 15122 15121.
15042 15043 15123 15122.
15043 15044 15124 15123.
15044 15045 15125 15124.
15045 15046 15126 15125.
15046 15047 15127 15126.
15047 15048 15128 15127.
15048 15049 15129 15128.
15049 15050 15130 15129.
15050 15051 15131 15130.
15051 15052 15132 15131.
15052 15053 15133 15132.
15053 15054 15134 15133.
15054 15055 15135 15134.
15055 15056 15136 15135.
15056 15057 15137 15136.
15057 15058 15138 15137.
15058 15059 15139 15138.
15059 15060 15140 15139.
15060 15061 15141 15140.
15061 15062 15142 15141.
15062 15063 15143 15142.
15063 15064 15144 15143.
15064 15065 15145 15144.
15065 15066 15146 15145.
15066 15067 15147 15146.
15067 15068 15148 15147.
15068 15069 15149 15148.
15069 15070 15150 15149.
15070 15071 15151 15150.
15071 15072 15152 15151.
15072 15073 15153 15152.
15073 15074 15154 15153.
15074 15075 15155 15154.
15075 15076 15156 15155.
15076 15077 15157 15156.
15077 15078 15158 15157.
15078 15079 15159 15158.
15079 15080 15160 15159.
15080 15081 15161 15160.
15081 15082 15162 15161.
15082 15083 15163 15162.
15083 15084 15164 15163.
15084 15085 15165 15164.
15085 15086 15166 15165.
15086 15087 15167 15166.
15087 15088 15168 15167.
15088 15089 15169 15168.
15089 15090 15170 15169.
15090 15091 15171 15170.
15091 15092 15172 15171.
15092 15093 15173 15172.
15093 15094 15174 15173.
15094 15095 15175 15174.
15095 15096 15176 15175.
15096 15097 15177 15176.
15097 15098 15178 15177.
15098 15099 15179 15178.
15099 15100 15180 15179.
15100 15101 15181 15180.
15101 15102 15182 15181.
15102 15103 15183 15182.
15103 15104 15184 15183.
15104 15105 15185 15184.
15105 15106 15186 15185.
15106 15107 15187 15186.
15107 15108 15188 15187.
15108 15109 15189 15188.
15109 15110 15190 15189.
15110 15111 15191 15190.
15111 15112 15192 15191.
15112 15113 15193 15192.
15113 15114 15194 15193.
15114 15115 15195 15194.
15115 15116 15196 15195.
15116 15117 15197 15196.
15117 15118 15198 15197.
15118 15119 15199 15198.
15119 15120 15200 15199.
15120 15041 15121 15200.
15121 15122 15202 15201.
15122 15123 15203 15202.
15123 15124 15204 15203.
15124 15125 15205 15204.
15125 15126 15206 15205.
15126 15127 15207 15206.
15127 15128 15208 15207.
15128 15129 15209 15208.
15129 15130 15210 15209.
15130 15131 15211 15210.
15131 15132 15212 15211.
15132 15133 15213 15212.
15133 15134 15214 15213.
15134 15135 15215 15214.
15135 15136 15216 15215.
15136 15137 15217 15216.
15137 15138 15218 15217.
15138 15139 15219 15218.
15139 15140 15220 15219.
15140 15141 15221 15220.
15141 15142 15222 15221.
15142 15143 15223 15222.
15143 15144 15224 15223.
15144 15145 15225 15224.
15145 15146 15226 15225.
15146 15147 15227 15226.
15147 15148 15228 15227.
15148 15149 15229 15228.
15149 15150 15230 15229.
15150 15151 15231 15230.
15151 15152 15232 15231.
15152 15153 15233 15232.
15153 15154 15234 15233.
15154 15155 15235 15234.
15155 15156 15236 15235.
15156 15157 15237 15236.
15157 15158 15238 15237.
15158 15159 15239 15238.
15159 15160 15240 15239.
15160 15161 15241 15240.
15161 15162 15242 15241.
15162 15163 15243 15242.
15163 15164 15244 15243.
15164 15165 15245 15244.
15165 15166 15246 15245.
15166 15167 15247 15246.
15167 15168 15248 15247.
15168 15169 15249 15248.
15169 15170 15250 15249.
15170 15171 15251 15250.
15171 15172 15252 15251.
15172 15173 15253 15252.
15173 15174 15254 15253.
15174 15175 15255 15254.
15175 15176 15256 15255.
15176 15177 15257 15256.
15177 15178 15258 15257.
15178 15179 15259 15258.
15179 15180 15260 15259.
15180 15181 15261 15260.
15181 15182 15262 15261.
15182 15183 15263 15262.
15183 15184 15264 15263.
15184 15185 15265 15264.
15185 15186 15266 15265.
15186 15187 15267 15266.
15187 15188 15268 15267.
15188 15189 15269 15268.
15189 15190 15270 15269.
15190 15191 15271 15270.
15191 15192 15272 15271.
15192 15193 15273 15272.
15193 15194 15274 15273.
15194 15195 15275 15274.
15195 15196 15276 15275.
15196 15197 15277 15276.
15197 15198 15278 15277.
15198 15199 15279 15278.
15199 15200 15280 15279.
15200 15121 15201 15280.
15201 15202 15282 15281.
15202 15203 15283 15282.
15203 15204 15284 15283.
15204 15205 15285 15284.
15205 15206 15286 15285.
15206 15207 15287 15286.
15207 15208 15288 15287.
15208 15209 15289 15288.
15209 15210 15290 15289.
15210 15211 15291 15290.
15211 15212 15292 15291.
15212 15213 15293 15292.
15213 15214 15294 15293.
15214 15215 15295 15294.
15215 15216 15296 15295.
15216 15217 15297 15296.
15217 15218 15298 15297.
15218 15219 15299 15298.
15219 15220 15300 15299.
15220 15221 15301 15300.
15221 15222 15302 15301.
15222 15223 15303 15302.
15223 15224 15304 15303.
15224 15225 15305 15304.
15225 15226 15306 15305.
15226 15227 15307 15306.
15227 15228 15308 15307.
15228 15229 15309 15308.
15229 15230 15310 15309.
15230 15231 15311 15310.
15231 15232 15312 15311.
15232 15233 15313 15312.
15233 15234 15314 15313.
15234 15235 15315 15314.
15235 15236 15316 15315.
15236 15237 15317 15316.
15237 15238 15318 15317.
15238 15239 15319 15318.
15239 15240 15320 15319.
15240 15241 15321 15320.
15241 15242 15322 15321.
15242 15243 15323 15322.
15243 15244 15324 15323.
15244 15245 15325 15324.
15245 15246 15326 15325.
15246 15247 15327 15326.
15247 15248 15328 15327.
15248 15249 15329 15328.
15249 15250 15330 15329.
15250 15251 15331 15330.
15251 15252 15332 15331.
15252 15253 15333 15332.
15253 15254 15334 15333.
15254 15255 15335 15334.
15255 15256 15336 15335.
15256 15257 15337 15336.
15257 15258 15338 15337.
15258 15259 15339 15338.
15259 15260 15340 15339.
15260 15261 15341 15340.
15261 15262 15342 15341.
15262 15263 15343 15342.
15263 15264 15344 15343.
15264 15265 15345 15344.
15265 15266 15346 15345.
15266 15267 15347 15346.
15267 15268 15348 15347.
15268 15269 15349 15348.
15269 15270 15350 15349.
15270 15271 15351 15350.
15271 15272 15352 15351.
15272 15273 15353 15352.
15273 15274 15354 15353.
15274 15275 15355 15354.
15275 15276 15356 15355.
15276 15277 15357 15356.
15277 15278 15358 15357.
15278 15279 15359 15358.
15279 15280 15360 15359.
15280 15201 15281 15360.
15281 15282 15362 15361.
15282 15283 15363 15362.
15283 15284 15364 15363.
15284 15285 15365 15364.
15285 15286 15366 15365.
15286 15287 15367 15366.
15287 15288 15368 15367.
15288 15289 15369 15368.
15289 15290 15370 15369.
15290 15291 15371 15370.
15291 15292 15372 15371.
15292 15293 15373 15372.
15293 15294 15374 15373.
15294 15295 15375 15374.
15295 15296 15376 15375.
15296 15297 15377 15376.
15297 15298 15378 15377.
15298 15299 15379 15378.
15299 15300 15380 15379.
15300 15301 15381 15380.
15301 15302 15382 15381.
15302 15303 15383 15382.
15303 15304 15384 15383.
15304 15305 15385 15384.
15305 15306 15386 15385.
15306 15307 15387 15386.
15307 15308 15388 15387.
15308 15309 15389 15388.
15309 15310 15390 15389.
15310 15311 15391 15390.
15311 15312 15392 15391.
15312 15313 15393 15392.
15313 15314 15394 15393.
15314 15315 15395 15394.
15315 15316 15396 15395.
15316 15317 15397 15396.
15317 15318 15398 15397.
15318 15319 15399 15398.
15319 15320 15400 15399.
15320 15321 15401 15400.
15321 15322 15402 15401.
15322 15323 15403 15402.
15323 15324 15404 15403.
15324 15325 15405 15404.
15325 15326 15406 15405.
15326 15327 15407 15406.
15327 15328 15408 15407.
15328 15329 15409 15408.
15329 15330 15410 15409.
15330 15331 15411 15410.
15331 15332 15412 15411.
15332 15333 15413 15412.
15333 15334 15414 15413.
15334 15335 15415 15414.
15335 15336 15416 15415.
15336 15337 15417 15416.
15337 15338 15418 15417.
15338 15339 15419 15418.
15339 15340 15420 15419.
15340 15341 15421 15420.
15341 15342 15422 15421.
15342 15343 15423 15422.
15343 15344 15424 15423.
15344 15345 15425 15424.
15345 15346 15426 15425.
15346 15347 15427 15426.
15347 15348 15428 15427.
15348 15349 15429 15428.
15349 15350 15430 15429.
15350 15351 15431 15430.
15351 15352 15432 15431.
15352 15353 15433 15432.
15353 15354 15434 15433.
15354 15355 15435 15434.
15355 15356 15436 15435.
15356 15357 15437 15436.
15357 15358 15438 15437.
15358 15359 15439 15438.
15359 15360 15440 15439.
15360 15281 15361 15440.
15361 15362 15442 15441.
15362 15363 15443 15442.
15363 15364 15444 15443.
15364 15365 15445 15444.
15365 15366 15446 15445.
15366 15367 15447 15446.
15367 15368 15448 15447.
15368 15369 15449 15448.
15369 15370 15450 15449.
15370 15371 15451 15450.
15371 15372 15452 15451.
15372 15373 15453 15452.
15373 15374 15454 15453.
15374 15375 15455 15454.
15375 15376 15456 15455.
15376 15377 15457 15456.
15377 15378 15458 15457.
15378 15379 15459 15458.
15379 15380 15460 15459.
15380 15381 15461 15460.
15381 15382 15462 15461.
15382 15383 15463 15462.
15383 15384 15464 15463.
15384 15385 15465 15464.
15385 15386 15466 15465.
15386 15387 15467 15466.
15387 15388 15468 15467.
15388 15389 15469 15468.
15389 15390 15470 15469.
15390 15391 15471 15470.
15391 15392 15472 15471.
15392 15393 15473 15472.
15393 15394 15474 15473.
15394 15395 15475 15474.
15395 15396 15476 15475.
15396 15397 15477 15476.
15397 15398 15478 15477.
15398 15399 15479 15478.
15399 15400 15480 15479.
15400 15401 15481 15480.
15401 15402 15482 15481.
15402 15403 15483 15482.
15403 15404 15484 15483.
15404 15405 15485 15484.
15405 15406 15486 15485.
15406 15407 15487 15486.
15407 15408 15488 15487.
15408 15409 15489 15488.
15409 15410 15490 15489.
15410 15411 15491 15490.
15411 15412 15492 15491.
15412 15413 15493 15492.
15413 15414 15494 15493.
15414 15415 15495 15494.
15415 15416 15496 15495.
15416 15417 15497 15496.
15417 15418 15498 15497.
15418 15419 15499 15498.
15419 15420 15500 15499.
15420 15421 15501 15500.
15421 15422 15502 15501.
15422 15423 15503 15502.
15423 15424 15504 15503.
15424 15425 15505 15504.
15425 15426 15506 15505.
15426 15427 15507 15506.
15427 15428 15508 15507.
15428 15429 15509 15508.
15429 15430 15510 15509.
15430 15431 15511 15510.
15431 15432 15512 15511.
15432 15433 15513 15512.
15433 15434 15514 15513.
15434 15435 15515 15514.
15435 15436 15516 15515.
15436 15437 15517 15516.
15437 15438 15518 15517.
15438 15439 15519 15518.
15439 15440 15520 15519.
15440 15361 15441 15520.
15441 15442 15522 15521.
15442 15443 15523 15522.
15443 15444 15524 15523.
15444 15445 15525 15524.
15445 15446 15526 15525.
15446 15447 15527 15526.
15447 15448 15528 15527.
15448 15449 15529 15528.
15449 15450 15530 15529.
15450 15451 15531 15530.
15451 15452 15532 15531.
15452 15453 15533 15532.
15453 15454 15534 15533.
15454 15455 15535 15534.
15455 15456 15536 15535.
15456 15457 15537 15536.
15457 15458 15538 15537.
15458 15459 15539 15538.
15459 15460 15540 15539.
15460 15461 15541 15540.
15461 15462 15542 15541.
15462 15463 15543 15542.
15463 15464 15544 15543.
15464 15465 15545 15544.
15465 15466 15546 15545.
15466 15467 15547 15546.
15467 15468 15548 15547.
15468 15469 15549 15548.
15469 15470 15550 15549.
15470 15471 15551 15550.
15471 15472 15552 15551.
15472 15473 15553 15552.
15473 15474 15554 15553.
15474 15475 15555 15554.
15475 15476 15556 15555.
15476 15477 15557 15556.
15477 15478 15558 15557.
15478 15479 15559 15558.
15479 15480 15560 15559.
15480 15481 15561 15560.
15481 15482 15562 15561.
15482 15483 15563 15562.
15483 15484 15564 15563.
15484 15485 15565 15564.
15485 15486 15566 15565.
15486 15487 15567 15566.
15487 15488 15568 15567.
15488 15489 15569 15568.
15489 15490 15570 15569.
15490 15491 15571 15570.
15491 15492 15572 15571.
15492 15493 15573 15572.
15493 15494 15574 15573.
15494 15495 15575 15574.
15495 15496 15576 15575.
15496 15497 15577 15576.
15497 15498 15578 15577.
15498 15499 15579 15578.
15499 15500 15580 15579.
15500 15501 15581 15580.
15501 15502 15582 15581.
15502 15503 15583 15582.
15503 15504 15584 15583.
15504 15505 15585 15584.
15505 15506 15586 15585.
15506 15507 15587 15586.
15507 15508 15588 15587.
15508 15509 15589 15588.
15509 15510 15590 15589.
15510 15511 15591 15590.
15511 15512 15592 15591.
15512 15513 15593 15592.
15513 15514 15594 15593.
15514 15515 15595 15594.
15515 15516 15596 15595.
15516 15517 15597 15596.
15517 15518 15598 15597.
15518 15519 15599 15598.
15519 15520 15600 15599.
15520 15441 15521 15600.
15521 15522 15602 15601.
15522 15523 15603 15602.
15523 15524 15604 15603.
15524 15525 15605 15604.
15525 15526 15606 15605.
15526 15527 15607 15606.
15527 15528 15608 15607.
15528 15529 15609 15608.
15529 15530 15610 15609.
15530 15531 15611 15610.
15531 15532 15612 15611.
15532 15533 15613 15612.
15533 15534 15614 15613.
15534 15535 15615 15614.
15535 15536 15616 15615.
15536 15537 15617 15616.
15537 15538 15618 15617.
15538 15539 15619 15618.
15539 15540 15620 15619.
15540 15541 15621 15620.
15541 15542 15622 15621.
15542 15543 15623 15622.
15543 15544 15624 15623.
15544 15545 15625 15624.
15545 15546 15626 15625.
15546 15547 15627 15626.
15547 15548 15628 15627.
15548 15549 15629 15628.
15549 15550 15630 15629.
15550 15551 15631 15630.
15551 15552 15632 15631.
15552 15553 15633 15632.
15553 15554 15634 15633.
15554 15555 15635 15634.
15555 15556 15636 15635.
15556 15557 15637 15636.
15557 15558 15638 15637.
15558 15559 15639 15638.
15559 15560 15640 15639.
15560 15561 15641 15640.
15561 15562 15642 15641.
15562 15563 15643 15642.
15563 15564 15644 15643.
15564 15565 15645 15644.
15565 15566 15646 15645.
15566 15567 15647 15646.
15567 15568 15648 15647.
15568 15569 15649 15648.
15569 15570 15650 15649.
15570 15571 15651 15650.
15571 15572 15652 15651.
15572 15573 15653 15652.
15573 15574 15654 15653.
15574 15575 15655 15654.
15575 15576 15656 15655.
15576 15577 15657 15656.
15577 15578 15658 15657.
15578 15579 15659 15658.
15579 15580 15660 15659.
15580 15581 15661 15660.
15581 15582 15662 15661.
15582 15583 15663 15662.
15583 15584 15664 15663.
15584 15585 15665 15664.
15585 15586 15666 15665.
15586 15587 15667 15666.
15587 15588 15668 15667.
15588 15589 15669 15668.
15589 15590 15670 15669.
15590 15591 15671 15670.
15591 15592 15672 15671.
15592 15593 15673 15672.
15593 15594 15674 15673.
15594 15595 15675 15674.
15595 15596 15676 15675.
15596 15597 15677 15676.
15597 15598 15678 15677.
15598 15599 15679 15678.
15599 15600 15680 15679.
15600 15521 15601 15680.
15601 15602 15682 15681.
15602 15603 15683 15682.
15603 15604 15684 15683.
15604 15605 15685 15684.
15605 15606 15686 15685.
15606 15607 15687 15686.
15607 15608 15688 15687.
15608 15609 15689 15688.
15609 15610 15690 15689.
15610 15611 15691 15690.
15611 15612 15692 15691.
15612 15613 15693 15692.
15613 15614 15694 15693.
15614 15615 15695 15694.
15615 15616 15696 15695.
15616 15617 15697 15696.
15617 15618 15698 15697.
15618 15619 15699 15698.
15619 15620 15700 15699.
15620 15621 15701 15700.
15621 15622 15702 15701.
15622 15623 15703 15702.
15623 15624 15704 15703.
15624 15625 15705 15704.
15625 15626 15706 15705.
15626 15627 15707 15706.
15627 15628 15708 15707.
15628 15629 15709 15708.
15629 15630 15710 15709.
15630 15631 15711 15710.
15631 15632 15712 15711.
15632 15633 15713 15712.
15633 15634 15714 15713.
15634 15635 15715 15714.
15635 15636 15716 15715.
15636 15637 15717 15716.
15637 15638 15718 15717.
15638 15639 15719 15718.
15639 15640 15720 15719.
15640 15641 15721 15720.
15641 15642 15722 15721.
15642 15643 15723 15722.
15643 15644 15724 15723.
15644 15645 15725 15724.
15645 15646 15726 15725.
15646 15647 15727 15726.
15647 15648 15728 15727.
15648 15649 15729 15728.
15649 15650 15730 15729.
15650 15651 15731 15730.
15651 15652 15732 15731.
15652 15653 15733 15732.
15653 15654 15734 15733.
15654 15655 15735 15734.
15655 15656 15736 15735.
15656 15657 15737 15736.
15657 15658 15738 15737.
15658 15659 15739 15738.
15659 15660 15740 15739.
15660 15661 15741 15740.
15661 15662 15742 15741.
15662 15663 15743 15742.
15663 15664 15744 15743.
15664 15665 15745 15744.
15665 15666 15746 15745.
15666 15667 15747 15746.
15667 15668 15748 15747.
15668 15669 15749 15748.
15669 15670 15750 15749.
15670 15671 15751 15750.
15671 15672 15752 15751.
15672 15673 15753 15752.
15673 15674 15754 15753.
15674 15675 15755 15754.
15675 15676 15756 15755.
15676 15677 15757 15756.
15677 15678 15758 15757.
15678 15679 15759 15758.
15679 15680 15760 15759.
15680 15601 15681 15760.
15681 15682 15762 15761.
15682 15683 15763 15762.
15683 15684 15764 15763.
15684 15685 15765 15764.
15685 15686 15766 15765.
15686 15687 15767 15766.
15687 15688 15768 15767.
15688 15689 15769 15768.
15689 15690 15770 15769.
15690 15691 15771 15770.
15691 15692 15772 15771.
15692 15693 15773 15772.
15693 15694 15774 15773.
15694 15695 15775 15774.
15695 15696 15776 15775.
15696 15697 15777 15776.
15697 15698 15778 15777.
15698 15699 15779 15778.
15699 15700 15780 15779.
15700 15701 15781 15780.
15701 15702 15782 15781.
15702 15703 15783 15782.
15703 15704 15784 15783.
15704 15705 15785 15784.
15705 15706 15786 15785.
15706 15707 15787 15786.
15707 15708 15788 15787.
15708 15709 15789 15788.
15709 15710 15790 15789.
15710 15711 15791 15790.
15711 15712 15792 15791.
15712 15713 15793 15792.
15713 15714 15794 15793.
15714 15715 15795 15794.
15715 15716 15796 15795.
15716 15717 15797 15796.
15717 15718 15798 15797.
15718 15719 15799 15798.
15719 15720 15800 15799.
15720 15721 15801 15800.
15721 15722 15802 15801.
15722 15723 15803 15802.
15723 15724 15804 15803.
15724 15725 15805 15804.
15725 15726 15806 15805.
15726 15727 15807 15806.
15727 15728 15808 15807.
15728 15729 15809 15808.
15729 15730 15810 15809.
15730 15731 15811 15810.
15731 15732 15812 15811.
15732 15733 15813 15812.
15733 15734 15814 15813.
15734 15735 15815 15814.
15735 15736 15816 15815.
15736 15737 15817 15816.
15737 15738 15818 15817.
15738 15739 15819 15818.
15739 15740 15820 15819.
15740 15741 15821 15820.
15741 15742 15822 15821.
15742 15743 15823 15822.
15743 15744 15824 15823.
15744 15745 15825 15824.
15745 15746 15826 15825.
15746 15747 15827 15826.
15747 15748 15828 15827.
15748 15749 15829 15828.
15749 15750 15830 15829.
15750 15751 15831 15830.
15751 15752 15832 15831.
15752 15753 15833 15832.
15753 15754 15834 15833.
15754 15755 15835 15834.
15755 15756 15836 15835.
15756 15757 15837 15836.
15757 15758 15838 15837.
15758 15759 15839 15838.
15759 15760 15840 15839.
15760 15681 15761 15840.
15761 15762 15842 15841.
15762 15763 15843 15842.
15763 15764 15844 15843.
15764 15765 15845 15844.
15765 15766 15846 15845.
15766 15767 15847 15846.
15767 15768 15848 15847.
15768 15769 15849 15848.
15769 15770 15850 15849.
15770 15771 15851 15850.
15771 15772 15852 15851.
15772 15773 15853 15852.
15773 15774 15854 15853.
15774 15775 15855 15854.
15775 15776 15856 15855.
15776 15777 15857 15856.
15777 15778 15858 15857.
15778 15779 15859 15858.
15779 15780 15860 15859.
15780 15781 15861 15860.
15781 15782 15862 15861.
15782 15783 15863 15862.
15783 15784 15864 15863.
15784 15785 15865 15864.
15785 15786 15866 15865.
15786 15787 15867 15866.
15787 15788 15868 15867.
15788 15789 15869 15868.
15789 15790 15870 15869.
15790 15791 15871 15870.
15791 15792 15872 15871.
15792 15793 15873 15872.
15793 15794 15874 15873.
15794 15795 15875 15874.
15795 15796 15876 15875.
15796 15797 15877 15876.
15797 15798 15878 15877.
15798 15799 15879 15878.
15799 15800 15880 15879.
15800 15801 15881 15880.
15801 15802 15882 15881.
15802 15803 15883 15882.
15803 15804 15884 15883.
15804 15805 15885 15884.
15805 15806 15886 15885.
15806 15807 15887 15886.
15807 15808 15888 15887.
15808 15809 15889 15888.
15809 15810 15890 15889.
15810 15811 15891 15890.
15811 15812 15892 15891.
15812 15813 15893 15892.
15813 15814 15894 15893.
15814 15815 15895 15894.
15815 15816 15896 15895.
15816 15817 15897 15896.
15817 15818 15898 15897.
15818 15819 15899 15898.
15819 15820 15900 15899.
15820 15821 15901 15900.
15821 15822 15902 15901.
15822 15823 15903 15902.
15823 15824 15904 15903.
15824 15825 15905 15904.
15825 15826 15906 15905.
15826 15827 15907 15906.
15827 15828 15908 15907.
15828 15829 15909 15908.
15829 15830 15910 15909.
15830 15831 15911 15910.
15831 15832 15912 15911.
15832 15833 15913 15912.
15833 15834 15914 15913.
15834 15835 15915 15914.
15835 15836 15916 15915.
15836 15837 15917 15916.
15837 15838 15918 15917.
15838 15839 15919 15918.
15839 15840 15920 15919.
15840 15761 15841 15920.
15841 15842 15922 15921.
15842 15843 15923 15922.
15843 15844 15924 15923.
15844 15845 15925 15924.
15845 15846 15926 15925.
15846 15847 15927 15926.
15847 15848 15928 15927.
15848 15849 15929 15928.
15849 15850 15930 15929.
15850 15851 15931 15930.
15851 15852 15932 15931.
15852 15853 15933 15932.
15853 15854 15934 15933.
15854 15855 15935 15934.
15855 15856 15936 15935.
15856 15857 15937 15936.
15857 15858 15938 15937.
15858 15859 15939 15938.
15859 15860 15940 15939.
15860 15861 15941 15940.
15861 15862 15942 15941.
15862 15863 15943 15942.
15863 15864 15944 15943.
15864 15865 15945 15944.
15865 15866 15946 15945.
15866 15867 15947 15946.
15867 15868 15948 15947.
15868 15869 15949 15948.
15869 15870 15950 15949.
15870 15871 15951 15950.
15871 15872 15952 15951.
15872 15873 15953 15952.
15873 15874 15954 15953.
15874 15875 15955 15954.
15875 15876 15956 15955.
15876 15877 15957 15956.
15877 15878 15958 15957.
15878 15879 15959 15958.
15879 15880 15960 15959.
15880 15881 15961 15960.
15881 15882 15962 15961.
15882 15883 15963 15962.
15883 15884 15964 15963.
15884 15885 15965 15964.
15885 15886 15966 15965.
15886 15887 15967 15966.
15887 15888 15968 15967.
15888 15889 15969 15968.
15889 15890 15970 15969.
15890 15891 15971 15970.
15891 15892 15972 15971.
15892 15893 15973 15972.
15893 15894 15974 15973.
15894 15895 15975 15974.
15895 15896 15976 15975.
15896 15897 15977 15976.
15897 15898 15978 15977.
15898 15899 15979 15978.
15899 15900 15980 15979.
15900 15901 15981 15980.
15901 15902 15982 15981.
15902 15903 15983 15982.
15903 15904 15984 15983.
15904 15905 15985 15984.
15905 15906 15986 15985.
15906 15907 15987 15986.
15907 15908 15988 15987.
15908 15909 15989 15988.
15909 15910 15990 15989.
15910 15911 15991 15990.
15911 15912 15992 15991.
15912 15913 15993 15992.
15913 15914 15994 15993.
15914 15915 15995 15994.
15915 15916 15996 15995.
15916 15917 15997 15996.
15917 15918 15998 15997.
15918 15919 15999 15998.
15919 15920 16000 15999.
15920 15841 15921 16000.
15921 15922 2 1.
15922 15923 3 2.
15923 15924 4 3.
15924 15925 5 4.
15925 15926 6 5.
15926 15927 7 6.
15927 15928 8 7.
15928 15929 9 8.
15929 15930 10 9.
15930 15931 11 10.
15931 15932 12 11.
15932 15933 13 12.
15933 15934 14 13.
15934 15935 15 14.
15935 15936 16 15.
15936 15937 17 16.
15937 15938 18 17.
15938 15939 19 18.
15939 15940 20 19.
15940 15941 21 20.
15941 15942 22 21.
15942 15943 23 22.
15943 15944 24 23.
15944 15945 25 24.
15945 15946 26 25.
15946 15947 27 26.
15947 15948 28 27.
15948 15949 29 28.
15949 15950 30 29.
15950 15951 31 30.
15951 15952 32 31.
15952 15953 33 32.
15953 15954 34 33.
15954 15955 35 34.
15955 15956 36 35.
15956 15957 37 36.
15957 15958 38 37.
15958 15959 39 38.
15959 15960 40 39.
15960 15961 41 40.
15961 15962 42 41.
15962 15963 43 42.
15963 15964 44 43.
15964 15965 45 44.
15965 15966 46 45.
15966 15967 47 46.
15967 15968 48 47.
15968 15969 49 48.
15969 15970 50 49.
15970 15971 51 50.
15971 15972 52 51.
15972 15973 53 52.
15973 15974 54 53.
15974 15975 55 54.
15975 15976 56 55.
15976 15977 57 56.
15977 15978 58 57.
15978 15979 59 58.
15979 15980 60 59.
15980 15981 61 60.
15981 15982 62 61.
15982 15983 63 62.
15983 15984 64 63.
15984 15985 65 64.
15985 15986 66 65.
15986 15987 67 66.
15987 15988 68 67.
15988 15989 69 68.
15989 15990 70 69.
15990 15991 71 70.
15991 15992 72 71.
15992 15993 73 72.
15993 15994 74 73.
15994 15995 75 74.
15995 15996 76 75.
15996 15997 77 76.
15997 15998 78 77.
15998 15999 79 78.
15999 16000 80 79.
16000 15921 1 80.
